attack_id,image_id,target_class,clean_image,patched_image,clean_detected,patched_detected,clean_confidence,patched_confidence,clean_bbox,patched_bbox,clean_iou,patched_iou,confidence_drop,iou_drop,eligible,attack_success,clean_prediction_count,patched_prediction_count,inference_time_ms_clean,inference_time_ms_patched
attack_05,2153,person,D:\project CS\RT-DETRv2-COCO-Attack\source_data\attack_05\clean_images\000000002153.jpg,D:\project CS\RT-DETRv2-COCO-Attack\source_data\attack_05\patched_images\000000002153.jpg,True,True,0.9295693635940552,0.9327331185340881,"[281.420166015625, 277.5711669921875, 466.1770935058594, 447.45965576171875]","[281.94683837890625, 277.285888671875, 466.0934753417969, 447.4267272949219]",0.9588622505793233,0.9629317207729629,-0.003163754940032959,-0.004069470193639568,True,False,300,300,54.427000002760906,54.28449999453733
attack_05,2299,person,D:\project CS\RT-DETRv2-COCO-Attack\source_data\attack_05\clean_images\000000002299.jpg,D:\project CS\RT-DETRv2-COCO-Attack\source_data\attack_05\patched_images\000000002299.jpg,False,False,,,,,,,,,False,False,300,300,55.86919999768725,55.228099998203106
attack_05,2532,person,D:\project CS\RT-DETRv2-COCO-Attack\source_data\attack_05\clean_images\000000002532.jpg,D:\project CS\RT-DETRv2-COCO-Attack\source_data\attack_05\patched_images\000000002532.jpg,True,True,0.9344651103019714,0.9326352477073669,"[182.7509307861328, 304.4381103515625, 285.805908203125, 477.80938720703125]","[182.38475036621094, 304.54339599609375, 285.06292724609375, 477.4900817871094]",0.9571048213244475,0.9629754852172145,0.0018298625946044922,-0.005870663892767025,True,False,300,300,54.93449999630684,54.11140000069281
attack_05,4395,person,D:\project CS\RT-DETRv2-COCO-Attack\source_data\attack_05\clean_images\000000004395.jpg,D:\project CS\RT-DETRv2-COCO-Attack\source_data\attack_05\patched_images\000000004395.jpg,True,True,0.9747510552406311,0.9755841493606567,"[-0.025002658367156982, 0.4598808288574219, 424.96673583984375, 635.6940307617188]","[-0.14320164918899536, 0.19428253173828125, 424.84478759765625, 635.7593383789062]",0.9904841682040131,0.9896151301820046,-0.0008330941200256348,0.0008690380220084393,True,False,300,300,55.62849999842001,55.990200002270285
attack_05,5060,person,D:\project CS\RT-DETRv2-COCO-Attack\source_data\attack_05\clean_images\000000005060.jpg,D:\project CS\RT-DETRv2-COCO-Attack\source_data\attack_05\patched_images\000000005060.jpg,True,True,0.9501392245292664,0.947381317615509,"[159.83877563476562, 308.28350830078125, 325.6292724609375, 499.32373046875]","[159.58570861816406, 308.31988525390625, 325.7598876953125, 499.2735595703125]",0.9773853719408879,0.9785468800074829,0.0027579069137573242,-0.001161508066594985,True,False,300,300,54.091300000436604,54.10969999502413
attack_05,6471,person,D:\project CS\RT-DETRv2-COCO-Attack\source_data\attack_05\clean_images\000000006471.jpg,D:\project CS\RT-DETRv2-COCO-Attack\source_data\attack_05\patched_images\000000006471.jpg,True,True,0.945383608341217,0.9429643750190735,"[267.331787109375, 74.68755340576172, 353.5503845214844, 298.787353515625]","[267.48138427734375, 74.90617370605469, 354.0079040527344, 298.7647705078125]",0.8544657872888107,0.8547967509026981,0.0024192333221435547,-0.0003309636138874028,True,False,300,300,54.48269999760669,54.51020000327844
attack_05,9891,car,D:\project CS\RT-DETRv2-COCO-Attack\source_data\attack_05\clean_images\000000009891.jpg,D:\project CS\RT-DETRv2-COCO-Attack\source_data\attack_05\patched_images\000000009891.jpg,True,True,0.9125637412071228,0.893258810043335,"[357.8446960449219, 89.97408294677734, 639.92529296875, 315.39788818359375]","[357.3538513183594, 89.97789001464844, 639.8970947265625, 314.4206237792969]",0.7176377334751898,0.7211519439654113,0.019304931163787842,-0.003514210490221492,True,False,300,300,55.15369999920949,55.09329999767942
attack_05,15335,person,D:\project CS\RT-DETRv2-COCO-Attack\source_data\attack_05\clean_images\000000015335.jpg,D:\project CS\RT-DETRv2-COCO-Attack\source_data\attack_05\patched_images\000000015335.jpg,True,True,0.8934873938560486,0.8716405630111694,"[364.1297607421875, 16.21710777282715, 639.8073120117188, 477.4419860839844]","[373.8230895996094, 15.93134880065918, 639.683349609375, 476.5271911621094]",0.9819922092788912,0.9621066338640307,0.02184683084487915,0.019885575414860468,True,False,300,300,56.33710000256542,57.003800000529736
attack_05,15338,car,D:\project CS\RT-DETRv2-COCO-Attack\source_data\attack_05\clean_images\000000015338.jpg,D:\project CS\RT-DETRv2-COCO-Attack\source_data\attack_05\patched_images\000000015338.jpg,True,True,0.4380539059638977,0.4507780969142914,"[0.18478870391845703, 187.82080078125, 32.61265182495117, 216.62054443359375]","[0.29112815856933594, 187.88966369628906, 32.0764274597168, 216.17991638183594]",0.9034439506563378,0.8975873449112173,-0.012724190950393677,0.00585660574512048,True,False,300,300,54.683900001691654,54.3080000061309
attack_05,15956,person,D:\project CS\RT-DETRv2-COCO-Attack\source_data\attack_05\clean_images\000000015956.jpg,D:\project CS\RT-DETRv2-COCO-Attack\source_data\attack_05\patched_images\000000015956.jpg,True,True,0.9517784714698792,0.9538547396659851,"[370.821533203125, 139.0328826904297, 446.90399169921875, 339.1934509277344]","[370.59478759765625, 139.18820190429688, 447.0355224609375, 339.1272888183594]",0.9162590423700596,0.9170550356514944,-0.002076268196105957,-0.0007959932814347592,True,False,300,300,53.8961999991443,54.58169999474194
attack_05,17029,car,D:\project CS\RT-DETRv2-COCO-Attack\source_data\attack_05\clean_images\000000017029.jpg,D:\project CS\RT-DETRv2-COCO-Attack\source_data\attack_05\patched_images\000000017029.jpg,True,True,0.8482272028923035,0.9453381299972534,"[52.758121490478516, 25.525001525878906, 563.2025146484375, 175.76104736328125]","[53.65425109863281, 24.889263153076172, 563.2338256835938, 176.41238403320312]",0.9625364343050905,0.96444723070314,-0.09711092710494995,-0.0019107963980494747,True,False,300,300,54.52710000099614,54.99950000375975
attack_05,17178,car,D:\project CS\RT-DETRv2-COCO-Attack\source_data\attack_05\clean_images\000000017178.jpg,D:\project CS\RT-DETRv2-COCO-Attack\source_data\attack_05\patched_images\000000017178.jpg,True,True,0.9294669032096863,0.9351873397827148,"[433.52276611328125, 107.7143325805664, 639.8374633789062, 421.5361022949219]","[433.43243408203125, 107.75935363769531, 639.8295288085938, 421.58221435546875]",0.9796577685458299,0.9794809396795923,-0.0057204365730285645,0.00017682886623759941,True,False,300,300,54.96599999605678,54.03899999510031
attack_05,17379,person,D:\project CS\RT-DETRv2-COCO-Attack\source_data\attack_05\clean_images\000000017379.jpg,D:\project CS\RT-DETRv2-COCO-Attack\source_data\attack_05\patched_images\000000017379.jpg,True,True,0.617721438407898,0.6307117938995361,"[216.0470428466797, 232.98849487304688, 262.69476318359375, 316.12750244140625]","[215.33827209472656, 233.29702758789062, 262.46441650390625, 315.70318603515625]",0.9535443988884521,0.9418755212940085,-0.012990355491638184,0.011668877594443572,True,False,300,300,54.96510000375565,54.33169999741949
attack_05,18837,car,D:\project CS\RT-DETRv2-COCO-Attack\source_data\attack_05\clean_images\000000018837.jpg,D:\project CS\RT-DETRv2-COCO-Attack\source_data\attack_05\patched_images\000000018837.jpg,True,True,0.7153945565223694,0.7560315132141113,"[589.24365234375, 258.541748046875, 623.6190185546875, 296.364990234375]","[589.7991333007812, 259.1752624511719, 623.5850219726562, 295.67779541015625]",0.7495206620875138,0.732741248518935,-0.04063695669174194,0.016779413568578816,True,False,300,300,55.165500001749024,54.33649999758927
attack_05,19432,person,D:\project CS\RT-DETRv2-COCO-Attack\source_data\attack_05\clean_images\000000019432.jpg,D:\project CS\RT-DETRv2-COCO-Attack\source_data\attack_05\patched_images\000000019432.jpg,True,True,0.9453110694885254,0.9481939077377319,"[55.651878356933594, 25.82686996459961, 208.30499267578125, 434.33984375]","[52.79914855957031, 26.0288143157959, 208.6848602294922, 435.2119445800781]",0.9816418269345636,0.9694346928761776,-0.002882838249206543,0.012207134058386027,True,False,300,300,54.82089999713935,54.82510000001639
attack_05,19924,person,D:\project CS\RT-DETRv2-COCO-Attack\source_data\attack_05\clean_images\000000019924.jpg,D:\project CS\RT-DETRv2-COCO-Attack\source_data\attack_05\patched_images\000000019924.jpg,True,True,0.96859210729599,0.9712475538253784,"[17.343828201293945, 28.598949432373047, 448.8623352050781, 496.96343994140625]","[17.085811614990234, 28.492719650268555, 448.71759033203125, 496.9147033691406]",0.9856670140910211,0.9858038690527361,-0.0026554465293884277,-0.000136854961715005,True,False,300,300,55.90169999777572,56.091999998898245
attack_05,20992,person,D:\project CS\RT-DETRv2-COCO-Attack\source_data\attack_05\clean_images\000000020992.jpg,D:\project CS\RT-DETRv2-COCO-Attack\source_data\attack_05\patched_images\000000020992.jpg,True,True,0.9661126136779785,0.9583357572555542,"[0.09903311729431152, 0.654360294342041, 500.0221862792969, 330.8493957519531]","[0.3653615713119507, 0.21842113137245178, 499.3809509277344, 330.98504638671875]",0.9926780654029362,0.991295056178477,0.007776856422424316,0.0013830092244592196,True,False,300,300,55.95309999625897,56.167299997468945
attack_05,21839,car,D:\project CS\RT-DETRv2-COCO-Attack\source_data\attack_05\clean_images\000000021839.jpg,D:\project CS\RT-DETRv2-COCO-Attack\source_data\attack_05\patched_images\000000021839.jpg,True,True,0.6909421682357788,0.6322428584098816,"[-0.022569000720977783, 461.5296630859375, 28.577463150024414, 517.8727416992188]","[0.06318926811218262, 468.94293212890625, 24.663530349731445, 517.9808349609375]",0.7983772097504811,0.5985367459678291,0.05869930982589722,0.19984046378265197,True,False,300,300,54.245800005446654,54.51669999456499
attack_05,21879,person,D:\project CS\RT-DETRv2-COCO-Attack\source_data\attack_05\clean_images\000000021879.jpg,D:\project CS\RT-DETRv2-COCO-Attack\source_data\attack_05\patched_images\000000021879.jpg,True,True,0.9501028060913086,0.9454232454299927,"[275.77459716796875, 77.31612396240234, 405.9935302734375, 303.9562683105469]","[275.6604309082031, 77.28897094726562, 405.93389892578125, 304.0464172363281]",0.9692788083987266,0.9708326407728376,0.004679560661315918,-0.0015538323741109972,True,False,300,300,54.768300004070625,55.35979999694973
attack_05,21903,person,D:\project CS\RT-DETRv2-COCO-Attack\source_data\attack_05\clean_images\000000021903.jpg,D:\project CS\RT-DETRv2-COCO-Attack\source_data\attack_05\patched_images\000000021903.jpg,True,True,0.9431104063987732,0.9385223984718323,"[327.11163330078125, 223.16944885253906, 553.0335083007812, 477.9816589355469]","[325.9057312011719, 223.23818969726562, 553.0039672851562, 477.67388916015625]",0.9424859336100864,0.9389913427285022,0.004588007926940918,0.003494590881584214,True,False,300,300,55.15799999557203,55.07230000512209
attack_05,22755,car,D:\project CS\RT-DETRv2-COCO-Attack\source_data\attack_05\clean_images\000000022755.jpg,D:\project CS\RT-DETRv2-COCO-Attack\source_data\attack_05\patched_images\000000022755.jpg,True,True,0.39823925495147705,0.6837887167930603,"[363.96478271484375, 225.66722106933594, 421.3243103027344, 252.4011688232422]","[364.20770263671875, 226.51075744628906, 421.423583984375, 252.80747985839844]",0.8339264597466617,0.8684444406541926,-0.28554946184158325,-0.03451798090753089,True,False,300,300,54.12169999908656,54.29390000062995
attack_05,23272,car,D:\project CS\RT-DETRv2-COCO-Attack\source_data\attack_05\clean_images\000000023272.jpg,D:\project CS\RT-DETRv2-COCO-Attack\source_data\attack_05\patched_images\000000023272.jpg,True,True,0.9488325715065002,0.9290207624435425,"[0.34999847412109375, 1.0312423706054688, 500.3473815917969, 372.57891845703125]","[0.3676414489746094, 0.7395409345626831, 500.3594055175781, 372.7752380371094]",0.9909193484559565,0.991118460067569,0.019811809062957764,-0.00019911161161245694,True,False,300,300,56.11839999619406,56.203399995865766
attack_05,25393,car,D:\project CS\RT-DETRv2-COCO-Attack\source_data\attack_05\clean_images\000000025393.jpg,D:\project CS\RT-DETRv2-COCO-Attack\source_data\attack_05\patched_images\000000025393.jpg,True,True,0.8963434100151062,0.8220791816711426,"[0.21167993545532227, 197.37669372558594, 73.93634796142578, 241.20425415039062]","[0.21955490112304688, 197.2422637939453, 73.5157470703125, 240.926025390625]",0.6521234327707747,0.6580948428472737,0.07426422834396362,-0.00597141007649904,True,False,300,300,54.5399999973597,55.06039999454515
attack_05,26204,car,D:\project CS\RT-DETRv2-COCO-Attack\source_data\attack_05\clean_images\000000026204.jpg,D:\project CS\RT-DETRv2-COCO-Attack\source_data\attack_05\patched_images\000000026204.jpg,True,True,0.9514064788818359,0.9519014954566956,"[163.74473571777344, 245.9686279296875, 291.9891357421875, 332.18212890625]","[163.72604370117188, 245.88784790039062, 291.8995666503906, 332.3443908691406]",0.9543706640920536,0.9543222152283865,-0.0004950165748596191,4.844886366717205e-05,True,False,300,300,53.98340000101598,54.74820000381442
attack_05,26465,person,D:\project CS\RT-DETRv2-COCO-Attack\source_data\attack_05\clean_images\000000026465.jpg,D:\project CS\RT-DETRv2-COCO-Attack\source_data\attack_05\patched_images\000000026465.jpg,True,True,0.8387512564659119,0.8425437211990356,"[0.3131479024887085, 0.8121952414512634, 132.85533142089844, 301.832275390625]","[0.4384666681289673, 1.0011122226715088, 133.40231323242188, 303.08685302734375]",0.9672805601325144,0.9580021230817959,-0.0037924647331237793,0.009278437050718513,True,False,300,300,55.86369999946328,56.29339999723015
attack_05,26926,car,D:\project CS\RT-DETRv2-COCO-Attack\source_data\attack_05\clean_images\000000026926.jpg,D:\project CS\RT-DETRv2-COCO-Attack\source_data\attack_05\patched_images\000000026926.jpg,True,True,0.7496687769889832,0.7014898657798767,"[133.32054138183594, 158.32821655273438, 210.42477416992188, 256.0131530761719]","[133.17161560058594, 158.4145965576172, 210.092529296875, 255.98193359375]",0.8430714932841022,0.846099303528423,0.048178911209106445,-0.00302781024432075,True,False,300,300,54.63059999601683,55.45220000203699
attack_05,27768,car,D:\project CS\RT-DETRv2-COCO-Attack\source_data\attack_05\clean_images\000000027768.jpg,D:\project CS\RT-DETRv2-COCO-Attack\source_data\attack_05\patched_images\000000027768.jpg,True,True,0.3941586911678314,0.5115709900856018,"[578.852783203125, 372.8581848144531, 611.6488647460938, 458.34478759765625]","[579.38720703125, 373.26409912109375, 611.8529663085938, 432.3078918457031]",0.8224487973832981,0.607837716456681,-0.11741229891777039,0.21461108092661707,True,False,300,300,53.8959999976214,53.96340000152122
attack_05,31093,person,D:\project CS\RT-DETRv2-COCO-Attack\source_data\attack_05\clean_images\000000031093.jpg,D:\project CS\RT-DETRv2-COCO-Attack\source_data\attack_05\patched_images\000000031093.jpg,True,True,0.9524168968200684,0.9470954537391663,"[219.67800903320312, 81.78964233398438, 445.05816650390625, 330.9033203125]","[220.15655517578125, 81.69255828857422, 444.87579345703125, 330.02862548828125]",0.9445140901151442,0.9452871524063902,0.0053214430809021,-0.0007730622912459628,True,False,300,300,54.594000001088716,54.18939999799477
attack_05,32334,car,D:\project CS\RT-DETRv2-COCO-Attack\source_data\attack_05\clean_images\000000032334.jpg,D:\project CS\RT-DETRv2-COCO-Attack\source_data\attack_05\patched_images\000000032334.jpg,True,False,0.3305060565471649,,"[586.1729125976562, 135.17892456054688, 632.64013671875, 166.9652099609375]",,0.7365996017025822,,,,True,True,300,300,55.67660000087926,55.097100004786626
attack_05,34452,person,D:\project CS\RT-DETRv2-COCO-Attack\source_data\attack_05\clean_images\000000034452.jpg,D:\project CS\RT-DETRv2-COCO-Attack\source_data\attack_05\patched_images\000000034452.jpg,True,True,0.9461191296577454,0.9453915953636169,"[323.25970458984375, 180.0785369873047, 408.5956115722656, 313.5268249511719]","[323.1543273925781, 179.93487548828125, 408.52984619140625, 313.59735107421875]",0.8946059408479777,0.8977843224271869,0.000727534294128418,-0.003178381579209133,True,False,300,300,54.82009999832371,54.78210000001127
attack_05,36539,person,D:\project CS\RT-DETRv2-COCO-Attack\source_data\attack_05\clean_images\000000036539.jpg,D:\project CS\RT-DETRv2-COCO-Attack\source_data\attack_05\patched_images\000000036539.jpg,True,True,0.9367860555648804,0.9336616396903992,"[174.86058044433594, 296.3522644042969, 259.864990234375, 534.74365234375]","[174.89480590820312, 296.0371398925781, 259.87298583984375, 534.360107421875]",0.8626825026579321,0.8647828450269278,0.003124415874481201,-0.0021003423689957,True,False,300,300,54.444599998532794,54.381000001740176
attack_05,37670,person,D:\project CS\RT-DETRv2-COCO-Attack\source_data\attack_05\clean_images\000000037670.jpg,D:\project CS\RT-DETRv2-COCO-Attack\source_data\attack_05\patched_images\000000037670.jpg,True,True,0.9202060699462891,0.9309229254722595,"[448.99456787109375, 17.012807846069336, 640.31298828125, 181.12203979492188]","[437.80804443359375, 16.59916114807129, 640.146240234375, 181.06695556640625]",0.8789231292130234,0.9265118650372433,-0.010716855525970459,-0.04758873582421985,True,False,300,300,55.83999999362277,55.92770000657765
attack_05,37988,person,D:\project CS\RT-DETRv2-COCO-Attack\source_data\attack_05\clean_images\000000037988.jpg,D:\project CS\RT-DETRv2-COCO-Attack\source_data\attack_05\patched_images\000000037988.jpg,True,True,0.9486154913902283,0.9476414322853088,"[307.55596923828125, 151.7700958251953, 406.473388671875, 454.5157775878906]","[307.39569091796875, 150.74520874023438, 406.61492919921875, 454.4620361328125]",0.9470864769076021,0.951016424868177,0.0009740591049194336,-0.003929947960574887,True,False,300,300,54.87670000002254,54.61809999542311
attack_05,39484,car,D:\project CS\RT-DETRv2-COCO-Attack\source_data\attack_05\clean_images\000000039484.jpg,D:\project CS\RT-DETRv2-COCO-Attack\source_data\attack_05\patched_images\000000039484.jpg,True,True,0.9268678426742554,0.9311861395835876,"[35.575416564941406, 364.6031188964844, 267.3245849609375, 436.4139404296875]","[35.51457214355469, 364.5287780761719, 267.1163635253906, 436.3176574707031]",0.969027187990697,0.9673416695539122,-0.004318296909332275,0.001685518436784772,True,False,300,300,54.76269999780925,54.647299999487586
attack_05,41633,car,D:\project CS\RT-DETRv2-COCO-Attack\source_data\attack_05\clean_images\000000041633.jpg,D:\project CS\RT-DETRv2-COCO-Attack\source_data\attack_05\patched_images\000000041633.jpg,True,True,0.7780271172523499,0.7411487698554993,"[562.5670776367188, 327.6102600097656, 617.6389770507812, 369.74029541015625]","[564.406494140625, 327.6739501953125, 620.0366821289062, 368.80059814453125]",0.7914503939294497,0.7804330651661455,0.036878347396850586,0.01101732876330419,True,False,300,300,55.15369999920949,54.885099998500664
attack_05,42102,person,D:\project CS\RT-DETRv2-COCO-Attack\source_data\attack_05\clean_images\000000042102.jpg,D:\project CS\RT-DETRv2-COCO-Attack\source_data\attack_05\patched_images\000000042102.jpg,True,True,0.9691684246063232,0.9703525900840759,"[16.651817321777344, 4.069557189941406, 245.6681671142578, 631.1050415039062]","[16.810834884643555, 4.316596984863281, 245.53814697265625, 630.4625854492188]",0.9533913475614709,0.9559522157376678,-0.0011841654777526855,-0.002560868176196829,True,False,300,300,55.809099998441525,61.211799999000505
attack_05,43435,person,D:\project CS\RT-DETRv2-COCO-Attack\source_data\attack_05\clean_images\000000043435.jpg,D:\project CS\RT-DETRv2-COCO-Attack\source_data\attack_05\patched_images\000000043435.jpg,True,True,0.8614916801452637,0.8267848491668701,"[183.29745483398438, 428.0177307128906, 214.9810791015625, 474.29541015625]","[183.0386199951172, 428.0888366699219, 215.69993591308594, 475.863037109375]",0.8513719530477714,0.8446883440026643,0.034706830978393555,0.0066836090451070085,True,False,300,300,54.33610000181943,53.650599998945836
attack_05,43737,car,D:\project CS\RT-DETRv2-COCO-Attack\source_data\attack_05\clean_images\000000043737.jpg,D:\project CS\RT-DETRv2-COCO-Attack\source_data\attack_05\patched_images\000000043737.jpg,True,True,0.2514527142047882,0.5140179395675659,"[112.25286865234375, 414.8611755371094, 190.4580078125, 452.40582275390625]","[112.00850677490234, 414.7076721191406, 192.0911102294922, 451.158935546875]",0.8934845580849222,0.8794809359484707,-0.2625652253627777,0.014003622136451566,True,False,300,300,54.12290000094799,54.36589999590069
attack_05,44590,car,D:\project CS\RT-DETRv2-COCO-Attack\source_data\attack_05\clean_images\000000044590.jpg,D:\project CS\RT-DETRv2-COCO-Attack\source_data\attack_05\patched_images\000000044590.jpg,False,False,,,,,,,,,False,False,300,300,54.09010000585113,54.4787000035285
attack_05,45070,person,D:\project CS\RT-DETRv2-COCO-Attack\source_data\attack_05\clean_images\000000045070.jpg,D:\project CS\RT-DETRv2-COCO-Attack\source_data\attack_05\patched_images\000000045070.jpg,True,True,0.9260603189468384,0.927444577217102,"[103.04637908935547, 41.697296142578125, 437.8300476074219, 587.394287109375]","[103.39229583740234, 41.91161346435547, 437.07989501953125, 588.9503784179688]",0.7912331670223385,0.7911994274502558,-0.0013842582702636719,3.3739572082636116e-05,True,False,300,300,55.48659999476513,55.671199996140786
attack_05,45596,person,D:\project CS\RT-DETRv2-COCO-Attack\source_data\attack_05\clean_images\000000045596.jpg,D:\project CS\RT-DETRv2-COCO-Attack\source_data\attack_05\patched_images\000000045596.jpg,True,True,0.8206967115402222,0.7853307723999023,"[61.21839904785156, 398.26727294921875, 81.88013458251953, 437.4165344238281]","[61.47043991088867, 398.470703125, 81.70352172851562, 437.23388671875]",0.8902960878144794,0.863228099045923,0.035365939140319824,0.027067988768556428,True,False,300,300,54.11699999967823,54.65530000219587
attack_05,46497,person,D:\project CS\RT-DETRv2-COCO-Attack\source_data\attack_05\clean_images\000000046497.jpg,D:\project CS\RT-DETRv2-COCO-Attack\source_data\attack_05\patched_images\000000046497.jpg,True,True,0.8621623516082764,0.81379634141922,"[131.1280059814453, 53.24431228637695, 329.8179016113281, 330.1667785644531]","[131.42044067382812, 52.58959197998047, 330.2642822265625, 329.9756774902344]",0.9653167847327602,0.9672812583013647,0.048366010189056396,-0.001964473568604519,True,False,300,300,55.91080000158399,56.22109999967506
attack_05,48564,person,D:\project CS\RT-DETRv2-COCO-Attack\source_data\attack_05\clean_images\000000048564.jpg,D:\project CS\RT-DETRv2-COCO-Attack\source_data\attack_05\patched_images\000000048564.jpg,True,True,0.9749743342399597,0.9767850041389465,"[0.09923416376113892, 0.9209442138671875, 427.0528259277344, 635.150390625]","[0.10078668594360352, 0.7970046997070312, 427.0823974609375, 634.8380126953125]",0.9769518184164359,0.9771780429724914,-0.0018106698989868164,-0.00022622455605558756,True,False,300,300,55.857400002423674,55.88739999802783
attack_05,51314,person,D:\project CS\RT-DETRv2-COCO-Attack\source_data\attack_05\clean_images\000000051314.jpg,D:\project CS\RT-DETRv2-COCO-Attack\source_data\attack_05\patched_images\000000051314.jpg,True,True,0.957160472869873,0.9606111645698547,"[225.1477813720703, 42.8594970703125, 451.9012451171875, 345.1683654785156]","[224.978515625, 42.876319885253906, 452.16259765625, 343.9631042480469]",0.9387614880440543,0.9406504946340344,-0.0034506916999816895,-0.0018890065899800357,True,False,300,300,55.66800000087824,55.95810000522761
attack_05,52412,car,D:\project CS\RT-DETRv2-COCO-Attack\source_data\attack_05\clean_images\000000052412.jpg,D:\project CS\RT-DETRv2-COCO-Attack\source_data\attack_05\patched_images\000000052412.jpg,False,False,,,,,,,,,False,False,300,300,53.9344000062556,53.773899999214336
attack_05,54593,car,D:\project CS\RT-DETRv2-COCO-Attack\source_data\attack_05\clean_images\000000054593.jpg,D:\project CS\RT-DETRv2-COCO-Attack\source_data\attack_05\patched_images\000000054593.jpg,True,True,0.9185556769371033,0.8645896315574646,"[112.6402587890625, 72.54077911376953, 310.7386474609375, 182.48004150390625]","[114.36966705322266, 73.98504638671875, 310.7507019042969, 181.44247436523438]",0.9610778169236267,0.9558985138794815,0.05396604537963867,0.005179303044145156,True,False,300,300,54.90019999706419,55.30929999804357
attack_05,54967,car,D:\project CS\RT-DETRv2-COCO-Attack\source_data\attack_05\clean_images\000000054967.jpg,D:\project CS\RT-DETRv2-COCO-Attack\source_data\attack_05\patched_images\000000054967.jpg,False,False,,,,,,,,,False,False,300,300,54.338399997504894,53.86999999609543
attack_05,55150,car,D:\project CS\RT-DETRv2-COCO-Attack\source_data\attack_05\clean_images\000000055150.jpg,D:\project CS\RT-DETRv2-COCO-Attack\source_data\attack_05\patched_images\000000055150.jpg,True,True,0.2566450536251068,0.6296032071113586,"[427.8674011230469, -0.5159187912940979, 639.83056640625, 422.54522705078125]","[418.74847412109375, 0.2457016110420227, 639.927978515625, 421.6143798828125]",0.8933623401053681,0.8603622739198853,-0.37295815348625183,0.03300006618548279,True,False,300,300,55.23499999981141,55.131599998276215
attack_05,66038,person,D:\project CS\RT-DETRv2-COCO-Attack\source_data\attack_05\clean_images\000000066038.jpg,D:\project CS\RT-DETRv2-COCO-Attack\source_data\attack_05\patched_images\000000066038.jpg,True,True,0.8997321724891663,0.896724283695221,"[269.227783203125, 242.726318359375, 330.3851623535156, 349.9149475097656]","[269.650146484375, 243.02481079101562, 330.9405517578125, 350.082763671875]",0.9392714383104241,0.9257293134943888,0.0030078887939453125,0.013542124816035339,True,False,300,300,55.06819999573054,54.84749999595806
attack_05,66231,person,D:\project CS\RT-DETRv2-COCO-Attack\source_data\attack_05\clean_images\000000066231.jpg,D:\project CS\RT-DETRv2-COCO-Attack\source_data\attack_05\patched_images\000000066231.jpg,True,True,0.9415497779846191,0.9380979537963867,"[330.29254150390625, 135.66807556152344, 446.86663818359375, 422.31890869140625]","[330.34381103515625, 135.75845336914062, 446.5444641113281, 421.6599426269531]",0.9391383862879845,0.9403176382640236,0.003451824188232422,-0.0011792519760390752,True,False,300,300,55.039300001226366,55.16830000124173
attack_05,66771,person,D:\project CS\RT-DETRv2-COCO-Attack\source_data\attack_05\clean_images\000000066771.jpg,D:\project CS\RT-DETRv2-COCO-Attack\source_data\attack_05\patched_images\000000066771.jpg,True,True,0.967322051525116,0.970294713973999,"[0.2979087829589844, 0.6390094757080078, 343.5494384765625, 401.5999755859375]","[0.23118972778320312, 0.7764101028442383, 343.5400390625, 402.0931396484375]",0.9323346902041835,0.9329621660192003,-0.0029726624488830566,-0.0006274758150168758,True,False,300,300,55.37370000092778,55.352199997287244
attack_05,67213,car,D:\project CS\RT-DETRv2-COCO-Attack\source_data\attack_05\clean_images\000000067213.jpg,D:\project CS\RT-DETRv2-COCO-Attack\source_data\attack_05\patched_images\000000067213.jpg,True,True,0.8249809145927429,0.8222795128822327,"[0.31607627868652344, 306.0389709472656, 201.92176818847656, 409.94268798828125]","[0.27324676513671875, 305.5115661621094, 201.89605712890625, 410.0847473144531]",0.9492005723053257,0.9551042236466739,0.002701401710510254,-0.005903651341348182,True,False,300,300,54.78959999891231,54.82240000128513
attack_05,67616,car,D:\project CS\RT-DETRv2-COCO-Attack\source_data\attack_05\clean_images\000000067616.jpg,D:\project CS\RT-DETRv2-COCO-Attack\source_data\attack_05\patched_images\000000067616.jpg,True,True,0.9433116316795349,0.929410457611084,"[392.5699462890625, 341.4597473144531, 538.6761474609375, 444.4657287597656]","[392.79376220703125, 341.2768859863281, 538.6552734375, 444.45001220703125]",0.967056696662266,0.9672468853413279,0.013901174068450928,-0.00019018867906184234,True,False,300,300,54.26359999546548,54.8930000004475
attack_05,73153,person,D:\project CS\RT-DETRv2-COCO-Attack\source_data\attack_05\clean_images\000000073153.jpg,D:\project CS\RT-DETRv2-COCO-Attack\source_data\attack_05\patched_images\000000073153.jpg,True,True,0.9455164670944214,0.9430779814720154,"[201.8668212890625, 22.493515014648438, 400.78076171875, 636.8112182617188]","[201.94876098632812, 22.194805145263672, 400.7552490234375, 636.896484375]",0.9396509668510913,0.9404635720887925,0.002438485622406006,-0.0008126052377012138,True,False,300,300,55.22610000480199,55.254899998544715
attack_05,73946,person,D:\project CS\RT-DETRv2-COCO-Attack\source_data\attack_05\clean_images\000000073946.jpg,D:\project CS\RT-DETRv2-COCO-Attack\source_data\attack_05\patched_images\000000073946.jpg,True,True,0.9184726476669312,0.9229211211204529,"[354.93408203125, 66.82252502441406, 639.2333984375, 424.118408203125]","[358.0908203125, 66.97317504882812, 639.1631469726562, 424.28173828125]",0.9684848686946909,0.9790510816786344,-0.0044484734535217285,-0.010566212983943557,True,False,300,300,55.746099998941645,56.51719999877969
attack_05,74058,car,D:\project CS\RT-DETRv2-COCO-Attack\source_data\attack_05\clean_images\000000074058.jpg,D:\project CS\RT-DETRv2-COCO-Attack\source_data\attack_05\patched_images\000000074058.jpg,True,True,0.9030606746673584,0.9040746092796326,"[581.1099243164062, 203.1204376220703, 639.9246826171875, 346.59869384765625]","[581.1542358398438, 202.69847106933594, 639.9256591796875, 346.97430419921875]",0.9193758782617819,0.9197776930364948,-0.00101393461227417,-0.0004018147747129053,True,False,300,300,55.16949999582721,55.0329999969108
attack_05,76417,car,D:\project CS\RT-DETRv2-COCO-Attack\source_data\attack_05\clean_images\000000076417.jpg,D:\project CS\RT-DETRv2-COCO-Attack\source_data\attack_05\patched_images\000000076417.jpg,True,True,0.8608797788619995,0.8606609106063843,"[184.7578125, 150.08560180664062, 640.0001220703125, 472.2887268066406]","[184.93589782714844, 150.32749938964844, 639.667724609375, 472.66265869140625]",0.9709585212247612,0.9702362590722744,0.00021886825561523438,0.00072226215248683,True,False,300,300,55.21930000395514,55.496300003142096
attack_05,77460,person,D:\project CS\RT-DETRv2-COCO-Attack\source_data\attack_05\clean_images\000000077460.jpg,D:\project CS\RT-DETRv2-COCO-Attack\source_data\attack_05\patched_images\000000077460.jpg,False,False,,,,,,,,,False,False,300,300,54.09689999942202,54.00799999915762
attack_05,78748,person,D:\project CS\RT-DETRv2-COCO-Attack\source_data\attack_05\clean_images\000000078748.jpg,D:\project CS\RT-DETRv2-COCO-Attack\source_data\attack_05\patched_images\000000078748.jpg,False,False,,,,,,,,,False,False,300,300,54.54520000057528,54.78380000567995
attack_05,82812,person,D:\project CS\RT-DETRv2-COCO-Attack\source_data\attack_05\clean_images\000000082812.jpg,D:\project CS\RT-DETRv2-COCO-Attack\source_data\attack_05\patched_images\000000082812.jpg,True,True,0.8949977159500122,0.8940686583518982,"[348.613037109375, 229.14939880371094, 421.316162109375, 359.3594055175781]","[349.57427978515625, 228.78607177734375, 421.3783264160156, 359.31951904296875]",0.9638050007255642,0.9542506473325943,0.0009290575981140137,0.009554353392969839,True,False,300,300,54.06010000297101,54.20349999621976
attack_05,84170,car,D:\project CS\RT-DETRv2-COCO-Attack\source_data\attack_05\clean_images\000000084170.jpg,D:\project CS\RT-DETRv2-COCO-Attack\source_data\attack_05\patched_images\000000084170.jpg,True,True,0.9154825806617737,0.9147946238517761,"[130.33847045898438, 261.760986328125, 225.58169555664062, 332.4981384277344]","[130.27789306640625, 261.7643737792969, 226.0472412109375, 332.97552490234375]",0.8700355236593068,0.8796287135114436,0.0006879568099975586,-0.009593189852136752,True,False,300,300,54.35459999716841,54.12629999773344
attack_05,84270,person,D:\project CS\RT-DETRv2-COCO-Attack\source_data\attack_05\clean_images\000000084270.jpg,D:\project CS\RT-DETRv2-COCO-Attack\source_data\attack_05\patched_images\000000084270.jpg,False,False,,,,,,,,,False,False,300,300,54.40190000081202,53.967699997883756
attack_05,85157,person,D:\project CS\RT-DETRv2-COCO-Attack\source_data\attack_05\clean_images\000000085157.jpg,D:\project CS\RT-DETRv2-COCO-Attack\source_data\attack_05\patched_images\000000085157.jpg,True,True,0.9467383027076721,0.9268604516983032,"[0.8067226409912109, 97.23410034179688, 245.23684692382812, 474.4937438964844]","[0.7985115051269531, 97.15278625488281, 250.90049743652344, 474.86285400390625]",0.9297196277217074,0.9519684628350075,0.019877851009368896,-0.022248835113300114,True,False,300,300,55.00440000469098,55.52679999527754
attack_05,86220,car,D:\project CS\RT-DETRv2-COCO-Attack\source_data\attack_05\clean_images\000000086220.jpg,D:\project CS\RT-DETRv2-COCO-Attack\source_data\attack_05\patched_images\000000086220.jpg,True,True,0.9552109241485596,0.9557361602783203,"[134.8401336669922, 209.6234893798828, 446.6708679199219, 335.56927490234375]","[134.98876953125, 209.75108337402344, 446.7413024902344, 335.48895263671875]",0.9896769828413179,0.9873555004056425,-0.0005252361297607422,0.002321482435675426,True,False,300,300,54.44100000022445,54.61410000134492
attack_05,87144,car,D:\project CS\RT-DETRv2-COCO-Attack\source_data\attack_05\clean_images\000000087144.jpg,D:\project CS\RT-DETRv2-COCO-Attack\source_data\attack_05\patched_images\000000087144.jpg,True,True,0.8946343660354614,0.8976783156394958,"[349.04095458984375, 32.182857513427734, 433.3224182128906, 62.68014907836914]","[349.05126953125, 32.155330657958984, 433.01336669921875, 62.522220611572266]",0.9600158611043247,0.964366381560188,-0.003043949604034424,-0.00435052045586326,True,False,300,300,55.50399999629008,54.89909999596421
attack_05,88462,car,D:\project CS\RT-DETRv2-COCO-Attack\source_data\attack_05\clean_images\000000088462.jpg,D:\project CS\RT-DETRv2-COCO-Attack\source_data\attack_05\patched_images\000000088462.jpg,True,True,0.9309048652648926,0.9273924827575684,"[25.61498260498047, 188.92860412597656, 82.8775405883789, 230.27313232421875]","[25.638442993164062, 188.95236206054688, 82.81883239746094, 230.2191619873047]",0.9448484426028487,0.946031330170556,0.0035123825073242188,-0.001182887567707236,True,False,300,300,54.882500000530854,54.54150000150548
attack_05,93154,car,D:\project CS\RT-DETRv2-COCO-Attack\source_data\attack_05\clean_images\000000093154.jpg,D:\project CS\RT-DETRv2-COCO-Attack\source_data\attack_05\patched_images\000000093154.jpg,True,True,0.9006850123405457,0.8786107301712036,"[142.88348388671875, 272.87646484375, 210.79913330078125, 309.8311767578125]","[142.86312866210938, 273.03656005859375, 210.89938354492188, 310.0189208984375]",0.9509001918245223,0.948504908364207,0.02207428216934204,0.002395283460315367,True,False,300,300,54.096100000606384,53.88350000430364
attack_05,98392,car,D:\project CS\RT-DETRv2-COCO-Attack\source_data\attack_05\clean_images\000000098392.jpg,D:\project CS\RT-DETRv2-COCO-Attack\source_data\attack_05\patched_images\000000098392.jpg,True,True,0.9472741484642029,0.946699857711792,"[242.3028106689453, 523.0120849609375, 479.8434753417969, 638.654296875]","[242.1248016357422, 523.0916137695312, 479.84857177734375, 638.6476440429688]",0.927897555271921,0.92658225347302,0.0005742907524108887,0.0013153017989009363,True,False,300,300,54.37550000351621,54.45529999997234
attack_05,100624,car,D:\project CS\RT-DETRv2-COCO-Attack\source_data\attack_05\clean_images\000000100624.jpg,D:\project CS\RT-DETRv2-COCO-Attack\source_data\attack_05\patched_images\000000100624.jpg,False,False,,,,,,,,,False,False,300,300,54.94419999740785,55.104400002164766
attack_05,102356,person,D:\project CS\RT-DETRv2-COCO-Attack\source_data\attack_05\clean_images\000000102356.jpg,D:\project CS\RT-DETRv2-COCO-Attack\source_data\attack_05\patched_images\000000102356.jpg,True,True,0.888552188873291,0.9013304114341736,"[163.08912658691406, 48.42998504638672, 407.14990234375, 398.2574157714844]","[163.17088317871094, 48.121089935302734, 407.63507080078125, 395.51605224609375]",0.9248592584717759,0.9154879689671963,-0.012778222560882568,0.00937128950457955,True,False,300,300,55.60720000357833,55.65129999740748
attack_05,108026,person,D:\project CS\RT-DETRv2-COCO-Attack\source_data\attack_05\clean_images\000000108026.jpg,D:\project CS\RT-DETRv2-COCO-Attack\source_data\attack_05\patched_images\000000108026.jpg,True,True,0.9349839687347412,0.945283055305481,"[110.11531829833984, -0.8487311601638794, 639.833740234375, 426.3390808105469]","[108.15696716308594, 0.444665789604187, 640.0576782226562, 424.102783203125]",0.9881047690600219,0.9907932545559237,-0.010299086570739746,-0.002688485495901838,True,False,300,300,55.96900000091409,56.546899999375455
attack_05,111036,car,D:\project CS\RT-DETRv2-COCO-Attack\source_data\attack_05\clean_images\000000111036.jpg,D:\project CS\RT-DETRv2-COCO-Attack\source_data\attack_05\patched_images\000000111036.jpg,True,True,0.9224397540092468,0.7613590359687805,"[249.36227416992188, 0.3017902374267578, 424.9801025390625, 140.39166259765625]","[249.59510803222656, 1.1416101455688477, 424.75335693359375, 142.45404052734375]",0.9592336171527263,0.9693083592486716,0.1610807180404663,-0.010074742095945388,True,False,300,300,55.79020000004675,56.246699998155236
attack_05,114770,car,D:\project CS\RT-DETRv2-COCO-Attack\source_data\attack_05\clean_images\000000114770.jpg,D:\project CS\RT-DETRv2-COCO-Attack\source_data\attack_05\patched_images\000000114770.jpg,True,True,0.33737912774086,0.45920529961586,"[153.25209045410156, 136.7296905517578, 520.618896484375, 336.24346923828125]","[146.32815551757812, 136.7735595703125, 523.7153930664062, 337.5823059082031]",0.9319922897959058,0.9416519931599857,-0.121826171875,-0.009659703364079952,True,False,300,300,59.60819999745581,59.174399997573346
attack_05,115946,car,D:\project CS\RT-DETRv2-COCO-Attack\source_data\attack_05\clean_images\000000115946.jpg,D:\project CS\RT-DETRv2-COCO-Attack\source_data\attack_05\patched_images\000000115946.jpg,True,True,0.8990970849990845,0.9165744185447693,"[119.86558532714844, 503.650390625, 173.52304077148438, 544.2432861328125]","[119.72667694091797, 503.6747741699219, 173.2176971435547, 544.0185546875]",0.9374092589078361,0.9392447751482725,-0.017477333545684814,-0.00183551624043643,True,False,300,300,56.85849999281345,54.37749999691732
attack_05,121506,car,D:\project CS\RT-DETRv2-COCO-Attack\source_data\attack_05\clean_images\000000121506.jpg,D:\project CS\RT-DETRv2-COCO-Attack\source_data\attack_05\patched_images\000000121506.jpg,True,True,0.8355565071105957,0.75888991355896,"[448.70440673828125, 258.2122802734375, 528.635986328125, 303.8056335449219]","[448.7069091796875, 258.06475830078125, 528.608154296875, 304.1968078613281]",0.6268404108653048,0.6220033558989758,0.07666659355163574,0.004837054966329024,True,False,300,300,55.14499999844702,55.995599999732804
attack_05,121591,person,D:\project CS\RT-DETRv2-COCO-Attack\source_data\attack_05\clean_images\000000121591.jpg,D:\project CS\RT-DETRv2-COCO-Attack\source_data\attack_05\patched_images\000000121591.jpg,True,True,0.8359837532043457,0.8546900153160095,"[255.6643829345703, 115.83614349365234, 380.44842529296875, 306.89935302734375]","[257.7459716796875, 150.13385009765625, 380.4627685546875, 283.4720458984375]",0.8363088826150307,0.7974141758925055,-0.01870626211166382,0.03889470672252515,True,False,300,300,54.92680000315886,54.59310000151163
attack_05,125129,person,D:\project CS\RT-DETRv2-COCO-Attack\source_data\attack_05\clean_images\000000125129.jpg,D:\project CS\RT-DETRv2-COCO-Attack\source_data\attack_05\patched_images\000000125129.jpg,True,True,0.9357727766036987,0.9092189073562622,"[135.6057586669922, 54.412872314453125, 337.6771545410156, 265.5743408203125]","[136.07957458496094, 54.13501739501953, 337.6142272949219, 265.2830505371094]",0.9869319082615293,0.9901387637905217,0.026553869247436523,-0.0032068555289923584,True,False,300,300,55.552699996042065,55.8829000001424
attack_05,125936,person,D:\project CS\RT-DETRv2-COCO-Attack\source_data\attack_05\clean_images\000000125936.jpg,D:\project CS\RT-DETRv2-COCO-Attack\source_data\attack_05\patched_images\000000125936.jpg,True,True,0.8555231690406799,0.8539503812789917,"[0.29347091913223267, 99.00811767578125, 159.52259826660156, 323.5282897949219]","[0.2276301383972168, 99.09970092773438, 159.70001220703125, 323.70794677734375]",0.9017774232364771,0.9001354748106599,0.0015727877616882324,0.001641948425817219,True,False,300,300,54.879999996046536,55.06710000190651
attack_05,126592,car,D:\project CS\RT-DETRv2-COCO-Attack\source_data\attack_05\clean_images\000000126592.jpg,D:\project CS\RT-DETRv2-COCO-Attack\source_data\attack_05\patched_images\000000126592.jpg,True,True,0.9046098589897156,0.9012027382850647,"[336.8876953125, 269.2539978027344, 508.6130065917969, 329.4273681640625]","[331.822265625, 269.22662353515625, 508.5604248046875, 329.98101806640625]",0.8586984789585572,0.8749794054954863,0.003407120704650879,-0.01628092653692903,True,False,300,300,54.330799997842405,54.282299999613315
attack_05,127263,car,D:\project CS\RT-DETRv2-COCO-Attack\source_data\attack_05\clean_images\000000127263.jpg,D:\project CS\RT-DETRv2-COCO-Attack\source_data\attack_05\patched_images\000000127263.jpg,True,True,0.8084908127784729,0.6762051582336426,"[501.2937927246094, 108.78462982177734, 639.5299682617188, 173.8112335205078]","[501.62762451171875, 108.32029724121094, 639.611572265625, 173.80044555664062]",0.958897241263933,0.9656874111475181,0.13228565454483032,-0.006790169883585051,True,False,300,300,55.57730000145966,55.26559999998426
attack_05,129062,person,D:\project CS\RT-DETRv2-COCO-Attack\source_data\attack_05\clean_images\000000129062.jpg,D:\project CS\RT-DETRv2-COCO-Attack\source_data\attack_05\patched_images\000000129062.jpg,True,False,0.43921056389808655,,"[545.1139526367188, 365.1127624511719, 623.7870483398438, 479.2501220703125]",,0.6851257464003577,,,,True,True,300,300,54.43409999861615,54.45009999675676
attack_05,130386,car,D:\project CS\RT-DETRv2-COCO-Attack\source_data\attack_05\clean_images\000000130386.jpg,D:\project CS\RT-DETRv2-COCO-Attack\source_data\attack_05\patched_images\000000130386.jpg,True,True,0.904944658279419,0.9078819751739502,"[172.1403350830078, 435.7718505859375, 228.27870178222656, 466.5293884277344]","[172.1297149658203, 435.9024963378906, 228.4024200439453, 466.23052978515625]",0.8732225652938388,0.8665440477657836,-0.00293731689453125,0.00667851752805515,True,False,300,300,54.318300004524644,54.473600001074374
attack_05,132544,car,D:\project CS\RT-DETRv2-COCO-Attack\source_data\attack_05\clean_images\000000132544.jpg,D:\project CS\RT-DETRv2-COCO-Attack\source_data\attack_05\patched_images\000000132544.jpg,False,False,,,,,,,,,False,False,300,300,55.73100000037812,55.218300003616605
attack_05,132796,person,D:\project CS\RT-DETRv2-COCO-Attack\source_data\attack_05\clean_images\000000132796.jpg,D:\project CS\RT-DETRv2-COCO-Attack\source_data\attack_05\patched_images\000000132796.jpg,True,True,0.9355189204216003,0.9368503093719482,"[295.3638916015625, 69.15971374511719, 407.36553955078125, 396.5773620605469]","[295.70068359375, 69.07273864746094, 407.4166259765625, 396.02532958984375]",0.9143894108375566,0.9098924347958676,-0.0013313889503479004,0.0044969760416890825,True,False,300,300,55.733600005623884,55.15900000318652
attack_05,134322,person,D:\project CS\RT-DETRv2-COCO-Attack\source_data\attack_05\clean_images\000000134322.jpg,D:\project CS\RT-DETRv2-COCO-Attack\source_data\attack_05\patched_images\000000134322.jpg,False,False,,,,,,,,,False,False,300,300,54.29960000037681,54.38729999877978
attack_05,135410,car,D:\project CS\RT-DETRv2-COCO-Attack\source_data\attack_05\clean_images\000000135410.jpg,D:\project CS\RT-DETRv2-COCO-Attack\source_data\attack_05\patched_images\000000135410.jpg,True,True,0.4743747115135193,0.285038024187088,"[247.219482421875, 227.6876220703125, 378.2890625, 318.7566223144531]","[189.14773559570312, 234.9117431640625, 378.8803405761719, 318.4647216796875]",0.53637349301844,0.7088399867766141,0.18933668732643127,-0.17246649375817413,True,False,300,300,55.35709999821847,54.70720000448637
attack_05,136715,car,D:\project CS\RT-DETRv2-COCO-Attack\source_data\attack_05\clean_images\000000136715.jpg,D:\project CS\RT-DETRv2-COCO-Attack\source_data\attack_05\patched_images\000000136715.jpg,True,True,0.32842665910720825,0.43601953983306885,"[507.07427978515625, 23.328493118286133, 639.89990234375, 323.09747314453125]","[503.3001403808594, 81.69143676757812, 639.7890014648438, 322.68438720703125]",0.8930931499980804,0.8175920131172024,-0.1075928807258606,0.075501136880878,True,False,300,300,56.3012000056915,55.55309999908786
attack_05,138979,car,D:\project CS\RT-DETRv2-COCO-Attack\source_data\attack_05\clean_images\000000138979.jpg,D:\project CS\RT-DETRv2-COCO-Attack\source_data\attack_05\patched_images\000000138979.jpg,True,True,0.8945509791374207,0.8837432265281677,"[316.2877502441406, 178.28543090820312, 640.042236328125, 422.2944030761719]","[317.153076171875, 178.24081420898438, 640.0631103515625, 422.11468505859375]",0.9641303403106194,0.9623750221592776,0.01080775260925293,0.0017553181513417782,True,False,300,300,55.19839999760734,54.97589999868069
attack_05,141597,car,D:\project CS\RT-DETRv2-COCO-Attack\source_data\attack_05\clean_images\000000141597.jpg,D:\project CS\RT-DETRv2-COCO-Attack\source_data\attack_05\patched_images\000000141597.jpg,True,True,0.9270833730697632,0.9154654741287231,"[372.1540832519531, 235.60287475585938, 556.0919189453125, 349.4554748535156]","[374.1006164550781, 235.65573120117188, 556.2308959960938, 349.6607360839844]",0.9448123525820079,0.9552937020791755,0.011617898941040039,-0.010481349497167614,True,False,300,300,54.71080000279471,55.09589999564923
attack_05,142472,car,D:\project CS\RT-DETRv2-COCO-Attack\source_data\attack_05\clean_images\000000142472.jpg,D:\project CS\RT-DETRv2-COCO-Attack\source_data\attack_05\patched_images\000000142472.jpg,True,True,0.954682469367981,0.9520941972732544,"[202.06576538085938, 371.11456298828125, 332.6585388183594, 434.9675598144531]","[202.05859375, 371.1759948730469, 332.55859375, 435.0938720703125]",0.9441789238615342,0.9461983971077668,0.0025882720947265625,-0.0020194732462325282,True,False,300,300,54.01659999915864,54.8417000027257
attack_05,144114,person,D:\project CS\RT-DETRv2-COCO-Attack\source_data\attack_05\clean_images\000000144114.jpg,D:\project CS\RT-DETRv2-COCO-Attack\source_data\attack_05\patched_images\000000144114.jpg,True,True,0.8821617364883423,0.8748759627342224,"[283.3182067871094, 220.90631103515625, 319.81890869140625, 252.0558319091797]","[283.3265686035156, 221.10134887695312, 319.70654296875, 252.14306640625]",0.9583826075841266,0.9532896677766936,0.007285773754119873,0.005092939807433083,True,False,300,300,54.352500003005844,55.020200001308694
attack_05,144706,car,D:\project CS\RT-DETRv2-COCO-Attack\source_data\attack_05\clean_images\000000144706.jpg,D:\project CS\RT-DETRv2-COCO-Attack\source_data\attack_05\patched_images\000000144706.jpg,True,True,0.42354103922843933,0.6124234199523926,"[498.3212890625, 369.102783203125, 549.175537109375, 401.56646728515625]","[498.8703918457031, 369.38458251953125, 548.45654296875, 400.6080627441406]",0.8896785054617707,0.8759575336780262,-0.18888238072395325,0.01372097178374454,True,False,300,300,54.37639999581734,54.10229999688454
attack_05,146155,person,D:\project CS\RT-DETRv2-COCO-Attack\source_data\attack_05\clean_images\000000146155.jpg,D:\project CS\RT-DETRv2-COCO-Attack\source_data\attack_05\patched_images\000000146155.jpg,True,True,0.9507774710655212,0.9510896801948547,"[157.8282470703125, 17.959152221679688, 384.98394775390625, 507.63470458984375]","[158.04922485351562, 17.90478515625, 384.4214172363281, 507.4395751953125]",0.9792871463641082,0.9804432706273394,-0.0003122091293334961,-0.0011561242632311952,True,False,300,300,54.49599999701604,54.83539999841014
attack_05,147223,car,D:\project CS\RT-DETRv2-COCO-Attack\source_data\attack_05\clean_images\000000147223.jpg,D:\project CS\RT-DETRv2-COCO-Attack\source_data\attack_05\patched_images\000000147223.jpg,True,True,0.9431061744689941,0.9421349167823792,"[0.337677001953125, 150.1315460205078, 154.30970764160156, 292.555908203125]","[0.2792024612426758, 150.37583923339844, 154.7122344970703, 293.139404296875]",0.9136762957293532,0.91628064928689,0.0009712576866149902,-0.0026043535575368537,True,False,300,300,54.87690000154544,55.143300000054296
attack_05,147338,car,D:\project CS\RT-DETRv2-COCO-Attack\source_data\attack_05\clean_images\000000147338.jpg,D:\project CS\RT-DETRv2-COCO-Attack\source_data\attack_05\patched_images\000000147338.jpg,True,True,0.6285536885261536,0.6508945226669312,"[0.15520334243774414, 75.78251647949219, 187.06295776367188, 211.63949584960938]","[0.148773193359375, 76.23908996582031, 186.83999633789062, 211.89820861816406]",0.979794410434714,0.9798401191699463,-0.022340834140777588,-4.5708735232241615e-05,True,False,300,300,54.60229999880539,54.88789999799337
attack_05,147725,car,D:\project CS\RT-DETRv2-COCO-Attack\source_data\attack_05\clean_images\000000147725.jpg,D:\project CS\RT-DETRv2-COCO-Attack\source_data\attack_05\patched_images\000000147725.jpg,True,True,0.9463146328926086,0.9477859735488892,"[403.60565185546875, 172.6281280517578, 579.961181640625, 264.836181640625]","[403.6897277832031, 172.66778564453125, 579.8867797851562, 265.11737060546875]",0.9442564676830174,0.9475022520922152,-0.0014713406562805176,-0.0032457844091977606,True,False,300,300,54.36800000461517,54.33759999868926
attack_05,148719,person,D:\project CS\RT-DETRv2-COCO-Attack\source_data\attack_05\clean_images\000000148719.jpg,D:\project CS\RT-DETRv2-COCO-Attack\source_data\attack_05\patched_images\000000148719.jpg,True,False,0.8795619010925293,,"[0.680544376373291, 117.47517395019531, 41.44715118408203, 162.80198669433594]",,0.8764052457131534,,,,True,True,300,300,53.54570000054082,54.24160000256961
attack_05,149375,person,D:\project CS\RT-DETRv2-COCO-Attack\source_data\attack_05\clean_images\000000149375.jpg,D:\project CS\RT-DETRv2-COCO-Attack\source_data\attack_05\patched_images\000000149375.jpg,True,True,0.9563159942626953,0.9544587135314941,"[209.11924743652344, 43.25780487060547, 387.76312255859375, 356.40771484375]","[208.98684692382812, 43.28364562988281, 388.0060119628906, 355.1314697265625]",0.9053218861964621,0.9034514992195981,0.0018572807312011719,0.0018703869768640358,True,False,300,300,54.37119999987772,54.07510000077309
attack_05,151000,person,D:\project CS\RT-DETRv2-COCO-Attack\source_data\attack_05\clean_images\000000151000.jpg,D:\project CS\RT-DETRv2-COCO-Attack\source_data\attack_05\patched_images\000000151000.jpg,True,True,0.9353137016296387,0.9386213421821594,"[135.1990509033203, 43.9308967590332, 397.8994445800781, 422.5206298828125]","[135.16275024414062, 44.072086334228516, 399.08453369140625, 422.7325744628906]",0.7907095540326045,0.7864386938237423,-0.003307640552520752,0.004270860208862137,True,False,300,300,54.67589999898337,55.16200000420213
attack_05,152214,person,D:\project CS\RT-DETRv2-COCO-Attack\source_data\attack_05\clean_images\000000152214.jpg,D:\project CS\RT-DETRv2-COCO-Attack\source_data\attack_05\patched_images\000000152214.jpg,True,True,0.9712314009666443,0.9656946659088135,"[73.12608337402344, 2.279186248779297, 479.9389953613281, 634.3762817382812]","[72.5862808227539, 2.279682159423828, 479.92022705078125, 634.6392822265625]",0.9661441845271844,0.9645078058069556,0.0055367350578308105,0.001636378720228815,True,False,300,300,54.57939999905648,55.17890000191983
attack_05,152771,car,D:\project CS\RT-DETRv2-COCO-Attack\source_data\attack_05\clean_images\000000152771.jpg,D:\project CS\RT-DETRv2-COCO-Attack\source_data\attack_05\patched_images\000000152771.jpg,True,True,0.881758987903595,0.8563632965087891,"[1.449272632598877, 260.1783142089844, 64.90882873535156, 291.2400207519531]","[1.5003228187561035, 260.0237731933594, 64.09809875488281, 291.0590515136719]",0.9550370724933971,0.9427421214213947,0.025395691394805908,0.012294951072002402,True,False,300,300,54.60099999618251,54.73480000364361
attack_05,153011,car,D:\project CS\RT-DETRv2-COCO-Attack\source_data\attack_05\clean_images\000000153011.jpg,D:\project CS\RT-DETRv2-COCO-Attack\source_data\attack_05\patched_images\000000153011.jpg,True,True,0.8751713037490845,0.8477393388748169,"[311.9845886230469, 217.30824279785156, 398.0227966308594, 253.23040771484375]","[312.716796875, 217.09991455078125, 397.72381591796875, 253.39694213867188]",0.8241977307024184,0.8304935399916097,0.027431964874267578,-0.006295809289191268,True,False,300,300,54.92280000180472,54.714800004148856
attack_05,153669,person,D:\project CS\RT-DETRv2-COCO-Attack\source_data\attack_05\clean_images\000000153669.jpg,D:\project CS\RT-DETRv2-COCO-Attack\source_data\attack_05\patched_images\000000153669.jpg,False,False,,,,,,,,,False,False,300,300,55.448799997975584,55.6916000059573
attack_05,155341,car,D:\project CS\RT-DETRv2-COCO-Attack\source_data\attack_05\clean_images\000000155341.jpg,D:\project CS\RT-DETRv2-COCO-Attack\source_data\attack_05\patched_images\000000155341.jpg,True,True,0.9500942230224609,0.9521543979644775,"[151.56529235839844, 285.5925598144531, 394.7109680175781, 413.69781494140625]","[151.69775390625, 285.5214538574219, 394.7517395019531, 413.62054443359375]",0.9717104698733262,0.9720231796534946,-0.0020601749420166016,-0.00031270978016839646,True,False,300,300,54.308600003423635,54.72400000144262
attack_05,156071,car,D:\project CS\RT-DETRv2-COCO-Attack\source_data\attack_05\clean_images\000000156071.jpg,D:\project CS\RT-DETRv2-COCO-Attack\source_data\attack_05\patched_images\000000156071.jpg,False,False,,,,,,,,,False,False,300,300,55.47890000161715,55.22930000006454
attack_05,156292,person,D:\project CS\RT-DETRv2-COCO-Attack\source_data\attack_05\clean_images\000000156292.jpg,D:\project CS\RT-DETRv2-COCO-Attack\source_data\attack_05\patched_images\000000156292.jpg,True,True,0.7101022005081177,0.8235249519348145,"[61.97015380859375, 378.9424133300781, 120.53582000732422, 542.757568359375]","[61.866493225097656, 378.6712646484375, 120.5029525756836, 541.4373779296875]",0.8456039782347878,0.8412044934383675,-0.11342275142669678,0.004399484796420383,True,False,300,300,54.857900002389215,54.898900001717266
attack_05,157365,car,D:\project CS\RT-DETRv2-COCO-Attack\source_data\attack_05\clean_images\000000157365.jpg,D:\project CS\RT-DETRv2-COCO-Attack\source_data\attack_05\patched_images\000000157365.jpg,True,True,0.91895592212677,0.9132367968559265,"[-0.034575432538986206, 189.99713134765625, 114.12313079833984, 377.02374267578125]","[0.07175324857234955, 190.06228637695312, 115.32162475585938, 377.1769714355469]",0.8812912591051854,0.8908779337518072,0.005719125270843506,-0.009586674646621884,True,False,300,300,54.63610000151675,55.283900001086295
attack_05,157928,car,D:\project CS\RT-DETRv2-COCO-Attack\source_data\attack_05\clean_images\000000157928.jpg,D:\project CS\RT-DETRv2-COCO-Attack\source_data\attack_05\patched_images\000000157928.jpg,True,True,0.8801823854446411,0.8324722647666931,"[0.058121681213378906, 100.9311752319336, 102.68759155273438, 249.07986450195312]","[0.01132965087890625, 100.88690185546875, 102.44161987304688, 249.2596435546875]",0.922945932693638,0.9204115856784626,0.047710120677948,0.002534347015175409,True,False,300,300,55.228400000487454,55.494200001703575
attack_05,158660,person,D:\project CS\RT-DETRv2-COCO-Attack\source_data\attack_05\clean_images\000000158660.jpg,D:\project CS\RT-DETRv2-COCO-Attack\source_data\attack_05\patched_images\000000158660.jpg,True,True,0.7592335939407349,0.6968592405319214,"[489.9606018066406, 3.0016231536865234, 611.6702270507812, 270.23095703125]","[490.38336181640625, 6.13086462020874, 611.8710327148438, 270.34356689453125]",0.7990106933201474,0.802479688008995,0.06237435340881348,-0.0034689946888476486,True,False,300,300,56.10510000406066,55.88580000039656
attack_05,158744,car,D:\project CS\RT-DETRv2-COCO-Attack\source_data\attack_05\clean_images\000000158744.jpg,D:\project CS\RT-DETRv2-COCO-Attack\source_data\attack_05\patched_images\000000158744.jpg,True,True,0.8979955911636353,0.8381029963493347,"[592.6061401367188, 92.81749725341797, 639.8743286132812, 125.12004089355469]","[592.6884765625, 92.8943862915039, 639.7177734375, 123.93119812011719]",0.8563092509119148,0.8905809487608861,0.05989259481430054,-0.03427169784897133,True,False,300,300,55.05290000292007,54.771699993580114
attack_05,158945,person,D:\project CS\RT-DETRv2-COCO-Attack\source_data\attack_05\clean_images\000000158945.jpg,D:\project CS\RT-DETRv2-COCO-Attack\source_data\attack_05\patched_images\000000158945.jpg,True,True,0.88519287109375,0.8667643070220947,"[95.36262512207031, 42.48727798461914, 157.9821319580078, 224.5524444580078]","[91.65770721435547, 42.3750114440918, 157.96104431152344, 224.37257385253906]",0.9367854189816653,0.8840615197285119,0.018428564071655273,0.05272389925315346,True,False,300,300,55.041799998434726,55.0089999960619
attack_05,161799,person,D:\project CS\RT-DETRv2-COCO-Attack\source_data\attack_05\clean_images\000000161799.jpg,D:\project CS\RT-DETRv2-COCO-Attack\source_data\attack_05\patched_images\000000161799.jpg,True,True,0.937969982624054,0.9400855302810669,"[190.28109741210938, 76.45304107666016, 310.0096435546875, 239.1260528564453]","[190.4478759765625, 76.09220123291016, 310.133056640625, 241.03562927246094]",0.9208120092835292,0.9125880186923432,-0.0021155476570129395,0.008223990591186059,True,False,300,300,54.13889999908861,54.64449999999488
attack_05,162092,person,D:\project CS\RT-DETRv2-COCO-Attack\source_data\attack_05\clean_images\000000162092.jpg,D:\project CS\RT-DETRv2-COCO-Attack\source_data\attack_05\patched_images\000000162092.jpg,True,True,0.9406775832176208,0.9387518763542175,"[244.40420532226562, 39.47237014770508, 606.402587890625, 632.9522094726562]","[246.70648193359375, 39.32373046875, 609.544677734375, 632.990966796875]",0.9388795721476256,0.9528032658204512,0.0019257068634033203,-0.013923693672825532,True,False,300,300,55.6947000004584,55.526199997984804
attack_05,162732,person,D:\project CS\RT-DETRv2-COCO-Attack\source_data\attack_05\clean_images\000000162732.jpg,D:\project CS\RT-DETRv2-COCO-Attack\source_data\attack_05\patched_images\000000162732.jpg,True,True,0.9571143984794617,0.9590213894844055,"[219.4862518310547, 23.172157287597656, 448.5184326171875, 423.97857666015625]","[217.87184143066406, 23.236778259277344, 448.7808837890625, 424.0492858886719]",0.9559205008574964,0.950459113580283,-0.0019069910049438477,0.005461387277213348,True,False,300,300,55.55330000061076,55.65300000307616
attack_05,163117,person,D:\project CS\RT-DETRv2-COCO-Attack\source_data\attack_05\clean_images\000000163117.jpg,D:\project CS\RT-DETRv2-COCO-Attack\source_data\attack_05\patched_images\000000163117.jpg,True,True,0.9413104057312012,0.9544619917869568,"[218.2422332763672, 197.49757385253906, 374.9195556640625, 495.3488464355469]","[217.79835510253906, 197.9478302001953, 374.95855712890625, 495.37213134765625]",0.9706671619058033,0.9690739294778694,-0.013151586055755615,0.001593232427933855,True,False,300,300,54.35280000529019,54.91710000205785
attack_05,163562,person,D:\project CS\RT-DETRv2-COCO-Attack\source_data\attack_05\clean_images\000000163562.jpg,D:\project CS\RT-DETRv2-COCO-Attack\source_data\attack_05\patched_images\000000163562.jpg,True,True,0.960384726524353,0.9598165154457092,"[138.6022491455078, -0.10235792398452759, 457.5768127441406, 331.73699951171875]","[138.9801483154297, 0.13786661624908447, 456.4682312011719, 331.5766296386719]",0.970039581500871,0.9716309847614988,0.0005682110786437988,-0.0015914032606277884,True,False,300,300,54.32640000071842,55.455699999583885
attack_05,165518,person,D:\project CS\RT-DETRv2-COCO-Attack\source_data\attack_05\clean_images\000000165518.jpg,D:\project CS\RT-DETRv2-COCO-Attack\source_data\attack_05\patched_images\000000165518.jpg,True,True,0.8591344952583313,0.8790973424911499,"[248.74122619628906, 175.58384704589844, 416.0849609375, 472.7242736816406]","[248.65687561035156, 175.69357299804688, 422.5721435546875, 472.9266662597656]",0.9141848533434145,0.9476463696100473,-0.019962847232818604,-0.03346151626663285,True,False,300,300,55.35950000194134,55.6907999998657
attack_05,166478,person,D:\project CS\RT-DETRv2-COCO-Attack\source_data\attack_05\clean_images\000000166478.jpg,D:\project CS\RT-DETRv2-COCO-Attack\source_data\attack_05\patched_images\000000166478.jpg,True,True,0.9595062136650085,0.9541795253753662,"[77.49017333984375, 79.2997817993164, 578.4954833984375, 422.96490478515625]","[75.85145568847656, 78.97338104248047, 578.4729614257812, 422.8504333496094]",0.9684550559933448,0.9709256467613891,0.005326688289642334,-0.002470590768044345,True,False,300,300,55.4612999985693,55.3481999959331
attack_05,167122,car,D:\project CS\RT-DETRv2-COCO-Attack\source_data\attack_05\clean_images\000000167122.jpg,D:\project CS\RT-DETRv2-COCO-Attack\source_data\attack_05\patched_images\000000167122.jpg,True,True,0.7879360318183899,0.8205575346946716,"[34.2449951171875, 201.8007354736328, 635.5948486328125, 474.65380859375]","[35.04528045654297, 202.07960510253906, 636.4038696289062, 474.770751953125]",0.9218079350953525,0.9231539482008555,-0.03262150287628174,-0.0013460131055029745,True,False,300,300,55.49169999721926,55.41639999864856
attack_05,169169,car,D:\project CS\RT-DETRv2-COCO-Attack\source_data\attack_05\clean_images\000000169169.jpg,D:\project CS\RT-DETRv2-COCO-Attack\source_data\attack_05\patched_images\000000169169.jpg,True,True,0.7903241515159607,0.7473340034484863,"[394.6403503417969, 364.88360595703125, 484.4914245605469, 408.28497314453125]","[395.2186279296875, 364.050048828125, 484.3523864746094, 408.3392028808594]",0.9592852048740298,0.9381572632932186,0.042990148067474365,0.021127941580811216,True,False,300,300,54.684199996700045,54.60499999753665
attack_05,171382,car,D:\project CS\RT-DETRv2-COCO-Attack\source_data\attack_05\clean_images\000000171382.jpg,D:\project CS\RT-DETRv2-COCO-Attack\source_data\attack_05\patched_images\000000171382.jpg,True,True,0.8181727528572083,0.7573326230049133,"[2.2852706909179688, 178.9871826171875, 273.8876037597656, 279.3304748535156]","[2.1161746978759766, 176.79669189453125, 274.2515869140625, 279.9808044433594]",0.9346623265269098,0.9514167315163198,0.06084012985229492,-0.016754404989409943,True,False,300,300,54.55489999440033,54.30920000071637
attack_05,171757,person,D:\project CS\RT-DETRv2-COCO-Attack\source_data\attack_05\clean_images\000000171757.jpg,D:\project CS\RT-DETRv2-COCO-Attack\source_data\attack_05\patched_images\000000171757.jpg,True,True,0.94154292345047,0.933379054069519,"[55.277347564697266, 130.38311767578125, 313.5561828613281, 475.4065246582031]","[55.334320068359375, 130.23797607421875, 313.5767822265625, 475.5761413574219]",0.9803929190766575,0.980990687486407,0.008163869380950928,-0.0005977684097495661,True,False,300,300,54.91220000112662,55.380400001013186
attack_05,172330,car,D:\project CS\RT-DETRv2-COCO-Attack\source_data\attack_05\clean_images\000000172330.jpg,D:\project CS\RT-DETRv2-COCO-Attack\source_data\attack_05\patched_images\000000172330.jpg,True,True,0.9630787968635559,0.9621960520744324,"[63.98826599121094, 0.4584074020385742, 639.2498779296875, 309.7546691894531]","[64.23343658447266, 0.6300687789916992, 639.1420288085938, 311.18389892578125]",0.986695627256368,0.991200703281211,0.0008827447891235352,-0.004505076024843069,True,False,300,300,56.07589999999618,56.38159999944037
attack_05,173830,person,D:\project CS\RT-DETRv2-COCO-Attack\source_data\attack_05\clean_images\000000173830.jpg,D:\project CS\RT-DETRv2-COCO-Attack\source_data\attack_05\patched_images\000000173830.jpg,True,True,0.9159904718399048,0.9199467301368713,"[198.031982421875, 183.6590576171875, 437.8195495605469, 574.1321411132812]","[197.71603393554688, 183.6678924560547, 437.519287109375, 573.759033203125]",0.8619570812780074,0.8650268397059652,-0.003956258296966553,-0.0030697584279577583,True,False,300,300,55.421500001102686,55.03390000376385
attack_05,174482,car,D:\project CS\RT-DETRv2-COCO-Attack\source_data\attack_05\clean_images\000000174482.jpg,D:\project CS\RT-DETRv2-COCO-Attack\source_data\attack_05\patched_images\000000174482.jpg,True,True,0.9251217246055603,0.9237891435623169,"[149.53863525390625, 71.7991943359375, 238.73654174804688, 113.30299377441406]","[149.41693115234375, 71.97929382324219, 238.70144653320312, 113.25202178955078]",0.9089608286760092,0.9047778736503038,0.0013325810432434082,0.004182955025705426,True,False,300,300,54.73750000237487,54.4097999954829
attack_05,175438,car,D:\project CS\RT-DETRv2-COCO-Attack\source_data\attack_05\clean_images\000000175438.jpg,D:\project CS\RT-DETRv2-COCO-Attack\source_data\attack_05\patched_images\000000175438.jpg,False,False,,,,,,,,,False,False,300,300,54.14569999993546,53.79209999955492
attack_05,176606,car,D:\project CS\RT-DETRv2-COCO-Attack\source_data\attack_05\clean_images\000000176606.jpg,D:\project CS\RT-DETRv2-COCO-Attack\source_data\attack_05\patched_images\000000176606.jpg,True,True,0.9160857200622559,0.9143305420875549,"[62.75861358642578, 196.08798217773438, 128.1460418701172, 249.19358825683594]","[62.65266418457031, 196.3485870361328, 128.2193603515625, 249.28485107421875]",0.96923055079165,0.9657335266255912,0.0017551779747009277,0.003497024166058793,True,False,300,300,54.64979999669595,54.816700001538265
attack_05,176799,person,D:\project CS\RT-DETRv2-COCO-Attack\source_data\attack_05\clean_images\000000176799.jpg,D:\project CS\RT-DETRv2-COCO-Attack\source_data\attack_05\patched_images\000000176799.jpg,True,True,0.9273593425750732,0.9288570284843445,"[386.3282775878906, 72.81363677978516, 498.8352966308594, 211.78463745117188]","[386.4500732421875, 72.36012268066406, 498.3662109375, 213.7431640625]",0.9658794804440147,0.9580067953111103,-0.0014976859092712402,0.0078726851329044,True,False,300,300,55.158299997856375,55.29409999871859
attack_05,177065,person,D:\project CS\RT-DETRv2-COCO-Attack\source_data\attack_05\clean_images\000000177065.jpg,D:\project CS\RT-DETRv2-COCO-Attack\source_data\attack_05\patched_images\000000177065.jpg,True,True,0.9024007320404053,0.7994326949119568,"[44.23479461669922, 8.949724197387695, 186.5589599609375, 552.7267456054688]","[46.42500305175781, 9.030439376831055, 184.89927673339844, 552.4467163085938]",0.9202382174108142,0.915135162686421,0.10296803712844849,0.005103054724393208,True,False,300,300,54.4411000009859,54.96000000130152
attack_05,180011,person,D:\project CS\RT-DETRv2-COCO-Attack\source_data\attack_05\clean_images\000000180011.jpg,D:\project CS\RT-DETRv2-COCO-Attack\source_data\attack_05\patched_images\000000180011.jpg,True,True,0.9136884212493896,0.904402494430542,"[207.9482421875, 464.5827941894531, 430.80706787109375, 637.061279296875]","[207.2592010498047, 464.07330322265625, 431.53448486328125, 637.321044921875]",0.9298239825183979,0.9314291095561404,0.009285926818847656,-0.0016051270377425153,True,False,300,300,55.89450000115903,55.91960000310792
attack_05,180878,car,D:\project CS\RT-DETRv2-COCO-Attack\source_data\attack_05\clean_images\000000180878.jpg,D:\project CS\RT-DETRv2-COCO-Attack\source_data\attack_05\patched_images\000000180878.jpg,True,False,0.2890457510948181,,"[405.54681396484375, 201.9056396484375, 508.39080810546875, 310.373046875]",,0.9671026244628134,,,,True,True,300,300,55.34610000177054,55.758000002242625
attack_05,181816,car,D:\project CS\RT-DETRv2-COCO-Attack\source_data\attack_05\clean_images\000000181816.jpg,D:\project CS\RT-DETRv2-COCO-Attack\source_data\attack_05\patched_images\000000181816.jpg,True,True,0.9532482028007507,0.9530705809593201,"[274.2835998535156, 61.53059005737305, 639.1333618164062, 181.12669372558594]","[274.5126647949219, 61.493446350097656, 639.2166748046875, 181.17510986328125]",0.9439566812317891,0.9436588285529609,0.00017762184143066406,0.0002978526788282032,True,False,300,300,54.722400003811345,54.560399999900255
attack_05,183709,car,D:\project CS\RT-DETRv2-COCO-Attack\source_data\attack_05\clean_images\000000183709.jpg,D:\project CS\RT-DETRv2-COCO-Attack\source_data\attack_05\patched_images\000000183709.jpg,True,True,0.8917898535728455,0.8877263069152832,"[404.58465576171875, 240.721435546875, 448.6258850097656, 306.94207763671875]","[404.596435546875, 241.11163330078125, 448.6830139160156, 307.00433349609375]",0.924471128568732,0.9298346343190396,0.004063546657562256,-0.005363505750307529,True,False,300,300,54.588800005149096,54.95350000273902
attack_05,184324,car,D:\project CS\RT-DETRv2-COCO-Attack\source_data\attack_05\clean_images\000000184324.jpg,D:\project CS\RT-DETRv2-COCO-Attack\source_data\attack_05\patched_images\000000184324.jpg,True,True,0.8387710452079773,0.8616911172866821,"[276.0656433105469, 237.69677734375, 344.4586486816406, 269.521484375]","[276.2745056152344, 237.7201385498047, 344.43145751953125, 269.4229431152344]",0.9445157394750316,0.9432888514290113,-0.022920072078704834,0.0012268880460203357,True,False,300,300,54.34669999522157,54.250900000624824
attack_05,186042,person,D:\project CS\RT-DETRv2-COCO-Attack\source_data\attack_05\clean_images\000000186042.jpg,D:\project CS\RT-DETRv2-COCO-Attack\source_data\attack_05\patched_images\000000186042.jpg,True,True,0.9247623682022095,0.9256733059883118,"[117.97290802001953, 69.60871887207031, 200.7876434326172, 251.35894775390625]","[117.48787689208984, 69.68921661376953, 201.17996215820312, 251.64974975585938]",0.8924896996952281,0.9002265992177187,-0.0009109377861022949,-0.007736899522490681,True,False,300,300,55.04620000283467,54.478099998959806
attack_05,186449,person,D:\project CS\RT-DETRv2-COCO-Attack\source_data\attack_05\clean_images\000000186449.jpg,D:\project CS\RT-DETRv2-COCO-Attack\source_data\attack_05\patched_images\000000186449.jpg,True,True,0.9581754803657532,0.9337308406829834,"[116.97093963623047, 179.55099487304688, 379.7637634277344, 604.2455444335938]","[116.92906188964844, 179.22073364257812, 376.45672607421875, 603.05322265625]",0.9904181123540339,0.9742889397558072,0.024444639682769775,0.01612917259822666,True,False,300,300,55.75379999936558,56.16179999924498
attack_05,187144,person,D:\project CS\RT-DETRv2-COCO-Attack\source_data\attack_05\clean_images\000000187144.jpg,D:\project CS\RT-DETRv2-COCO-Attack\source_data\attack_05\patched_images\000000187144.jpg,True,True,0.9233512282371521,0.894798219203949,"[368.6654968261719, 249.7281036376953, 399.0894775390625, 328.6069641113281]","[368.8810729980469, 249.73594665527344, 398.5560607910156, 328.54962158203125]",0.9277855456260156,0.9044480880079236,0.028553009033203125,0.023337457618091917,True,False,300,300,54.114700003992766,54.5397999958368
attack_05,187990,person,D:\project CS\RT-DETRv2-COCO-Attack\source_data\attack_05\clean_images\000000187990.jpg,D:\project CS\RT-DETRv2-COCO-Attack\source_data\attack_05\patched_images\000000187990.jpg,True,True,0.9346189498901367,0.9283552765846252,"[181.0448760986328, 51.4815559387207, 375.7471923828125, 209.3826904296875]","[181.6577911376953, 51.30838394165039, 375.3316955566406, 208.96710205078125]",0.9262022722675827,0.9325521155013364,0.006263673305511475,-0.00634984323375376,True,False,300,300,55.77770000672899,55.77430000266759
attack_05,188296,car,D:\project CS\RT-DETRv2-COCO-Attack\source_data\attack_05\clean_images\000000188296.jpg,D:\project CS\RT-DETRv2-COCO-Attack\source_data\attack_05\patched_images\000000188296.jpg,True,True,0.821187436580658,0.6903529167175293,"[0.010204315185546875, 290.64093017578125, 120.0490493774414, 387.46844482421875]","[0.020799636840820312, 289.6590270996094, 121.29177856445312, 387.2969055175781]",0.9507576861724238,0.9490384229759499,0.13083451986312866,0.0017192631964739746,True,False,300,300,54.877200003829785,55.417099996702746
attack_05,191013,car,D:\project CS\RT-DETRv2-COCO-Attack\source_data\attack_05\clean_images\000000191013.jpg,D:\project CS\RT-DETRv2-COCO-Attack\source_data\attack_05\patched_images\000000191013.jpg,True,True,0.8572730422019958,0.935911238193512,"[44.8794059753418, 550.0415649414062, 224.6428985595703, 637.94384765625]","[44.87229919433594, 549.6447143554688, 224.48777770996094, 637.8718872070312]",0.9579532264913861,0.9623223659887743,-0.07863819599151611,-0.0043691394973881525,True,False,300,300,54.65419999381993,53.82649999955902
attack_05,192716,car,D:\project CS\RT-DETRv2-COCO-Attack\source_data\attack_05\clean_images\000000192716.jpg,D:\project CS\RT-DETRv2-COCO-Attack\source_data\attack_05\patched_images\000000192716.jpg,True,True,0.9238784909248352,0.9145700931549072,"[136.69581604003906, 595.996826171875, 234.675048828125, 639.943603515625]","[137.15676879882812, 596.2669677734375, 235.0546417236328, 639.9367065429688]",0.9684957879974083,0.9632762093020018,0.009308397769927979,0.005219578695406568,True,False,300,300,53.898299993306864,54.24769999808632
attack_05,193162,person,D:\project CS\RT-DETRv2-COCO-Attack\source_data\attack_05\clean_images\000000193162.jpg,D:\project CS\RT-DETRv2-COCO-Attack\source_data\attack_05\patched_images\000000193162.jpg,True,True,0.3671901822090149,0.300317645072937,"[395.0381164550781, 97.48401641845703, 488.48773193359375, 166.49395751953125]","[394.5457763671875, 97.70118713378906, 486.30596923828125, 162.4232635498047]",0.9866741618813403,0.9201165487834605,0.06687253713607788,0.06655761309787978,True,False,300,300,55.02610000257846,56.2768000017968
attack_05,193743,person,D:\project CS\RT-DETRv2-COCO-Attack\source_data\attack_05\clean_images\000000193743.jpg,D:\project CS\RT-DETRv2-COCO-Attack\source_data\attack_05\patched_images\000000193743.jpg,True,True,0.9660102725028992,0.9670480489730835,"[117.41722869873047, 47.291107177734375, 399.31591796875, 631.1773681640625]","[117.10289001464844, 47.19764709472656, 398.771728515625, 631.7369384765625]",0.9793290434986949,0.9815294266676625,-0.0010377764701843262,-0.0022003831689676456,True,False,300,300,57.96370000462048,58.39810000179568
attack_05,196141,car,D:\project CS\RT-DETRv2-COCO-Attack\source_data\attack_05\clean_images\000000196141.jpg,D:\project CS\RT-DETRv2-COCO-Attack\source_data\attack_05\patched_images\000000196141.jpg,True,False,0.6931614875793457,,"[461.8298034667969, 74.12299346923828, 583.416259765625, 138.96676635742188]",,0.8911723881560055,,,,True,True,300,300,57.09769999521086,54.4270999962464
attack_05,198805,car,D:\project CS\RT-DETRv2-COCO-Attack\source_data\attack_05\clean_images\000000198805.jpg,D:\project CS\RT-DETRv2-COCO-Attack\source_data\attack_05\patched_images\000000198805.jpg,True,True,0.6801357865333557,0.28204545378685,"[11.739392280578613, 232.75933837890625, 140.54962158203125, 279.87646484375]","[11.709527969360352, 218.80606079101562, 137.45648193359375, 279.665283203125]",0.9242084494031471,0.7116867087608696,0.39809033274650574,0.21252174064227747,True,False,300,300,54.69720000110101,54.19119999714894
attack_05,206411,person,D:\project CS\RT-DETRv2-COCO-Attack\source_data\attack_05\clean_images\000000206411.jpg,D:\project CS\RT-DETRv2-COCO-Attack\source_data\attack_05\patched_images\000000206411.jpg,True,True,0.7952290177345276,0.746452271938324,"[0.15909194946289062, 188.89466857910156, 185.4907989501953, 383.2334899902344]","[-0.07039070129394531, 188.7710418701172, 195.12387084960938, 384.5742492675781]",0.8843942003222497,0.8334284641829068,0.04877674579620361,0.050965736139342854,True,False,300,300,54.323200005455874,54.839099997479934
attack_05,208363,person,D:\project CS\RT-DETRv2-COCO-Attack\source_data\attack_05\clean_images\000000208363.jpg,D:\project CS\RT-DETRv2-COCO-Attack\source_data\attack_05\patched_images\000000208363.jpg,False,False,,,,,,,,,False,False,300,300,55.56660000002012,55.3037999998196
attack_05,209530,person,D:\project CS\RT-DETRv2-COCO-Attack\source_data\attack_05\clean_images\000000209530.jpg,D:\project CS\RT-DETRv2-COCO-Attack\source_data\attack_05\patched_images\000000209530.jpg,True,True,0.8992317914962769,0.8900867104530334,"[0.37407875061035156, 1.281955361366272, 204.67330932617188, 423.91168212890625]","[-0.09450912475585938, 1.4678014516830444, 205.90542602539062, 423.788818359375]",0.8156379654626599,0.8123834759369514,0.009145081043243408,0.003254489525708504,True,False,300,300,54.90540000027977,55.16989999887301
attack_05,210915,person,D:\project CS\RT-DETRv2-COCO-Attack\source_data\attack_05\clean_images\000000210915.jpg,D:\project CS\RT-DETRv2-COCO-Attack\source_data\attack_05\patched_images\000000210915.jpg,True,True,0.941187858581543,0.9268530607223511,"[133.21978759765625, 113.31497955322266, 412.540771484375, 290.9503479003906]","[133.2386932373047, 112.45835876464844, 411.45977783203125, 291.1751708984375]",0.936990422628882,0.9303012418114563,0.014334797859191895,0.006689180817425644,True,False,300,300,55.10130000038771,55.264700000407174
attack_05,211674,person,D:\project CS\RT-DETRv2-COCO-Attack\source_data\attack_05\clean_images\000000211674.jpg,D:\project CS\RT-DETRv2-COCO-Attack\source_data\attack_05\patched_images\000000211674.jpg,True,False,0.3999156355857849,,"[378.86322021484375, 202.85000610351562, 412.12554931640625, 264.7734069824219]",,0.5208845588491142,,,,True,True,300,300,54.62370000168448,54.72100000042701
attack_05,213033,person,D:\project CS\RT-DETRv2-COCO-Attack\source_data\attack_05\clean_images\000000213033.jpg,D:\project CS\RT-DETRv2-COCO-Attack\source_data\attack_05\patched_images\000000213033.jpg,True,True,0.9578962922096252,0.9552101492881775,"[117.08710479736328, 197.9192352294922, 342.60107421875, 635.2869262695312]","[117.24995422363281, 198.1626739501953, 342.7193603515625, 635.494140625]",0.9323013426225818,0.9315459874564754,0.002686142921447754,0.000755355166106364,True,False,300,300,54.398200001742225,55.08710000140127
attack_05,213255,car,D:\project CS\RT-DETRv2-COCO-Attack\source_data\attack_05\clean_images\000000213255.jpg,D:\project CS\RT-DETRv2-COCO-Attack\source_data\attack_05\patched_images\000000213255.jpg,True,True,0.9072710275650024,0.9114326238632202,"[190.62368774414062, 139.40423583984375, 343.98431396484375, 224.79026794433594]","[190.69447326660156, 139.60455322265625, 343.9875793457031, 224.5986328125]",0.8831108920977238,0.8832136283528844,-0.0041615962982177734,-0.00010273625516066254,True,False,300,300,54.35289999877568,54.79520000517368
attack_05,213605,car,D:\project CS\RT-DETRv2-COCO-Attack\source_data\attack_05\clean_images\000000213605.jpg,D:\project CS\RT-DETRv2-COCO-Attack\source_data\attack_05\patched_images\000000213605.jpg,True,True,0.9375442862510681,0.9311095476150513,"[357.8212890625, 445.2145690917969, 480.0283203125, 592.775146484375]","[357.806884765625, 445.20379638671875, 479.9820556640625, 592.76025390625]",0.9894959572324822,0.9897964138700076,0.006434738636016846,-0.00030045663752542584,True,False,300,300,54.95620000147028,54.546499995922204
attack_05,214703,person,D:\project CS\RT-DETRv2-COCO-Attack\source_data\attack_05\clean_images\000000214703.jpg,D:\project CS\RT-DETRv2-COCO-Attack\source_data\attack_05\patched_images\000000214703.jpg,True,True,0.7507951855659485,0.6566051840782166,"[259.0035705566406, 384.43157958984375, 408.026123046875, 447.6148681640625]","[258.7596740722656, 384.5736999511719, 408.6934509277344, 447.26458740234375]",0.7626879629941873,0.7640067887892178,0.09419000148773193,-0.0013188257950305093,True,False,300,300,54.470900002343114,54.38439999852562
attack_05,215723,car,D:\project CS\RT-DETRv2-COCO-Attack\source_data\attack_05\clean_images\000000215723.jpg,D:\project CS\RT-DETRv2-COCO-Attack\source_data\attack_05\patched_images\000000215723.jpg,True,True,0.8877707719802856,0.8231876492500305,"[-0.6427001953125, 74.30075073242188, 639.3519287109375, 475.4639587402344]","[-0.6490707397460938, 74.04134368896484, 639.3451538085938, 475.9527282714844]",0.9376615714334405,0.9358990889604647,0.06458312273025513,0.0017624824729758348,True,False,300,300,55.383599996275734,55.6261000019731
attack_05,216516,person,D:\project CS\RT-DETRv2-COCO-Attack\source_data\attack_05\clean_images\000000216516.jpg,D:\project CS\RT-DETRv2-COCO-Attack\source_data\attack_05\patched_images\000000216516.jpg,True,True,0.912568211555481,0.9154870510101318,"[134.4007568359375, 123.82699584960938, 248.5897674560547, 593.757568359375]","[134.25039672851562, 123.79934692382812, 248.5545654296875, 593.7671508789062]",0.9380331907280796,0.9371339131068711,-0.002918839454650879,0.0008992776212084497,True,False,300,300,54.57129999558674,55.33329999889247
attack_05,222094,car,D:\project CS\RT-DETRv2-COCO-Attack\source_data\attack_05\clean_images\000000222094.jpg,D:\project CS\RT-DETRv2-COCO-Attack\source_data\attack_05\patched_images\000000222094.jpg,True,True,0.4115557372570038,0.3617309629917145,"[28.64868927001953, 214.42526245117188, 111.85765075683594, 242.51478576660156]","[27.291566848754883, 214.48306274414062, 111.94490051269531, 242.45448303222656]",0.8992042056545576,0.9123654684724729,0.04982477426528931,-0.013161262817915298,True,False,300,300,54.46200000005774,53.805499999725726
attack_05,223959,person,D:\project CS\RT-DETRv2-COCO-Attack\source_data\attack_05\clean_images\000000223959.jpg,D:\project CS\RT-DETRv2-COCO-Attack\source_data\attack_05\patched_images\000000223959.jpg,True,True,0.9470036029815674,0.9497444033622742,"[150.6812744140625, 29.524269104003906, 312.097412109375, 626.625]","[150.9574737548828, 29.621734619140625, 312.1358947753906, 626.3177490234375]",0.9071690232365603,0.9061282064334087,-0.002740800380706787,0.0010408168031516007,True,False,300,300,55.31119999795919,54.76199999975506
attack_05,224724,car,D:\project CS\RT-DETRv2-COCO-Attack\source_data\attack_05\clean_images\000000224724.jpg,D:\project CS\RT-DETRv2-COCO-Attack\source_data\attack_05\patched_images\000000224724.jpg,True,True,0.5605639219284058,0.5459998846054077,"[285.2539978027344, 507.5317077636719, 422.58807373046875, 569.7910766601562]","[284.8013916015625, 507.7406311035156, 422.0794372558594, 569.3554077148438]",0.8656611445028923,0.8781294139883048,0.014564037322998047,-0.012468269485412464,True,False,300,300,54.63109999982407,54.270399996312335
attack_05,226417,car,D:\project CS\RT-DETRv2-COCO-Attack\source_data\attack_05\clean_images\000000226417.jpg,D:\project CS\RT-DETRv2-COCO-Attack\source_data\attack_05\patched_images\000000226417.jpg,True,True,0.8564602136611938,0.7939616441726685,"[155.14576721191406, 182.05982971191406, 197.40220642089844, 218.2873992919922]","[154.90992736816406, 182.0597686767578, 195.28106689453125, 218.07321166992188]",0.8950954494759532,0.8501056515666231,0.06249856948852539,0.04498979790933011,True,False,300,300,54.603800002951175,54.15039999934379
attack_05,228214,person,D:\project CS\RT-DETRv2-COCO-Attack\source_data\attack_05\clean_images\000000228214.jpg,D:\project CS\RT-DETRv2-COCO-Attack\source_data\attack_05\patched_images\000000228214.jpg,True,True,0.9457087516784668,0.9426225423812866,"[1.7935712337493896, 25.277462005615234, 393.0769348144531, 634.749267578125]","[0.4561630189418793, 25.721588134765625, 398.4004821777344, 634.5046997070312]",0.9540824449130738,0.9396563884353434,0.0030862092971801758,0.014426056477730431,True,False,300,300,55.8582999947248,55.588499999430496
attack_05,228942,car,D:\project CS\RT-DETRv2-COCO-Attack\source_data\attack_05\clean_images\000000228942.jpg,D:\project CS\RT-DETRv2-COCO-Attack\source_data\attack_05\patched_images\000000228942.jpg,True,True,0.9651240110397339,0.9632336497306824,"[0.259552001953125, 131.6448211669922, 382.9981689453125, 299.5269775390625]","[0.3251075744628906, 131.70285034179688, 383.26690673828125, 299.6102600097656]",0.978162558846716,0.9774965251854432,0.0018903613090515137,0.0006660336612728246,True,False,300,300,54.52510000031907,54.337699999450706
attack_05,231508,car,D:\project CS\RT-DETRv2-COCO-Attack\source_data\attack_05\clean_images\000000231508.jpg,D:\project CS\RT-DETRv2-COCO-Attack\source_data\attack_05\patched_images\000000231508.jpg,True,False,0.2982874810695648,,"[127.46116638183594, 103.31368255615234, 235.82666015625, 157.2045135498047]",,0.6637856358139257,,,,True,True,300,300,54.98289999377448,54.62919999990845
attack_05,232692,person,D:\project CS\RT-DETRv2-COCO-Attack\source_data\attack_05\clean_images\000000232692.jpg,D:\project CS\RT-DETRv2-COCO-Attack\source_data\attack_05\patched_images\000000232692.jpg,True,True,0.9219735860824585,0.908755362033844,"[253.96231079101562, 43.79429626464844, 403.2433776855469, 211.14183044433594]","[253.49057006835938, 43.805450439453125, 403.661376953125, 207.9012908935547]",0.9278290129420498,0.9053533228178514,0.013218224048614502,0.022475690124198366,True,False,300,300,54.73110000457382,54.499500001838896
attack_05,236845,car,D:\project CS\RT-DETRv2-COCO-Attack\source_data\attack_05\clean_images\000000236845.jpg,D:\project CS\RT-DETRv2-COCO-Attack\source_data\attack_05\patched_images\000000236845.jpg,True,True,0.8776666522026062,0.7501925230026245,"[48.22732925415039, 424.7574157714844, 101.33841705322266, 466.782958984375]","[64.41793823242188, 424.86505126953125, 101.59056854248047, 465.3885498046875]",0.8788745088913716,0.592508488412454,0.1274741291999817,0.2863660204789177,True,False,300,300,54.59610000252724,54.82080000365386
attack_05,242411,car,D:\project CS\RT-DETRv2-COCO-Attack\source_data\attack_05\clean_images\000000242411.jpg,D:\project CS\RT-DETRv2-COCO-Attack\source_data\attack_05\patched_images\000000242411.jpg,True,True,0.6284934878349304,0.6191979646682739,"[291.3507080078125, 602.1546630859375, 424.12908935546875, 639.6748046875]","[290.99420166015625, 602.2037963867188, 424.0016784667969, 639.548095703125]",0.8194548118911897,0.81845061732939,0.009295523166656494,0.0010041945617997872,True,False,300,300,54.117300001962576,54.48669999896083
attack_05,245311,person,D:\project CS\RT-DETRv2-COCO-Attack\source_data\attack_05\clean_images\000000245311.jpg,D:\project CS\RT-DETRv2-COCO-Attack\source_data\attack_05\patched_images\000000245311.jpg,True,True,0.8962282538414001,0.8331655859947205,"[182.00375366210938, 77.74441528320312, 372.0270080566406, 400.7027587890625]","[181.62103271484375, 49.48552703857422, 355.48175048828125, 400.16168212890625]",0.9204867525212991,0.7779072347114446,0.06306266784667969,0.14257951780985445,True,False,300,300,54.219500001636334,54.68549999932293
attack_05,245448,person,D:\project CS\RT-DETRv2-COCO-Attack\source_data\attack_05\clean_images\000000245448.jpg,D:\project CS\RT-DETRv2-COCO-Attack\source_data\attack_05\patched_images\000000245448.jpg,True,True,0.9527278542518616,0.9554271101951599,"[157.37295532226562, 114.80628204345703, 280.09136962890625, 418.3568115234375]","[157.29063415527344, 114.74700164794922, 279.570556640625, 418.3858642578125]",0.9614362306739672,0.9566536805172082,-0.00269925594329834,0.004782550156758991,True,False,300,300,54.195199998503085,54.54179999651387
attack_05,246883,person,D:\project CS\RT-DETRv2-COCO-Attack\source_data\attack_05\clean_images\000000246883.jpg,D:\project CS\RT-DETRv2-COCO-Attack\source_data\attack_05\patched_images\000000246883.jpg,True,True,0.9177109003067017,0.9074857831001282,"[256.95123291015625, 225.75645446777344, 307.0733947753906, 351.2984313964844]","[256.982177734375, 225.67532348632812, 307.7287292480469, 351.340087890625]",0.9463855400263129,0.9344465033938532,0.010225117206573486,0.011939036632459765,True,False,300,300,53.941300000587944,54.44020000140881
attack_05,254368,person,D:\project CS\RT-DETRv2-COCO-Attack\source_data\attack_05\clean_images\000000254368.jpg,D:\project CS\RT-DETRv2-COCO-Attack\source_data\attack_05\patched_images\000000254368.jpg,True,True,0.2713569402694702,0.8322716951370239,"[28.0530948638916, 67.024169921875, 390.67138671875, 430.2330017089844]","[20.666513442993164, 67.54075622558594, 391.7291564941406, 633.036865234375]",0.9076809275439575,0.6665619512579392,-0.5609147548675537,0.2411189762860183,True,False,300,300,55.67950000113342,56.067500001518056
attack_05,259830,person,D:\project CS\RT-DETRv2-COCO-Attack\source_data\attack_05\clean_images\000000259830.jpg,D:\project CS\RT-DETRv2-COCO-Attack\source_data\attack_05\patched_images\000000259830.jpg,True,True,0.5720040798187256,0.5097180008888245,"[0.10239659249782562, 350.00299072265625, 36.00825500488281, 464.34600830078125]","[0.043653324246406555, 350.7902526855469, 35.439517974853516, 461.8013916015625]",0.9050633058962532,0.9316498600537677,0.06228607892990112,-0.02658655415751454,True,False,300,300,54.89289999968605,55.26429999736138
attack_05,260266,car,D:\project CS\RT-DETRv2-COCO-Attack\source_data\attack_05\clean_images\000000260266.jpg,D:\project CS\RT-DETRv2-COCO-Attack\source_data\attack_05\patched_images\000000260266.jpg,True,True,0.9185050129890442,0.9108667969703674,"[49.91440200805664, 514.7255249023438, 127.24799346923828, 552.6196899414062]","[49.96072769165039, 515.0781860351562, 127.892822265625, 552.0166625976562]",0.8998059403923294,0.9159969953096023,0.007638216018676758,-0.016191054917272907,True,False,300,300,54.15790000552079,53.540099994279444
attack_05,261036,person,D:\project CS\RT-DETRv2-COCO-Attack\source_data\attack_05\clean_images\000000261036.jpg,D:\project CS\RT-DETRv2-COCO-Attack\source_data\attack_05\patched_images\000000261036.jpg,True,True,0.935971200466156,0.9356999397277832,"[43.87916564941406, 125.1942367553711, 146.00502014160156, 454.09124755859375]","[43.630855560302734, 125.25794219970703, 145.87649536132812, 454.1448669433594]",0.9466764609083578,0.9478093827677018,0.00027126073837280273,-0.0011329218593439938,True,False,300,300,54.99309999868274,54.921199996897485
attack_05,261097,person,D:\project CS\RT-DETRv2-COCO-Attack\source_data\attack_05\clean_images\000000261097.jpg,D:\project CS\RT-DETRv2-COCO-Attack\source_data\attack_05\patched_images\000000261097.jpg,False,False,,,,,,,,,False,False,300,300,54.809500004921574,55.13999999675434
attack_05,263068,person,D:\project CS\RT-DETRv2-COCO-Attack\source_data\attack_05\clean_images\000000263068.jpg,D:\project CS\RT-DETRv2-COCO-Attack\source_data\attack_05\patched_images\000000263068.jpg,True,True,0.931556761264801,0.9320615530014038,"[195.94979858398438, 41.90058135986328, 279.82989501953125, 211.62611389160156]","[193.97752380371094, 42.04599380493164, 280.0276794433594, 211.71124267578125]",0.9623865714037801,0.9675519170173833,-0.0005047917366027832,-0.005165345613603156,True,False,300,300,54.22579999867594,53.78059999929974
attack_05,263463,car,D:\project CS\RT-DETRv2-COCO-Attack\source_data\attack_05\clean_images\000000263463.jpg,D:\project CS\RT-DETRv2-COCO-Attack\source_data\attack_05\patched_images\000000263463.jpg,True,True,0.4828345477581024,0.3596091866493225,"[60.715389251708984, 68.97086334228516, 600.5546875, 423.42364501953125]","[2.0068931579589844, 68.89842987060547, 638.7921142578125, 424.3544006347656]",0.7958509278060288,0.8402465617913407,0.12322536110877991,-0.04439563398531188,True,False,300,300,55.94369999744231,55.92719999549445
attack_05,265816,person,D:\project CS\RT-DETRv2-COCO-Attack\source_data\attack_05\clean_images\000000265816.jpg,D:\project CS\RT-DETRv2-COCO-Attack\source_data\attack_05\patched_images\000000265816.jpg,True,True,0.8978986144065857,0.5822030901908875,"[372.80096435546875, 220.63851928710938, 447.0564270019531, 323.9515380859375]","[372.5790100097656, 220.3740692138672, 446.89410400390625, 323.3621826171875]",0.9284306198485625,0.9211174094624992,0.31569552421569824,0.007313210386063251,True,False,300,300,54.93269999715267,54.8209999979008
attack_05,269942,car,D:\project CS\RT-DETRv2-COCO-Attack\source_data\attack_05\clean_images\000000269942.jpg,D:\project CS\RT-DETRv2-COCO-Attack\source_data\attack_05\patched_images\000000269942.jpg,True,True,0.9367033839225769,0.9337854981422424,"[92.20946502685547, 460.9847412109375, 152.33409118652344, 508.77044677734375]","[92.21129608154297, 460.9090576171875, 152.38980102539062, 508.884521484375]",0.9662137232649965,0.9691540312556034,0.0029178857803344727,-0.0029403079906068497,True,False,300,300,54.294399997161236,54.436800004623365
attack_05,270908,person,D:\project CS\RT-DETRv2-COCO-Attack\source_data\attack_05\clean_images\000000270908.jpg,D:\project CS\RT-DETRv2-COCO-Attack\source_data\attack_05\patched_images\000000270908.jpg,True,True,0.9480438828468323,0.9495162963867188,"[24.74816131591797, 29.130390167236328, 364.498779296875, 207.4862060546875]","[25.158838272094727, 29.271032333374023, 364.4551086425781, 207.28347778320312]",0.9642101577116672,0.9670924450747477,-0.0014724135398864746,-0.0028822873630804935,True,False,300,300,54.66639999940526,55.252899997867644
attack_05,273198,car,D:\project CS\RT-DETRv2-COCO-Attack\source_data\attack_05\clean_images\000000273198.jpg,D:\project CS\RT-DETRv2-COCO-Attack\source_data\attack_05\patched_images\000000273198.jpg,True,True,0.7727931141853333,0.7520226836204529,"[257.4739685058594, -0.018361955881118774, 386.49578857421875, 33.38632583618164]","[257.281494140625, 0.00030174851417541504, 386.3537902832031, 33.347572326660156]",0.9936606154350941,0.9970286727056735,0.02077043056488037,-0.0033680572705794276,True,False,300,300,54.99009999766713,55.35980000422569
attack_05,273715,person,D:\project CS\RT-DETRv2-COCO-Attack\source_data\attack_05\clean_images\000000273715.jpg,D:\project CS\RT-DETRv2-COCO-Attack\source_data\attack_05\patched_images\000000273715.jpg,True,True,0.9319872260093689,0.9290319085121155,"[442.29949951171875, 158.00048828125, 496.7037353515625, 300.4958801269531]","[442.3589782714844, 158.0476531982422, 496.6951599121094, 300.44683837890625]",0.8526054868763445,0.850964041686635,0.002955317497253418,0.001641445189709545,True,False,300,300,54.6256999950856,54.45319999853382
attack_05,274411,car,D:\project CS\RT-DETRv2-COCO-Attack\source_data\attack_05\clean_images\000000274411.jpg,D:\project CS\RT-DETRv2-COCO-Attack\source_data\attack_05\patched_images\000000274411.jpg,True,True,0.46169090270996094,0.4553197920322418,"[0.48373496532440186, 143.489013671875, 391.54840087890625, 378.6208801269531]","[1.9573733806610107, 145.19863891601562, 391.64947509765625, 380.6719970703125]",0.6779910120300022,0.689343828182312,0.006371110677719116,-0.011352816152309764,True,False,300,300,55.561500004841946,55.35210000380175
attack_05,275749,person,D:\project CS\RT-DETRv2-COCO-Attack\source_data\attack_05\clean_images\000000275749.jpg,D:\project CS\RT-DETRv2-COCO-Attack\source_data\attack_05\patched_images\000000275749.jpg,True,True,0.932951807975769,0.9345685839653015,"[315.8663635253906, 126.83158111572266, 399.41131591796875, 351.7951965332031]","[315.9102783203125, 126.84561920166016, 399.2676696777344, 351.7831726074219]",0.9432162218251708,0.9409896456766607,-0.0016167759895324707,0.0022265761485101843,True,False,300,300,55.1056000040262,54.39789999945788
attack_05,276018,person,D:\project CS\RT-DETRv2-COCO-Attack\source_data\attack_05\clean_images\000000276018.jpg,D:\project CS\RT-DETRv2-COCO-Attack\source_data\attack_05\patched_images\000000276018.jpg,False,False,,,,,,,,,False,False,300,300,56.162899993069004,56.447700000717305
attack_05,276707,car,D:\project CS\RT-DETRv2-COCO-Attack\source_data\attack_05\clean_images\000000276707.jpg,D:\project CS\RT-DETRv2-COCO-Attack\source_data\attack_05\patched_images\000000276707.jpg,True,True,0.6037869453430176,0.6778526306152344,"[0.17914295196533203, 450.5866394042969, 108.9593505859375, 479.8143615722656]","[0.1901865005493164, 450.7044372558594, 109.15017700195312, 479.88653564453125]",0.9653710125963153,0.9654570856962228,-0.0740656852722168,-8.607309990749101e-05,True,False,300,300,53.892800002358854,54.22960000578314
attack_05,276720,car,D:\project CS\RT-DETRv2-COCO-Attack\source_data\attack_05\clean_images\000000276720.jpg,D:\project CS\RT-DETRv2-COCO-Attack\source_data\attack_05\patched_images\000000276720.jpg,True,True,0.6953743696212769,0.4018646478652954,"[270.3545837402344, 280.246826171875, 309.42840576171875, 315.3238220214844]","[270.08685302734375, 280.0361633300781, 309.4166259765625, 315.1574401855469]",0.7282387235662813,0.7165019923882011,0.29350972175598145,0.011736731178080162,True,False,300,300,54.304499994032085,53.73880000115605
attack_05,277005,car,D:\project CS\RT-DETRv2-COCO-Attack\source_data\attack_05\clean_images\000000277005.jpg,D:\project CS\RT-DETRv2-COCO-Attack\source_data\attack_05\patched_images\000000277005.jpg,True,True,0.8186947107315063,0.8122869729995728,"[414.58599853515625, 267.06524658203125, 551.4277954101562, 333.0698547363281]","[414.5322265625, 271.1050720214844, 551.1734619140625, 333.1220703125]",0.6614735040344693,0.6206002540731633,0.006407737731933594,0.040873249961305924,True,False,300,300,53.84000000049127,54.0712000001804
attack_05,278749,car,D:\project CS\RT-DETRv2-COCO-Attack\source_data\attack_05\clean_images\000000278749.jpg,D:\project CS\RT-DETRv2-COCO-Attack\source_data\attack_05\patched_images\000000278749.jpg,True,True,0.8793192505836487,0.8581781983375549,"[81.54490661621094, 109.38862609863281, 118.0627212524414, 127.01673889160156]","[81.30963897705078, 109.41123962402344, 117.99714660644531, 127.02978515625]",0.7968725657375877,0.8030178688266422,0.02114105224609375,-0.006145303089054477,True,False,300,300,54.076300002634525,54.419600004621316
attack_05,279730,person,D:\project CS\RT-DETRv2-COCO-Attack\source_data\attack_05\clean_images\000000279730.jpg,D:\project CS\RT-DETRv2-COCO-Attack\source_data\attack_05\patched_images\000000279730.jpg,True,True,0.7975531220436096,0.851096510887146,"[196.2389678955078, 204.8238067626953, 371.19610595703125, 331.1113586425781]","[196.2186737060547, 204.76455688476562, 370.91278076171875, 330.7605895996094]",0.9613336089024295,0.9619262859069402,-0.05354338884353638,-0.000592677004510711,True,False,300,300,56.42240000452148,56.70220000320114
attack_05,280891,person,D:\project CS\RT-DETRv2-COCO-Attack\source_data\attack_05\clean_images\000000280891.jpg,D:\project CS\RT-DETRv2-COCO-Attack\source_data\attack_05\patched_images\000000280891.jpg,True,True,0.8819507956504822,0.38905638456344604,"[220.41485595703125, 96.26819610595703, 416.77374267578125, 507.0701904296875]","[120.70880126953125, 97.68802642822266, 414.652099609375, 509.7196960449219]",0.6397526612966887,0.9566355800683041,0.49289441108703613,-0.31688291877161534,True,False,300,300,56.178899998485576,55.77199999970617
attack_05,284725,car,D:\project CS\RT-DETRv2-COCO-Attack\source_data\attack_05\clean_images\000000284725.jpg,D:\project CS\RT-DETRv2-COCO-Attack\source_data\attack_05\patched_images\000000284725.jpg,True,True,0.9462880492210388,0.947306752204895,"[146.6258544921875, 285.6822204589844, 378.79620361328125, 376.1563415527344]","[146.48533630371094, 285.9927978515625, 378.8818359375, 376.06378173828125]",0.9434647418549462,0.944778765150769,-0.0010187029838562012,-0.0013140232958227527,True,False,300,300,54.487300003529526,54.21629999909783
attack_05,287291,car,D:\project CS\RT-DETRv2-COCO-Attack\source_data\attack_05\clean_images\000000287291.jpg,D:\project CS\RT-DETRv2-COCO-Attack\source_data\attack_05\patched_images\000000287291.jpg,True,True,0.5308124423027039,0.3463456630706787,"[0.009842216968536377, 218.04684448242188, 129.41575622558594, 374.0790100097656]","[-0.03962963819503784, 218.3240509033203, 128.28298950195312, 373.9747009277344]",0.9254226046477003,0.9266136872258338,0.18446677923202515,-0.0011910825781334955,True,False,300,300,54.59889999474399,54.05340000288561
attack_05,289594,car,D:\project CS\RT-DETRv2-COCO-Attack\source_data\attack_05\clean_images\000000289594.jpg,D:\project CS\RT-DETRv2-COCO-Attack\source_data\attack_05\patched_images\000000289594.jpg,True,True,0.5284736156463623,0.4493798613548279,"[22.77043914794922, 270.54876708984375, 67.43192291259766, 304.8757629394531]","[22.01493263244629, 269.0822448730469, 67.43352508544922, 305.24822998046875]",0.8905611657335817,0.920147496538735,0.07909375429153442,-0.02958633080515327,True,False,300,300,54.538500000489876,54.130599994095974
attack_05,289960,person,D:\project CS\RT-DETRv2-COCO-Attack\source_data\attack_05\clean_images\000000289960.jpg,D:\project CS\RT-DETRv2-COCO-Attack\source_data\attack_05\patched_images\000000289960.jpg,True,True,0.9261103272438049,0.9229177236557007,"[441.853515625, 291.357421875, 491.04327392578125, 394.3431396484375]","[441.59765625, 291.3663330078125, 490.93048095703125, 394.30596923828125]",0.92381640414134,0.9302811666098487,0.003192603588104248,-0.006464762468508689,True,False,300,300,54.35320000106003,54.25049999757903
attack_05,293071,car,D:\project CS\RT-DETRv2-COCO-Attack\source_data\attack_05\clean_images\000000293071.jpg,D:\project CS\RT-DETRv2-COCO-Attack\source_data\attack_05\patched_images\000000293071.jpg,True,True,0.9519920349121094,0.9537193179130554,"[72.64064025878906, 149.5832061767578, 277.00604248046875, 230.95970153808594]","[72.63428497314453, 149.57672119140625, 276.7474365234375, 230.94668579101562]",0.9638449277649883,0.9625144996568455,-0.001727283000946045,0.0013304281081427671,True,False,300,300,54.34339999919757,54.41350000182865
attack_05,293300,person,D:\project CS\RT-DETRv2-COCO-Attack\source_data\attack_05\clean_images\000000293300.jpg,D:\project CS\RT-DETRv2-COCO-Attack\source_data\attack_05\patched_images\000000293300.jpg,True,True,0.8062282800674438,0.5365632176399231,"[0.04231452941894531, 285.6970520019531, 89.37943267822266, 426.01910400390625]","[-0.05550384521484375, 285.0622863769531, 89.13372039794922, 425.8935546875]",0.9238955614774363,0.9263699191508197,0.26966506242752075,-0.0024743576733833317,True,False,300,300,55.61670000315644,55.03640000097221
attack_05,295420,car,D:\project CS\RT-DETRv2-COCO-Attack\source_data\attack_05\clean_images\000000295420.jpg,D:\project CS\RT-DETRv2-COCO-Attack\source_data\attack_05\patched_images\000000295420.jpg,True,True,0.9256687164306641,0.921820878982544,"[59.46687698364258, 289.97467041015625, 91.66970825195312, 318.1191101074219]","[59.535526275634766, 289.8848876953125, 91.7392807006836, 318.16064453125]",0.9356178211625285,0.9342356585147307,0.003847837448120117,0.00138216264779778,True,False,300,300,54.3584999977611,54.534099996089935
attack_05,295809,car,D:\project CS\RT-DETRv2-COCO-Attack\source_data\attack_05\clean_images\000000295809.jpg,D:\project CS\RT-DETRv2-COCO-Attack\source_data\attack_05\patched_images\000000295809.jpg,True,True,0.5153351426124573,0.5228299498558044,"[50.7749137878418, 104.33711242675781, 150.34237670898438, 141.82176208496094]","[50.67180633544922, 104.33367919921875, 150.16830444335938, 141.85818481445312]",0.9350755915281896,0.933643422025944,-0.007494807243347168,0.0014321695022456726,True,False,300,300,54.33859999902779,53.62060000334168
attack_05,296649,car,D:\project CS\RT-DETRv2-COCO-Attack\source_data\attack_05\clean_images\000000296649.jpg,D:\project CS\RT-DETRv2-COCO-Attack\source_data\attack_05\patched_images\000000296649.jpg,True,True,0.8324100971221924,0.8058769702911377,"[425.8985900878906, 328.0947570800781, 640.232177734375, 425.37713623046875]","[425.5508117675781, 328.1947937011719, 640.2322998046875, 425.3814697265625]",0.9487193360917767,0.9481146196611274,0.026533126831054688,0.0006047164306492991,True,False,300,300,54.96869999478804,54.51560000074096
attack_05,297578,car,D:\project CS\RT-DETRv2-COCO-Attack\source_data\attack_05\clean_images\000000297578.jpg,D:\project CS\RT-DETRv2-COCO-Attack\source_data\attack_05\patched_images\000000297578.jpg,True,True,0.2885395884513855,0.3524123728275299,"[416.1481628417969, 95.89860534667969, 482.5898742675781, 276.5303649902344]","[416.9906005859375, 94.9188461303711, 478.82000732421875, 227.56149291992188]",0.5195688375221413,0.760325856429243,-0.06387278437614441,-0.24075701890710166,True,False,300,300,55.06500000046799,54.84189999697264
attack_05,299887,person,D:\project CS\RT-DETRv2-COCO-Attack\source_data\attack_05\clean_images\000000299887.jpg,D:\project CS\RT-DETRv2-COCO-Attack\source_data\attack_05\patched_images\000000299887.jpg,True,True,0.9375779032707214,0.9209607839584351,"[209.9769287109375, 106.06378173828125, 434.6419982910156, 476.00006103515625]","[209.87896728515625, 106.36981201171875, 391.91180419921875, 475.8557434082031]",0.9478252807849493,0.7665641032087335,0.016617119312286377,0.18126117757621585,True,False,300,300,55.46400000457652,55.24900000455091
attack_05,301135,car,D:\project CS\RT-DETRv2-COCO-Attack\source_data\attack_05\clean_images\000000301135.jpg,D:\project CS\RT-DETRv2-COCO-Attack\source_data\attack_05\patched_images\000000301135.jpg,True,True,0.9388263821601868,0.936009407043457,"[298.5452880859375, 347.696044921875, 409.2216491699219, 396.2380676269531]","[298.52685546875, 347.4654541015625, 409.4171447753906, 396.1158752441406]",0.9297580781124809,0.9291540758313204,0.0028169751167297363,0.0006040022811605317,True,False,300,300,54.59560000599595,54.54430000099819
attack_05,301376,car,D:\project CS\RT-DETRv2-COCO-Attack\source_data\attack_05\clean_images\000000301376.jpg,D:\project CS\RT-DETRv2-COCO-Attack\source_data\attack_05\patched_images\000000301376.jpg,True,True,0.9138011932373047,0.9169471263885498,"[0.06889361143112183, 390.875732421875, 97.14395141601562, 476.8112487792969]","[0.08147746324539185, 390.8659973144531, 97.3865966796875, 476.8952331542969]",0.946281167776826,0.9495878723230481,-0.003145933151245117,-0.0033067045462220612,True,False,300,300,54.47089999506716,54.14600000221981
attack_05,303305,car,D:\project CS\RT-DETRv2-COCO-Attack\source_data\attack_05\clean_images\000000303305.jpg,D:\project CS\RT-DETRv2-COCO-Attack\source_data\attack_05\patched_images\000000303305.jpg,True,True,0.7283259034156799,0.4237131178379059,"[591.2551879882812, 203.58702087402344, 639.9572143554688, 253.05401611328125]","[590.4735717773438, 203.21026611328125, 639.9701538085938, 253.45562744140625]",0.955463779827017,0.9454364669117024,0.30461278557777405,0.010027312915314668,True,False,300,300,54.06070000026375,54.821500001708046
attack_05,309173,person,D:\project CS\RT-DETRv2-COCO-Attack\source_data\attack_05\clean_images\000000309173.jpg,D:\project CS\RT-DETRv2-COCO-Attack\source_data\attack_05\patched_images\000000309173.jpg,False,True,,0.2688692510128021,,"[82.3155288696289, 373.4983825683594, 107.25325012207031, 417.182861328125]",,0.867461293990529,,,False,False,300,300,54.44279999937862,54.36809999810066
attack_05,309964,car,D:\project CS\RT-DETRv2-COCO-Attack\source_data\attack_05\clean_images\000000309964.jpg,D:\project CS\RT-DETRv2-COCO-Attack\source_data\attack_05\patched_images\000000309964.jpg,True,True,0.5148632526397705,0.2618732154369354,"[542.0520629882812, 98.42422485351562, 639.94580078125, 223.95501708984375]","[542.31640625, 98.7296371459961, 639.904296875, 269.7596130371094]",0.9135375084561488,0.7509886961956498,0.2529900372028351,0.162548812260499,True,False,300,300,55.666000000201166,55.94950000522658
attack_05,310072,car,D:\project CS\RT-DETRv2-COCO-Attack\source_data\attack_05\clean_images\000000310072.jpg,D:\project CS\RT-DETRv2-COCO-Attack\source_data\attack_05\patched_images\000000310072.jpg,True,True,0.953158438205719,0.9535073637962341,"[227.3479461669922, 0.11753008514642715, 481.29022216796875, 68.41939544677734]","[227.39346313476562, 0.05129867047071457, 481.29742431640625, 68.39055633544922]",0.9700645435440741,0.9704491682299337,-0.0003489255905151367,-0.0003846246858595359,True,False,300,300,55.16720000014175,55.47600000136299
attack_05,311394,person,D:\project CS\RT-DETRv2-COCO-Attack\source_data\attack_05\clean_images\000000311394.jpg,D:\project CS\RT-DETRv2-COCO-Attack\source_data\attack_05\patched_images\000000311394.jpg,True,True,0.9716198444366455,0.9760861396789551,"[0.24498939514160156, 0.7504844665527344, 480.1707458496094, 635.1055297851562]","[0.06440162658691406, 0.806121826171875, 480.051513671875, 634.6901245117188]",0.9692792282908733,0.9698755122422528,-0.00446629524230957,-0.0005962839513794504,True,False,300,300,56.01839999872027,55.91560000175377
attack_05,311928,person,D:\project CS\RT-DETRv2-COCO-Attack\source_data\attack_05\clean_images\000000311928.jpg,D:\project CS\RT-DETRv2-COCO-Attack\source_data\attack_05\patched_images\000000311928.jpg,True,True,0.9454050064086914,0.9453145861625671,"[78.9566879272461, 34.57279586791992, 255.451171875, 396.01434326171875]","[78.89019012451172, 34.55344772338867, 254.75613403320312, 395.76593017578125]",0.9598308319648803,0.9646103436478355,9.042024612426758e-05,-0.0047795116829552065,True,False,300,300,55.06199999945238,54.99710000003688
attack_05,313454,person,D:\project CS\RT-DETRv2-COCO-Attack\source_data\attack_05\clean_images\000000313454.jpg,D:\project CS\RT-DETRv2-COCO-Attack\source_data\attack_05\patched_images\000000313454.jpg,True,True,0.9132939577102661,0.9108136892318726,"[7.491111755371094, 75.56316375732422, 147.70521545410156, 385.4352111816406]","[7.443342208862305, 75.56596374511719, 146.89114379882812, 384.9801025390625]",0.9141643950885441,0.9205482933367989,0.0024802684783935547,-0.0063838982482548046,True,False,300,300,55.675600000540726,55.37089999415912
attack_05,315187,car,D:\project CS\RT-DETRv2-COCO-Attack\source_data\attack_05\clean_images\000000315187.jpg,D:\project CS\RT-DETRv2-COCO-Attack\source_data\attack_05\patched_images\000000315187.jpg,True,True,0.9197484254837036,0.9208878874778748,"[193.28573608398438, 349.62884521484375, 318.69757080078125, 400.8823547363281]","[193.1362762451172, 349.6371154785156, 318.4383850097656, 400.874267578125]",0.9442977015864337,0.9412573153233922,-0.0011394619941711426,0.0030403862630414835,True,False,300,300,54.2864999952144,53.974900001776405
attack_05,315450,car,D:\project CS\RT-DETRv2-COCO-Attack\source_data\attack_05\clean_images\000000315450.jpg,D:\project CS\RT-DETRv2-COCO-Attack\source_data\attack_05\patched_images\000000315450.jpg,True,True,0.9428917169570923,0.9426572918891907,"[48.19700622558594, 230.00552368164062, 148.7393798828125, 297.4984436035156]","[48.196617126464844, 230.01377868652344, 148.6240234375, 297.3261413574219]",0.9388473380715896,0.9354770099046511,0.00023442506790161133,0.0033703281669384966,True,False,300,300,54.76069999713218,54.35579999902984
attack_05,315492,person,D:\project CS\RT-DETRv2-COCO-Attack\source_data\attack_05\clean_images\000000315492.jpg,D:\project CS\RT-DETRv2-COCO-Attack\source_data\attack_05\patched_images\000000315492.jpg,True,True,0.8214922547340393,0.7134076356887817,"[169.7213134765625, 158.99017333984375, 340.5236511230469, 461.7958679199219]","[169.45657348632812, 159.1580352783203, 340.4023742675781, 462.1561279296875]",0.8808368235842655,0.8813838135234219,0.10808461904525757,-0.0005469899391563615,True,False,300,300,55.1227000032668,55.22170000040205
attack_05,318138,person,D:\project CS\RT-DETRv2-COCO-Attack\source_data\attack_05\clean_images\000000318138.jpg,D:\project CS\RT-DETRv2-COCO-Attack\source_data\attack_05\patched_images\000000318138.jpg,True,True,0.9430553317070007,0.9514157772064209,"[148.2980499267578, 41.90275192260742, 480.19775390625, 635.6070556640625]","[146.2122039794922, 42.33428955078125, 479.875244140625, 635.4934692382812]",0.9112950002110717,0.9166577117248442,-0.008360445499420166,-0.0053627115137725445,True,False,300,300,56.16649999865331,55.88970000098925
attack_05,319607,car,D:\project CS\RT-DETRv2-COCO-Attack\source_data\attack_05\clean_images\000000319607.jpg,D:\project CS\RT-DETRv2-COCO-Attack\source_data\attack_05\patched_images\000000319607.jpg,False,False,,,,,,,,,False,False,300,300,54.73039999924367,54.37609999353299
attack_05,320490,person,D:\project CS\RT-DETRv2-COCO-Attack\source_data\attack_05\clean_images\000000320490.jpg,D:\project CS\RT-DETRv2-COCO-Attack\source_data\attack_05\patched_images\000000320490.jpg,True,True,0.9205673933029175,0.8444930911064148,"[312.8807373046875, 199.28831481933594, 466.82513427734375, 424.0029296875]","[313.2910461425781, 199.6749267578125, 446.8668212890625, 424.18731689453125]",0.9865729570088461,0.859608276507532,0.07607430219650269,0.12696468050131404,True,False,300,300,54.53080000006594,55.080600002838764
attack_05,322163,person,D:\project CS\RT-DETRv2-COCO-Attack\source_data\attack_05\clean_images\000000322163.jpg,D:\project CS\RT-DETRv2-COCO-Attack\source_data\attack_05\patched_images\000000322163.jpg,True,True,0.9327304363250732,0.9212805032730103,"[20.93311309814453, 63.67414093017578, 250.18812561035156, 424.19580078125]","[20.735301971435547, 63.528343200683594, 250.00062561035156, 433.51434326171875]",0.9557480296110181,0.9328698852131132,0.011449933052062988,0.02287814439790492,True,False,300,300,55.73000000003958,55.41539999831002
attack_05,323571,car,D:\project CS\RT-DETRv2-COCO-Attack\source_data\attack_05\clean_images\000000323571.jpg,D:\project CS\RT-DETRv2-COCO-Attack\source_data\attack_05\patched_images\000000323571.jpg,True,True,0.6793626546859741,0.5835334062576294,"[74.8965072631836, 594.34130859375, 152.1023712158203, 628.208984375]","[74.80623626708984, 594.519287109375, 151.83706665039062, 627.5411987304688]",0.9137712691379122,0.8889321391572098,0.09582924842834473,0.024839129980702368,True,False,300,300,54.78629999561235,54.58419999922626
attack_05,324158,car,D:\project CS\RT-DETRv2-COCO-Attack\source_data\attack_05\clean_images\000000324158.jpg,D:\project CS\RT-DETRv2-COCO-Attack\source_data\attack_05\patched_images\000000324158.jpg,False,False,,,,,,,,,False,False,300,300,54.45029999827966,54.49550000048475
attack_05,325483,person,D:\project CS\RT-DETRv2-COCO-Attack\source_data\attack_05\clean_images\000000325483.jpg,D:\project CS\RT-DETRv2-COCO-Attack\source_data\attack_05\patched_images\000000325483.jpg,True,True,0.9568526148796082,0.956964373588562,"[118.3687973022461, 102.21208953857422, 302.6617736816406, 476.2256774902344]","[118.45042419433594, 102.27490234375, 302.7499694824219, 476.3258972167969]",0.9854849618397191,0.9868202286786042,-0.00011175870895385742,-0.0013352668388850741,True,False,300,300,54.161100000783335,54.65630000253441
attack_05,326128,person,D:\project CS\RT-DETRv2-COCO-Attack\source_data\attack_05\clean_images\000000326128.jpg,D:\project CS\RT-DETRv2-COCO-Attack\source_data\attack_05\patched_images\000000326128.jpg,True,True,0.9207184910774231,0.9158508777618408,"[242.8131866455078, 183.59722900390625, 369.0281982421875, 594.0382080078125]","[242.2000732421875, 183.7901611328125, 369.138671875, 593.9573364257812]",0.968291807190558,0.9728068866913682,0.004867613315582275,-0.004515079500810204,True,False,300,300,55.0604999953066,54.55269999947632
attack_05,326248,person,D:\project CS\RT-DETRv2-COCO-Attack\source_data\attack_05\clean_images\000000326248.jpg,D:\project CS\RT-DETRv2-COCO-Attack\source_data\attack_05\patched_images\000000326248.jpg,False,False,,,,,,,,,False,False,300,300,55.70799999986775,55.45450000499841
attack_05,326541,car,D:\project CS\RT-DETRv2-COCO-Attack\source_data\attack_05\clean_images\000000326541.jpg,D:\project CS\RT-DETRv2-COCO-Attack\source_data\attack_05\patched_images\000000326541.jpg,False,False,,,,,,,,,False,False,300,300,55.7630000039353,55.97069999930682
attack_05,326627,car,D:\project CS\RT-DETRv2-COCO-Attack\source_data\attack_05\clean_images\000000326627.jpg,D:\project CS\RT-DETRv2-COCO-Attack\source_data\attack_05\patched_images\000000326627.jpg,True,True,0.8744503259658813,0.7282917499542236,"[291.7010803222656, 396.2733459472656, 345.18292236328125, 437.001708984375]","[291.76763916015625, 396.5712585449219, 346.74456787109375, 437.0233154296875]",0.9465136918752237,0.9262181914134207,0.14615857601165771,0.020295500461803062,True,False,300,300,53.57789999834495,53.77579999912996
attack_05,332901,person,D:\project CS\RT-DETRv2-COCO-Attack\source_data\attack_05\clean_images\000000332901.jpg,D:\project CS\RT-DETRv2-COCO-Attack\source_data\attack_05\patched_images\000000332901.jpg,True,True,0.8913280963897705,0.8795441389083862,"[190.0874481201172, 37.432926177978516, 224.65737915039062, 106.01776885986328]","[190.37176513671875, 37.53287887573242, 223.3030548095703, 105.84562683105469]",0.9284076307986605,0.9702853699891665,0.011783957481384277,-0.04187773919050597,True,False,300,300,55.41830000584014,55.458499999076594
attack_05,334006,car,D:\project CS\RT-DETRv2-COCO-Attack\source_data\attack_05\clean_images\000000334006.jpg,D:\project CS\RT-DETRv2-COCO-Attack\source_data\attack_05\patched_images\000000334006.jpg,True,True,0.9113218188285828,0.9121841788291931,"[0.19079208374023438, 216.3332061767578, 181.0352325439453, 332.64959716796875]","[0.1514148712158203, 216.9684295654297, 180.91964721679688, 332.3483581542969]",0.9167740814044774,0.9143391994034922,-0.0008623600006103516,0.0024348820009851835,True,False,300,300,54.16239999613026,54.07109999941895
attack_05,336232,car,D:\project CS\RT-DETRv2-COCO-Attack\source_data\attack_05\clean_images\000000336232.jpg,D:\project CS\RT-DETRv2-COCO-Attack\source_data\attack_05\patched_images\000000336232.jpg,False,False,,,,,,,,,False,False,300,300,54.02260000118986,54.35109999962151
attack_05,337055,person,D:\project CS\RT-DETRv2-COCO-Attack\source_data\attack_05\clean_images\000000337055.jpg,D:\project CS\RT-DETRv2-COCO-Attack\source_data\attack_05\patched_images\000000337055.jpg,True,True,0.9707603454589844,0.9515012502670288,"[129.66195678710938, 0.811816394329071, 629.2980346679688, 423.40423583984375]","[130.85708618164062, 1.0091394186019897, 629.9398803710938, 422.89007568359375]",0.9855586451624984,0.9883151793071399,0.019259095191955566,-0.002756534144641498,True,False,300,300,55.82989999675192,56.03240000345977
attack_05,338625,car,D:\project CS\RT-DETRv2-COCO-Attack\source_data\attack_05\clean_images\000000338625.jpg,D:\project CS\RT-DETRv2-COCO-Attack\source_data\attack_05\patched_images\000000338625.jpg,True,True,0.9289235472679138,0.9274888634681702,"[8.368515968322754, 236.8473663330078, 123.45741271972656, 280.07403564453125]","[8.534464836120605, 236.9286346435547, 123.93760681152344, 280.17987060546875]",0.8873515465851175,0.8882642750160581,0.0014346837997436523,-0.0009127284309405903,True,False,300,300,53.762299998197705,54.364600000553764
attack_05,338986,car,D:\project CS\RT-DETRv2-COCO-Attack\source_data\attack_05\clean_images\000000338986.jpg,D:\project CS\RT-DETRv2-COCO-Attack\source_data\attack_05\patched_images\000000338986.jpg,True,True,0.8200874924659729,0.2552722990512848,"[296.69366455078125, 536.7944946289062, 402.69476318359375, 629.0172119140625]","[296.65643310546875, 525.2557983398438, 402.7493591308594, 627.1838989257812]",0.8350077219988722,0.9590026057082848,0.5648151934146881,-0.12399488370941258,True,False,300,300,54.420299995399546,54.96070000663167
attack_05,340894,person,D:\project CS\RT-DETRv2-COCO-Attack\source_data\attack_05\clean_images\000000340894.jpg,D:\project CS\RT-DETRv2-COCO-Attack\source_data\attack_05\patched_images\000000340894.jpg,True,True,0.734578549861908,0.4774616062641144,"[328.11669921875, 70.66849517822266, 426.24334716796875, 159.94297790527344]","[327.3277282714844, 70.71514892578125, 426.838623046875, 159.91062927246094]",0.8739729425335301,0.878125893677499,0.2571169435977936,-0.004152951143968964,True,False,300,300,55.422499994165264,55.10359999607317
attack_05,341196,person,D:\project CS\RT-DETRv2-COCO-Attack\source_data\attack_05\clean_images\000000341196.jpg,D:\project CS\RT-DETRv2-COCO-Attack\source_data\attack_05\patched_images\000000341196.jpg,True,True,0.9011425375938416,0.896960437297821,"[181.43959045410156, 177.35313415527344, 237.79884338378906, 229.9389190673828]","[181.3806915283203, 177.33738708496094, 237.59381103515625, 229.72254943847656]",0.8989754691139722,0.8950516405028145,0.004182100296020508,0.003923828611157698,True,False,300,300,55.05509999784408,54.5808999959263
attack_05,343496,car,D:\project CS\RT-DETRv2-COCO-Attack\source_data\attack_05\clean_images\000000343496.jpg,D:\project CS\RT-DETRv2-COCO-Attack\source_data\attack_05\patched_images\000000343496.jpg,True,True,0.8914438486099243,0.8797377347946167,"[254.662109375, 197.98516845703125, 307.6000061035156, 225.6450653076172]","[254.64256286621094, 197.91761779785156, 307.55584716796875, 225.55459594726562]",0.9467489475952632,0.9448382627480791,0.011706113815307617,0.001910684847184041,True,False,300,300,53.974900001776405,53.614399999787565
attack_05,344029,car,D:\project CS\RT-DETRv2-COCO-Attack\source_data\attack_05\clean_images\000000344029.jpg,D:\project CS\RT-DETRv2-COCO-Attack\source_data\attack_05\patched_images\000000344029.jpg,True,True,0.48050498962402344,0.5335307121276855,"[1.0666322708129883, 223.35787963867188, 47.76225280761719, 274.01287841796875]","[1.1558198928833008, 223.60179138183594, 47.10354232788086, 273.94805908203125]",0.7724435607585296,0.7898305864249597,-0.05302572250366211,-0.017387025666430134,True,False,300,300,54.70309999509482,53.500900001381524
attack_05,344909,car,D:\project CS\RT-DETRv2-COCO-Attack\source_data\attack_05\clean_images\000000344909.jpg,D:\project CS\RT-DETRv2-COCO-Attack\source_data\attack_05\patched_images\000000344909.jpg,True,True,0.3947661221027374,0.2880176901817322,"[380.61700439453125, 197.22576904296875, 440.15069580078125, 236.4556121826172]","[380.5503845214844, 197.4869384765625, 439.15826416015625, 236.36277770996094]",0.9325348013967861,0.9415447627906637,0.10674843192100525,-0.009009961393877552,True,False,300,300,55.21679999947082,55.09740000707097
attack_05,346232,car,D:\project CS\RT-DETRv2-COCO-Attack\source_data\attack_05\clean_images\000000346232.jpg,D:\project CS\RT-DETRv2-COCO-Attack\source_data\attack_05\patched_images\000000346232.jpg,True,True,0.6244417428970337,0.5717265605926514,"[336.7735290527344, 315.3658447265625, 427.0556335449219, 385.3115234375]","[337.4103698730469, 315.8468322753906, 427.0772705078125, 386.2945251464844]",0.6343768092026972,0.6341776431032357,0.052715182304382324,0.00019916609946157848,True,False,300,300,54.50830000336282,54.26330000045709
attack_05,346968,person,D:\project CS\RT-DETRv2-COCO-Attack\source_data\attack_05\clean_images\000000346968.jpg,D:\project CS\RT-DETRv2-COCO-Attack\source_data\attack_05\patched_images\000000346968.jpg,True,True,0.9737879633903503,0.9735952615737915,"[53.28157424926758, 37.18436813354492, 508.014892578125, 421.1738586425781]","[52.82176971435547, 37.424381256103516, 507.81719970703125, 421.3686218261719]",0.9841936288951559,0.9828906622414992,0.0001927018165588379,0.0013029666536567008,True,False,300,300,54.82069999561645,55.39649999991525
attack_05,349860,car,D:\project CS\RT-DETRv2-COCO-Attack\source_data\attack_05\clean_images\000000349860.jpg,D:\project CS\RT-DETRv2-COCO-Attack\source_data\attack_05\patched_images\000000349860.jpg,True,True,0.720844566822052,0.6518481969833374,"[351.8736572265625, 348.7009582519531, 386.40728759765625, 378.8560485839844]","[351.2008972167969, 348.5576477050781, 386.38995361328125, 378.5948181152344]",0.9214126282214329,0.9428702909581783,0.0689963698387146,-0.02145766273674543,True,False,300,300,54.11840000306256,54.82350000238512
attack_05,351810,person,D:\project CS\RT-DETRv2-COCO-Attack\source_data\attack_05\clean_images\000000351810.jpg,D:\project CS\RT-DETRv2-COCO-Attack\source_data\attack_05\patched_images\000000351810.jpg,True,True,0.8267078399658203,0.8046948909759521,"[13.683732986450195, 102.82261657714844, 113.09297180175781, 287.16094970703125]","[17.52871322631836, 102.64888763427734, 111.30541229248047, 283.5736083984375]",0.7795887277206277,0.8420058383158853,0.022012948989868164,-0.06241711059525756,True,False,300,300,55.332200005068444,55.515600004582666
attack_05,352760,person,D:\project CS\RT-DETRv2-COCO-Attack\source_data\attack_05\clean_images\000000352760.jpg,D:\project CS\RT-DETRv2-COCO-Attack\source_data\attack_05\patched_images\000000352760.jpg,True,True,0.9545790553092957,0.955075740814209,"[144.02151489257812, 81.74630737304688, 369.89007568359375, 432.10870361328125]","[143.84274291992188, 81.5701904296875, 369.9635314941406, 432.215576171875]",0.9451027391916675,0.9463525139256274,-0.0004966855049133301,-0.0012497747339598186,True,False,300,300,55.298699997365475,55.61460000171792
attack_05,354753,car,D:\project CS\RT-DETRv2-COCO-Attack\source_data\attack_05\clean_images\000000354753.jpg,D:\project CS\RT-DETRv2-COCO-Attack\source_data\attack_05\patched_images\000000354753.jpg,False,False,,,,,,,,,False,False,300,300,54.57430000387831,54.02779999712948
attack_05,354829,car,D:\project CS\RT-DETRv2-COCO-Attack\source_data\attack_05\clean_images\000000354829.jpg,D:\project CS\RT-DETRv2-COCO-Attack\source_data\attack_05\patched_images\000000354829.jpg,True,True,0.9545785188674927,0.9470162987709045,"[83.46642303466797, 83.95127868652344, 371.5111083984375, 238.83895874023438]","[83.52517700195312, 83.8169174194336, 371.3656005859375, 237.5716094970703]",0.9893145365772578,0.9842096042308143,0.007562220096588135,0.0051049323464434915,True,False,300,300,55.92349999642465,56.164999994507525
attack_05,356169,car,D:\project CS\RT-DETRv2-COCO-Attack\source_data\attack_05\clean_images\000000356169.jpg,D:\project CS\RT-DETRv2-COCO-Attack\source_data\attack_05\patched_images\000000356169.jpg,False,False,,,,,,,,,False,False,300,300,54.038199996284675,54.4380000064848
attack_05,357816,car,D:\project CS\RT-DETRv2-COCO-Attack\source_data\attack_05\clean_images\000000357816.jpg,D:\project CS\RT-DETRv2-COCO-Attack\source_data\attack_05\patched_images\000000357816.jpg,True,True,0.2582789957523346,0.3987830877304077,"[22.802352905273438, 10.407322883605957, 260.6304626464844, 99.81897735595703]","[99.4386215209961, 8.807677268981934, 305.384521484375, 100.6966323852539]",0.6503469579642119,0.5794957003347185,-0.14050409197807312,0.0708512576294934,True,False,300,300,55.82169999979669,55.76590000418946
attack_05,360137,person,D:\project CS\RT-DETRv2-COCO-Attack\source_data\attack_05\clean_images\000000360137.jpg,D:\project CS\RT-DETRv2-COCO-Attack\source_data\attack_05\patched_images\000000360137.jpg,True,True,0.846868634223938,0.4928733706474304,"[413.0163269042969, 395.41217041015625, 628.0364379882812, 637.1468505859375]","[412.8695983886719, 395.6143798828125, 619.6788940429688, 637.663330078125]",0.7484618058686179,0.7208167328837118,0.35399526357650757,0.02764507298490604,True,False,300,300,54.705700000340585,54.72649999865098
attack_05,361103,person,D:\project CS\RT-DETRv2-COCO-Attack\source_data\attack_05\clean_images\000000361103.jpg,D:\project CS\RT-DETRv2-COCO-Attack\source_data\attack_05\patched_images\000000361103.jpg,True,True,0.9401336908340454,0.9268279075622559,"[272.49676513671875, 297.7113952636719, 331.7422180175781, 419.0120849609375]","[272.48992919921875, 297.553466796875, 331.60791015625, 419.03765869140625]",0.9694354007837068,0.9704581031137864,0.01330578327178955,-0.0010227023300796168,True,False,300,300,54.43570000352338,54.761699997470714
attack_05,361586,person,D:\project CS\RT-DETRv2-COCO-Attack\source_data\attack_05\clean_images\000000361586.jpg,D:\project CS\RT-DETRv2-COCO-Attack\source_data\attack_05\patched_images\000000361586.jpg,False,False,,,,,,,,,False,False,300,300,54.63519999466371,54.51539999921806
attack_05,363188,car,D:\project CS\RT-DETRv2-COCO-Attack\source_data\attack_05\clean_images\000000363188.jpg,D:\project CS\RT-DETRv2-COCO-Attack\source_data\attack_05\patched_images\000000363188.jpg,True,False,0.5985270738601685,,"[586.53515625, 196.95016479492188, 639.8711547851562, 302.7855224609375]",,0.8947284819921661,,,,True,True,300,300,54.55200000142213,54.66339999838965
attack_05,363666,person,D:\project CS\RT-DETRv2-COCO-Attack\source_data\attack_05\clean_images\000000363666.jpg,D:\project CS\RT-DETRv2-COCO-Attack\source_data\attack_05\patched_images\000000363666.jpg,True,True,0.9302990436553955,0.9269624352455139,"[15.89691162109375, 36.62413024902344, 220.219482421875, 305.17303466796875]","[15.777311325073242, 36.162353515625, 219.50717163085938, 305.2390441894531]",0.6987078839745516,0.6994723682997331,0.003336608409881592,-0.0007644843251815026,True,False,300,300,55.08430000190856,54.99479999707546
attack_05,365521,person,D:\project CS\RT-DETRv2-COCO-Attack\source_data\attack_05\clean_images\000000365521.jpg,D:\project CS\RT-DETRv2-COCO-Attack\source_data\attack_05\patched_images\000000365521.jpg,True,True,0.9399465918540955,0.9343281984329224,"[211.85525512695312, 38.852684020996094, 403.03570556640625, 256.8925476074219]","[206.60626220703125, 38.811790466308594, 402.97076416015625, 257.1142578125]",0.9629943676407348,0.9363760334323261,0.005618393421173096,0.026618334208408645,True,False,300,300,54.606100005912594,65.1782999993884
attack_05,365642,car,D:\project CS\RT-DETRv2-COCO-Attack\source_data\attack_05\clean_images\000000365642.jpg,D:\project CS\RT-DETRv2-COCO-Attack\source_data\attack_05\patched_images\000000365642.jpg,True,True,0.7813763618469238,0.6738607287406921,"[-0.07510511577129364, 29.277259826660156, 92.01226043701172, 94.68252563476562]","[-0.13369935750961304, 28.40119171142578, 91.9403076171875, 95.19873809814453]",0.9286825732920088,0.933062194278772,0.10751563310623169,-0.004379620986763255,True,False,300,300,55.23850000463426,54.73840000195196
attack_05,368335,car,D:\project CS\RT-DETRv2-COCO-Attack\source_data\attack_05\clean_images\000000368335.jpg,D:\project CS\RT-DETRv2-COCO-Attack\source_data\attack_05\patched_images\000000368335.jpg,True,True,0.9295677542686462,0.9358185529708862,"[-0.016982898116111755, 97.67433166503906, 113.21891021728516, 518.9818115234375]","[0.05335557460784912, 97.65495300292969, 112.95024871826172, 518.4976806640625]",0.8934612470625283,0.8928000462536957,-0.00625079870223999,0.0006612008088325849,True,False,300,300,54.667299998982344,55.55920000188053
attack_05,369751,car,D:\project CS\RT-DETRv2-COCO-Attack\source_data\attack_05\clean_images\000000369751.jpg,D:\project CS\RT-DETRv2-COCO-Attack\source_data\attack_05\patched_images\000000369751.jpg,True,True,0.6179075837135315,0.5868263840675354,"[235.58360290527344, 184.31927490234375, 425.00933837890625, 257.64825439453125]","[236.25924682617188, 185.23423767089844, 425.13751220703125, 257.5116882324219]",0.9479349557372141,0.9319901157975303,0.031081199645996094,0.015944839939683764,True,False,300,300,54.66909999813652,54.78910000238102
attack_05,372260,car,D:\project CS\RT-DETRv2-COCO-Attack\source_data\attack_05\clean_images\000000372260.jpg,D:\project CS\RT-DETRv2-COCO-Attack\source_data\attack_05\patched_images\000000372260.jpg,True,True,0.9435958862304688,0.942149817943573,"[0.17202454805374146, 314.06878662109375, 117.14310455322266, 522.3325805664062]","[0.128992959856987, 314.15106201171875, 116.92108154296875, 522.866455078125]",0.9675291463502602,0.9689275670386688,0.001446068286895752,-0.0013984206884085637,True,False,300,300,54.807200001960155,55.511699996714015
attack_05,374545,person,D:\project CS\RT-DETRv2-COCO-Attack\source_data\attack_05\clean_images\000000374545.jpg,D:\project CS\RT-DETRv2-COCO-Attack\source_data\attack_05\patched_images\000000374545.jpg,False,False,,,,,,,,,False,False,300,300,54.119500004162546,53.96630000177538
attack_05,375278,person,D:\project CS\RT-DETRv2-COCO-Attack\source_data\attack_05\clean_images\000000375278.jpg,D:\project CS\RT-DETRv2-COCO-Attack\source_data\attack_05\patched_images\000000375278.jpg,True,True,0.6240260004997253,0.34813857078552246,"[-0.02896866202354431, 39.25968551635742, 195.37362670898438, 206.0182647705078]","[0.08505016565322876, 37.458404541015625, 215.48492431640625, 205.26548767089844]",0.9523364622929114,0.8512322562848089,0.2758874297142029,0.10110420600810244,True,False,300,300,56.638300004124176,55.738300005032215
attack_05,376093,person,D:\project CS\RT-DETRv2-COCO-Attack\source_data\attack_05\clean_images\000000376093.jpg,D:\project CS\RT-DETRv2-COCO-Attack\source_data\attack_05\patched_images\000000376093.jpg,True,True,0.9548993110656738,0.9524973630905151,"[410.2267761230469, 101.5458984375, 588.43798828125, 475.38287353515625]","[410.0582275390625, 101.52135467529297, 588.241943359375, 475.63922119140625]",0.9782885687427761,0.9795520686255501,0.0024019479751586914,-0.0012634998827739663,True,False,300,300,54.40590000216616,54.81500000314554
attack_05,379800,car,D:\project CS\RT-DETRv2-COCO-Attack\source_data\attack_05\clean_images\000000379800.jpg,D:\project CS\RT-DETRv2-COCO-Attack\source_data\attack_05\patched_images\000000379800.jpg,True,True,0.9110950827598572,0.8853076696395874,"[560.2621459960938, 318.7695007324219, 639.67333984375, 375.4443054199219]","[560.8133544921875, 320.2669982910156, 639.625732421875, 375.175048828125]",0.9386741888831922,0.9182830930550813,0.025787413120269775,0.02039109582811094,True,False,300,300,54.55889999575447,54.66010000236565
attack_05,382009,person,D:\project CS\RT-DETRv2-COCO-Attack\source_data\attack_05\clean_images\000000382009.jpg,D:\project CS\RT-DETRv2-COCO-Attack\source_data\attack_05\patched_images\000000382009.jpg,True,True,0.953734815120697,0.9480027556419373,"[194.55747985839844, 16.797056198120117, 450.91339111328125, 423.6716003417969]","[193.98831176757812, 16.639066696166992, 451.6519470214844, 423.87078857421875]",0.9825212454723197,0.9791697221852779,0.005732059478759766,0.003351523287041802,True,False,300,300,55.956399999558926,55.75179999868851
attack_05,383289,car,D:\project CS\RT-DETRv2-COCO-Attack\source_data\attack_05\clean_images\000000383289.jpg,D:\project CS\RT-DETRv2-COCO-Attack\source_data\attack_05\patched_images\000000383289.jpg,True,True,0.9483674764633179,0.957148015499115,"[0.09916305541992188, 149.11602783203125, 450.62750244140625, 438.16754150390625]","[0.09258270263671875, 146.87367248535156, 450.3210754394531, 438.2085266113281]",0.7203465294951907,0.7151767867923715,-0.00878053903579712,0.005169742702819224,True,False,300,300,55.320499996014405,55.83949999709148
attack_05,384468,car,D:\project CS\RT-DETRv2-COCO-Attack\source_data\attack_05\clean_images\000000384468.jpg,D:\project CS\RT-DETRv2-COCO-Attack\source_data\attack_05\patched_images\000000384468.jpg,True,True,0.8326637148857117,0.8215230703353882,"[0.14937400817871094, 262.7630920410156, 92.33467864990234, 389.5458984375]","[0.19275188446044922, 262.8204650878906, 92.45006561279297, 389.2627868652344]",0.8391063596676505,0.8399744745849292,0.011140644550323486,-0.0008681149172787839,True,False,300,300,55.158199997094925,55.18879999726778
attack_05,386210,car,D:\project CS\RT-DETRv2-COCO-Attack\source_data\attack_05\clean_images\000000386210.jpg,D:\project CS\RT-DETRv2-COCO-Attack\source_data\attack_05\patched_images\000000386210.jpg,True,True,0.852512538433075,0.7993320822715759,"[0.23986589908599854, 90.7598876953125, 60.20872497558594, 145.93771362304688]","[0.38859614729881287, 89.74085998535156, 59.959129333496094, 146.07225036621094]",0.9168771366949038,0.895637222433911,0.05318045616149902,0.02123991426099281,True,False,300,300,55.39200000202982,55.00169999868376
attack_05,389566,car,D:\project CS\RT-DETRv2-COCO-Attack\source_data\attack_05\clean_images\000000389566.jpg,D:\project CS\RT-DETRv2-COCO-Attack\source_data\attack_05\patched_images\000000389566.jpg,True,True,0.8851839900016785,0.9005784392356873,"[456.75048828125, 160.70883178710938, 504.7830810546875, 196.80995178222656]","[456.8797607421875, 160.65643310546875, 504.66357421875, 196.70790100097656]",0.9126526295080541,0.9184256340206647,-0.015394449234008789,-0.005773004512610536,True,False,300,300,55.10630000208039,54.58310000540223
attack_05,389684,person,D:\project CS\RT-DETRv2-COCO-Attack\source_data\attack_05\clean_images\000000389684.jpg,D:\project CS\RT-DETRv2-COCO-Attack\source_data\attack_05\patched_images\000000389684.jpg,True,True,0.9318026900291443,0.9286729693412781,"[117.12692260742188, 214.12020874023438, 170.4515380859375, 384.2187805175781]","[116.85536193847656, 214.1597900390625, 170.723876953125, 384.0664978027344]",0.6979156197244156,0.6975953834975267,0.003129720687866211,0.00032023622688892583,True,False,300,300,54.323500000464264,54.991299999528565
attack_05,390246,person,D:\project CS\RT-DETRv2-COCO-Attack\source_data\attack_05\clean_images\000000390246.jpg,D:\project CS\RT-DETRv2-COCO-Attack\source_data\attack_05\patched_images\000000390246.jpg,True,True,0.934777557849884,0.9295451045036316,"[346.44964599609375, 146.86085510253906, 431.9911193847656, 225.62692260742188]","[346.6161804199219, 146.84735107421875, 431.0784606933594, 224.4351806640625]",0.9052116462526949,0.8804215182699905,0.005232453346252441,0.024790127982704413,True,False,300,300,54.45239999971818,54.63589999999385
attack_05,390555,person,D:\project CS\RT-DETRv2-COCO-Attack\source_data\attack_05\clean_images\000000390555.jpg,D:\project CS\RT-DETRv2-COCO-Attack\source_data\attack_05\patched_images\000000390555.jpg,False,False,,,,,,,,,False,False,300,300,55.48370000178693,55.16630000056466
attack_05,393093,car,D:\project CS\RT-DETRv2-COCO-Attack\source_data\attack_05\clean_images\000000393093.jpg,D:\project CS\RT-DETRv2-COCO-Attack\source_data\attack_05\patched_images\000000393093.jpg,True,True,0.9205307364463806,0.838303804397583,"[280.6622619628906, 355.5302429199219, 359.61346435546875, 400.9232177734375]","[280.6510009765625, 355.5340270996094, 359.3061828613281, 400.9419860839844]",0.9386070114653046,0.942361761922937,0.08222693204879761,-0.0037547504576324053,True,False,300,300,54.66090000118129,54.38250000588596
attack_05,394510,car,D:\project CS\RT-DETRv2-COCO-Attack\source_data\attack_05\clean_images\000000394510.jpg,D:\project CS\RT-DETRv2-COCO-Attack\source_data\attack_05\patched_images\000000394510.jpg,True,True,0.9577943086624146,0.9550633430480957,"[-0.07158279418945312, 0.6547951698303223, 365.86480712890625, 202.89584350585938]","[-0.024509429931640625, 0.5980324745178223, 365.7088623046875, 201.89898681640625]",0.9651846033282447,0.9707632682871399,0.0027309656143188477,-0.005578664958895141,True,False,300,300,55.18849999498343,54.688300006091595
attack_05,395903,person,D:\project CS\RT-DETRv2-COCO-Attack\source_data\attack_05\clean_images\000000395903.jpg,D:\project CS\RT-DETRv2-COCO-Attack\source_data\attack_05\patched_images\000000395903.jpg,True,True,0.919680655002594,0.9199568629264832,"[471.85113525390625, 116.85206604003906, 572.83203125, 283.5626525878906]","[472.2342224121094, 116.9054183959961, 573.8206787109375, 281.9664001464844]",0.8925905386196759,0.9055949165155018,-0.00027620792388916016,-0.01300437789582598,True,False,300,300,55.42300000524847,54.39049999404233
attack_05,396863,person,D:\project CS\RT-DETRv2-COCO-Attack\source_data\attack_05\clean_images\000000396863.jpg,D:\project CS\RT-DETRv2-COCO-Attack\source_data\attack_05\patched_images\000000396863.jpg,True,True,0.8946466445922852,0.6466310620307922,"[104.8983154296875, 22.059492111206055, 207.7511444091797, 262.6866455078125]","[105.19552612304688, 22.39626121520996, 208.9828643798828, 268.00543212890625]",0.8379879923743354,0.8526541947317132,0.24801558256149292,-0.014666202357377811,True,False,300,300,54.39750000368804,54.7523999994155
attack_05,401244,person,D:\project CS\RT-DETRv2-COCO-Attack\source_data\attack_05\clean_images\000000401244.jpg,D:\project CS\RT-DETRv2-COCO-Attack\source_data\attack_05\patched_images\000000401244.jpg,True,True,0.9606608748435974,0.9617531299591064,"[101.13423919677734, 62.31538772583008, 315.4825439453125, 557.3067626953125]","[101.16614532470703, 61.75466537475586, 315.8790283203125, 557.083740234375]",0.9707464951580642,0.9730610097458945,-0.0010922551155090332,-0.002314514587830274,True,False,300,300,54.66280000109691,54.400400003942195
attack_05,407083,car,D:\project CS\RT-DETRv2-COCO-Attack\source_data\attack_05\clean_images\000000407083.jpg,D:\project CS\RT-DETRv2-COCO-Attack\source_data\attack_05\patched_images\000000407083.jpg,False,False,,,,,,,,,False,False,300,300,55.35119999694871,56.16110000119079
attack_05,407943,person,D:\project CS\RT-DETRv2-COCO-Attack\source_data\attack_05\clean_images\000000407943.jpg,D:\project CS\RT-DETRv2-COCO-Attack\source_data\attack_05\patched_images\000000407943.jpg,True,True,0.647927463054657,0.5293778777122498,"[322.17529296875, 224.32423400878906, 503.8835144042969, 425.65924072265625]","[333.5824890136719, 224.15562438964844, 502.82794189453125, 425.3470764160156]",0.8698334192180855,0.934988728670117,0.11854958534240723,-0.0651553094520314,True,False,300,300,55.94320000091102,56.3246000019717
attack_05,410496,person,D:\project CS\RT-DETRv2-COCO-Attack\source_data\attack_05\clean_images\000000410496.jpg,D:\project CS\RT-DETRv2-COCO-Attack\source_data\attack_05\patched_images\000000410496.jpg,True,True,0.9557934403419495,0.9529314637184143,"[35.574161529541016, 94.70335388183594, 251.10720825195312, 628.254150390625]","[35.76436996459961, 95.6954345703125, 251.32162475585938, 628.3074951171875]",0.8833426932530686,0.8816874500484555,0.0028619766235351562,0.0016552432046130772,True,False,300,300,55.015500001900364,54.92899999808287
attack_05,410880,car,D:\project CS\RT-DETRv2-COCO-Attack\source_data\attack_05\clean_images\000000410880.jpg,D:\project CS\RT-DETRv2-COCO-Attack\source_data\attack_05\patched_images\000000410880.jpg,False,False,,,,,,,,,False,False,300,300,54.00050000025658,54.7387999977218
attack_05,412531,car,D:\project CS\RT-DETRv2-COCO-Attack\source_data\attack_05\clean_images\000000412531.jpg,D:\project CS\RT-DETRv2-COCO-Attack\source_data\attack_05\patched_images\000000412531.jpg,True,True,0.9413430094718933,0.9427413940429688,"[456.16302490234375, 254.7397918701172, 638.550048828125, 356.6343688964844]","[456.1231994628906, 254.8678741455078, 638.3859252929688, 356.5993347167969]",0.9611992687148163,0.963795788572485,-0.0013983845710754395,-0.002596519857668733,True,False,300,300,54.59320000227308,54.63980000058655
attack_05,414510,person,D:\project CS\RT-DETRv2-COCO-Attack\source_data\attack_05\clean_images\000000414510.jpg,D:\project CS\RT-DETRv2-COCO-Attack\source_data\attack_05\patched_images\000000414510.jpg,True,True,0.9188930988311768,0.8965930342674255,"[113.45187377929688, 246.1358642578125, 256.6867980957031, 404.3766784667969]","[104.69587707519531, 245.86849975585938, 257.3069763183594, 403.91802978515625]",0.5989459678973439,0.5605228414971573,0.02230006456375122,0.038423126400186636,True,False,300,300,54.914000000280794,54.78120000043418
attack_05,416451,person,D:\project CS\RT-DETRv2-COCO-Attack\source_data\attack_05\clean_images\000000416451.jpg,D:\project CS\RT-DETRv2-COCO-Attack\source_data\attack_05\patched_images\000000416451.jpg,True,True,0.9170470237731934,0.9217023849487305,"[33.639381408691406, 89.5166015625, 296.45867919921875, 476.2216796875]","[33.52759552001953, 89.28870391845703, 299.94036865234375, 476.2386779785156]",0.9502259895263307,0.9391988145126632,-0.004655361175537109,0.011027175013667567,True,False,300,300,54.73379999602912,54.69520000042394
attack_05,419408,car,D:\project CS\RT-DETRv2-COCO-Attack\source_data\attack_05\clean_images\000000419408.jpg,D:\project CS\RT-DETRv2-COCO-Attack\source_data\attack_05\patched_images\000000419408.jpg,True,True,0.8724141716957092,0.8356928825378418,"[17.67677116394043, 187.64166259765625, 92.96623992919922, 216.96311950683594]","[17.491426467895508, 187.49769592285156, 92.99282836914062, 218.0216522216797]",0.8775980536770294,0.8418802695158205,0.03672128915786743,0.035717784161208854,True,False,300,300,54.715099999157246,54.48130000149831
attack_05,421455,car,D:\project CS\RT-DETRv2-COCO-Attack\source_data\attack_05\clean_images\000000421455.jpg,D:\project CS\RT-DETRv2-COCO-Attack\source_data\attack_05\patched_images\000000421455.jpg,True,True,0.6987105011940002,0.689853847026825,"[-0.06307661533355713, 3.6853103637695312, 486.9669189453125, 372.50079345703125]","[0.7303953170776367, 5.145438194274902, 474.04052734375, 372.3655700683594]",0.9111622311537649,0.9341828980509123,0.008856654167175293,-0.023020666897147324,True,False,300,300,56.188900001870934,55.81039999378845
attack_05,422998,person,D:\project CS\RT-DETRv2-COCO-Attack\source_data\attack_05\clean_images\000000422998.jpg,D:\project CS\RT-DETRv2-COCO-Attack\source_data\attack_05\patched_images\000000422998.jpg,True,True,0.9461935758590698,0.9580013155937195,"[0.23759841918945312, 0.46962523460388184, 518.925048828125, 298.8984680175781]","[0.4852294921875, 0.6766451597213745, 519.209716796875, 298.5371398925781]",0.9263490965673716,0.9257657352209386,-0.011807739734649658,0.0005833613464329979,True,False,300,300,56.08660000143573,57.323799999721814
attack_05,423617,car,D:\project CS\RT-DETRv2-COCO-Attack\source_data\attack_05\clean_images\000000423617.jpg,D:\project CS\RT-DETRv2-COCO-Attack\source_data\attack_05\patched_images\000000423617.jpg,True,True,0.942298173904419,0.9415143728256226,"[406.8143310546875, 340.5248107910156, 573.4992065429688, 468.4674072265625]","[406.98150634765625, 340.17266845703125, 573.4420166015625, 468.4599304199219]",0.918370151931095,0.9171373019526726,0.0007838010787963867,0.0012328499784223235,True,False,300,300,55.02439999690978,54.567999999562744
attack_05,424642,person,D:\project CS\RT-DETRv2-COCO-Attack\source_data\attack_05\clean_images\000000424642.jpg,D:\project CS\RT-DETRv2-COCO-Attack\source_data\attack_05\patched_images\000000424642.jpg,True,True,0.9351252913475037,0.9350866675376892,"[22.49532127380371, 126.2910385131836, 103.47103118896484, 342.05810546875]","[22.437118530273438, 126.35332489013672, 103.7506103515625, 342.1309509277344]",0.9708628858451873,0.967651416219488,3.8623809814453125e-05,0.0032114696256992925,True,False,300,300,54.614000000583474,54.71219999890309
attack_05,425925,car,D:\project CS\RT-DETRv2-COCO-Attack\source_data\attack_05\clean_images\000000425925.jpg,D:\project CS\RT-DETRv2-COCO-Attack\source_data\attack_05\patched_images\000000425925.jpg,True,True,0.6932536959648132,0.5766733884811401,"[52.794551849365234, 415.3346862792969, 132.64871215820312, 463.6734924316406]","[53.66740798950195, 415.29443359375, 133.17477416992188, 463.8976135253906]",0.9538443797184284,0.9727610063777014,0.1165803074836731,-0.01891662665927296,True,False,300,300,63.955000005080365,53.71759999979986
attack_05,426372,car,D:\project CS\RT-DETRv2-COCO-Attack\source_data\attack_05\clean_images\000000426372.jpg,D:\project CS\RT-DETRv2-COCO-Attack\source_data\attack_05\patched_images\000000426372.jpg,True,True,0.28159287571907043,0.27474549412727356,"[73.99748229980469, 99.3423080444336, 204.13137817382812, 224.9425506591797]","[74.95672607421875, 98.95645904541016, 203.71971130371094, 221.69515991210938]",0.8154046986936948,0.7833386125211117,0.006847381591796875,0.03206608617258311,True,False,300,300,54.823999998916406,55.2495000010822
attack_05,427055,car,D:\project CS\RT-DETRv2-COCO-Attack\source_data\attack_05\clean_images\000000427055.jpg,D:\project CS\RT-DETRv2-COCO-Attack\source_data\attack_05\patched_images\000000427055.jpg,True,True,0.679628312587738,0.45053187012672424,"[319.6532287597656, 313.3887634277344, 365.47314453125, 341.0296630859375]","[318.8955078125, 309.1393127441406, 365.57244873046875, 341.0497741699219]",0.8421216709810283,0.9699114906215419,0.2290964424610138,-0.1277898196405136,True,False,300,300,53.873199998633936,54.3104999960633
attack_05,427500,car,D:\project CS\RT-DETRv2-COCO-Attack\source_data\attack_05\clean_images\000000427500.jpg,D:\project CS\RT-DETRv2-COCO-Attack\source_data\attack_05\patched_images\000000427500.jpg,True,True,0.8733071684837341,0.8129501938819885,"[0.03474728763103485, 6.049461364746094, 43.34270095825195, 134.80674743652344]","[0.03292486071586609, 7.572989463806152, 42.951194763183594, 135.98361206054688]",0.9814755000952251,0.9700254834022334,0.060356974601745605,0.011450016692991727,True,False,300,300,54.64410000422504,54.652899998473
attack_05,427655,car,D:\project CS\RT-DETRv2-COCO-Attack\source_data\attack_05\clean_images\000000427655.jpg,D:\project CS\RT-DETRv2-COCO-Attack\source_data\attack_05\patched_images\000000427655.jpg,True,True,0.7883830070495605,0.7539661526679993,"[220.73757934570312, 225.64569091796875, 278.6551208496094, 265.32342529296875]","[220.80810546875, 225.55804443359375, 278.4676513671875, 262.9429626464844]",0.7419792466146424,0.7382781087767343,0.03441685438156128,0.0037011378379081528,True,False,300,300,54.78230000153417,54.707700001017656
attack_05,427997,person,D:\project CS\RT-DETRv2-COCO-Attack\source_data\attack_05\clean_images\000000427997.jpg,D:\project CS\RT-DETRv2-COCO-Attack\source_data\attack_05\patched_images\000000427997.jpg,False,False,,,,,,,,,False,False,300,300,54.00080000254093,54.73010000423528
attack_05,428218,person,D:\project CS\RT-DETRv2-COCO-Attack\source_data\attack_05\clean_images\000000428218.jpg,D:\project CS\RT-DETRv2-COCO-Attack\source_data\attack_05\patched_images\000000428218.jpg,True,True,0.9381114840507507,0.9445815682411194,"[567.0580444335938, 205.88970947265625, 638.3588256835938, 359.7273254394531]","[566.7677612304688, 205.9085235595703, 638.4855346679688, 359.9081726074219]",0.9477303569506376,0.9522169884455934,-0.006470084190368652,-0.004486631494955873,True,False,300,300,54.59419999533566,54.29369999910705
attack_05,430961,person,D:\project CS\RT-DETRv2-COCO-Attack\source_data\attack_05\clean_images\000000430961.jpg,D:\project CS\RT-DETRv2-COCO-Attack\source_data\attack_05\patched_images\000000430961.jpg,True,True,0.9701262712478638,0.9714018702507019,"[40.16337203979492, 0.2763287425041199, 382.7361145019531, 313.5474853515625]","[40.22551727294922, 0.6921243071556091, 383.5406799316406, 312.930908203125]",0.9867773530134824,0.9836731334215346,-0.0012755990028381348,0.0031042195919477322,True,False,300,300,55.35599999711849,55.910399998538196
attack_05,432898,person,D:\project CS\RT-DETRv2-COCO-Attack\source_data\attack_05\clean_images\000000432898.jpg,D:\project CS\RT-DETRv2-COCO-Attack\source_data\attack_05\patched_images\000000432898.jpg,True,True,0.9589864015579224,0.9589939713478088,"[346.51776123046875, 265.223388671875, 438.55718994140625, 483.07037353515625]","[346.6148681640625, 265.3223571777344, 438.7026062011719, 482.9914245605469]",0.9794020705041118,0.9796883949497196,-7.569789886474609e-06,-0.0002863244456078329,True,False,300,300,54.30540000088513,55.12550000275951
attack_05,436738,car,D:\project CS\RT-DETRv2-COCO-Attack\source_data\attack_05\clean_images\000000436738.jpg,D:\project CS\RT-DETRv2-COCO-Attack\source_data\attack_05\patched_images\000000436738.jpg,True,True,0.9284691214561462,0.9171788692474365,"[261.2051086425781, 346.36297607421875, 397.8448791503906, 404.85150146484375]","[261.1681823730469, 345.959716796875, 397.52178955078125, 404.60968017578125]",0.9250576480148551,0.9244474254836965,0.011290252208709717,0.0006102225311586107,True,False,300,300,54.31589999352582,53.83030000666622
attack_05,438017,car,D:\project CS\RT-DETRv2-COCO-Attack\source_data\attack_05\clean_images\000000438017.jpg,D:\project CS\RT-DETRv2-COCO-Attack\source_data\attack_05\patched_images\000000438017.jpg,True,True,0.7162293791770935,0.5588657259941101,"[72.48849487304688, 411.73138427734375, 120.92481231689453, 496.11431884765625]","[71.79462432861328, 410.1135559082031, 121.35836791992188, 486.61541748046875]",0.7991573375310606,0.7169488984488183,0.1573636531829834,0.08220843908224229,True,False,300,300,54.18150000332389,54.07779999950435
attack_05,438774,person,D:\project CS\RT-DETRv2-COCO-Attack\source_data\attack_05\clean_images\000000438774.jpg,D:\project CS\RT-DETRv2-COCO-Attack\source_data\attack_05\patched_images\000000438774.jpg,True,True,0.940654456615448,0.8400723338127136,"[157.35650634765625, 45.530941009521484, 275.59942626953125, 376.6480407714844]","[158.5662841796875, 45.216102600097656, 267.49755859375, 376.50738525390625]",0.8295704716912343,0.7789101841470121,0.10058212280273438,0.05066028754422225,True,False,300,300,54.127600000356324,54.78910000238102
attack_05,441468,car,D:\project CS\RT-DETRv2-COCO-Attack\source_data\attack_05\clean_images\000000441468.jpg,D:\project CS\RT-DETRv2-COCO-Attack\source_data\attack_05\patched_images\000000441468.jpg,True,True,0.9310014843940735,0.9283483624458313,"[97.5455551147461, 137.1648406982422, 157.3889923095703, 183.96209716796875]","[97.27581024169922, 136.86407470703125, 157.32809448242188, 183.9962615966797]",0.9578067964755951,0.945849125612683,0.0026531219482421875,0.011957670862912106,True,False,300,300,54.541599994990975,53.84049999702256
attack_05,441586,person,D:\project CS\RT-DETRv2-COCO-Attack\source_data\attack_05\clean_images\000000441586.jpg,D:\project CS\RT-DETRv2-COCO-Attack\source_data\attack_05\patched_images\000000441586.jpg,True,True,0.9409381747245789,0.9415550827980042,"[306.5030517578125, 15.450477600097656, 410.2970886230469, 273.9905700683594]","[306.77264404296875, 15.397052764892578, 410.3164978027344, 274.0760803222656]",0.9591027633611988,0.9558970913392353,-0.000616908073425293,0.003205672021963535,True,False,300,300,54.54399999871384,54.63529999542516
attack_05,442306,person,D:\project CS\RT-DETRv2-COCO-Attack\source_data\attack_05\clean_images\000000442306.jpg,D:\project CS\RT-DETRv2-COCO-Attack\source_data\attack_05\patched_images\000000442306.jpg,True,True,0.9510307908058167,0.9488152861595154,"[245.55691528320312, 140.4350128173828, 421.2167053222656, 605.4623413085938]","[245.76351928710938, 140.63340759277344, 421.8423156738281, 605.2818603515625]",0.9388649459176183,0.937394505126562,0.0022155046463012695,0.0014704407910562933,True,False,300,300,55.034100005286746,55.02880000130972
attack_05,443969,person,D:\project CS\RT-DETRv2-COCO-Attack\source_data\attack_05\clean_images\000000443969.jpg,D:\project CS\RT-DETRv2-COCO-Attack\source_data\attack_05\patched_images\000000443969.jpg,False,False,,,,,,,,,False,False,300,300,55.465599994931836,55.48329999874113
attack_05,445834,person,D:\project CS\RT-DETRv2-COCO-Attack\source_data\attack_05\clean_images\000000445834.jpg,D:\project CS\RT-DETRv2-COCO-Attack\source_data\attack_05\patched_images\000000445834.jpg,True,True,0.9464625120162964,0.9391601085662842,"[424.2982177734375, 182.9032745361328, 514.3720703125, 412.75103759765625]","[424.25115966796875, 182.7733917236328, 514.6153564453125, 412.4498596191406]",0.9466830779600124,0.9490268237519582,0.007302403450012207,-0.0023437457919458504,True,False,300,300,54.61710000236053,54.65449999610428
attack_05,448256,person,D:\project CS\RT-DETRv2-COCO-Attack\source_data\attack_05\clean_images\000000448256.jpg,D:\project CS\RT-DETRv2-COCO-Attack\source_data\attack_05\patched_images\000000448256.jpg,True,False,0.9418513178825378,,"[270.3616943359375, 83.08445739746094, 493.4712219238281, 337.0350036621094]",,0.9175476888459616,,,,True,True,300,300,55.70560000342084,55.22680000285618
attack_05,449432,person,D:\project CS\RT-DETRv2-COCO-Attack\source_data\attack_05\clean_images\000000449432.jpg,D:\project CS\RT-DETRv2-COCO-Attack\source_data\attack_05\patched_images\000000449432.jpg,True,True,0.8452119827270508,0.8472253680229187,"[305.4444580078125, 191.63218688964844, 352.55224609375, 358.0268249511719]","[306.1869812011719, 192.4202880859375, 352.46588134765625, 358.00885009765625]",0.6556377252958394,0.641105832201078,-0.00201338529586792,0.014531893094761439,True,False,300,300,54.63469999813242,54.47969999659108
attack_05,450303,person,D:\project CS\RT-DETRv2-COCO-Attack\source_data\attack_05\clean_images\000000450303.jpg,D:\project CS\RT-DETRv2-COCO-Attack\source_data\attack_05\patched_images\000000450303.jpg,True,True,0.9203874468803406,0.9140421152114868,"[448.44708251953125, 225.31784057617188, 596.9502563476562, 351.5050048828125]","[448.95208740234375, 225.36801147460938, 597.1463623046875, 351.8057861328125]",0.9204403864775687,0.9222172120470772,0.00634533166885376,-0.0017768255695085333,True,False,300,300,55.07740000030026,54.65299999923445
attack_05,453841,car,D:\project CS\RT-DETRv2-COCO-Attack\source_data\attack_05\clean_images\000000453841.jpg,D:\project CS\RT-DETRv2-COCO-Attack\source_data\attack_05\patched_images\000000453841.jpg,True,True,0.9330289959907532,0.9296981692314148,"[202.78109741210938, 160.93565368652344, 396.3634948730469, 321.11279296875]","[202.56748962402344, 160.97726440429688, 396.1812438964844, 320.6115417480469]",0.9175221287427235,0.9149997357680016,0.003330826759338379,0.0025223929747218987,True,False,300,300,53.93620000540977,54.53180000040447
attack_05,454661,car,D:\project CS\RT-DETRv2-COCO-Attack\source_data\attack_05\clean_images\000000454661.jpg,D:\project CS\RT-DETRv2-COCO-Attack\source_data\attack_05\patched_images\000000454661.jpg,True,True,0.9586371183395386,0.9597400426864624,"[248.40802001953125, 183.36404418945312, 639.6906127929688, 359.3902893066406]","[248.3216094970703, 183.374755859375, 639.6227416992188, 359.10687255859375]",0.982337270541106,0.9811778029860742,-0.0011029243469238281,0.0011594675550318234,True,False,300,300,54.73050000000512,55.35539999982575
attack_05,454798,person,D:\project CS\RT-DETRv2-COCO-Attack\source_data\attack_05\clean_images\000000454798.jpg,D:\project CS\RT-DETRv2-COCO-Attack\source_data\attack_05\patched_images\000000454798.jpg,True,True,0.901983916759491,0.8865498900413513,"[268.0458068847656, 62.72761154174805, 342.30303955078125, 240.3824920654297]","[267.9460754394531, 64.46390533447266, 341.4136962890625, 244.02508544921875]",0.8406592042768629,0.8288284285467004,0.015434026718139648,0.011830775730162557,True,False,300,300,54.20900000171969,54.68609999661567
attack_05,455301,person,D:\project CS\RT-DETRv2-COCO-Attack\source_data\attack_05\clean_images\000000455301.jpg,D:\project CS\RT-DETRv2-COCO-Attack\source_data\attack_05\patched_images\000000455301.jpg,True,True,0.25410836935043335,0.41286391019821167,"[123.87218475341797, 38.10182189941406, 446.8695068359375, 474.6487731933594]","[124.10912322998047, 118.54269409179688, 427.30999755859375, 476.035888671875]",0.925772004825155,0.7951957408325376,-0.15875554084777832,0.13057626399261735,True,False,300,300,56.273499998496845,55.90659999870695
attack_05,456303,person,D:\project CS\RT-DETRv2-COCO-Attack\source_data\attack_05\clean_images\000000456303.jpg,D:\project CS\RT-DETRv2-COCO-Attack\source_data\attack_05\patched_images\000000456303.jpg,True,True,0.6539350152015686,0.3736629784107208,"[51.81639862060547, 46.467193603515625, 210.13002014160156, 242.39968872070312]","[52.00931930541992, 47.252445220947266, 209.80230712890625, 234.59568786621094]",0.7606877842719223,0.7363602795861796,0.2802720367908478,0.02432750468574274,True,False,300,300,55.73839999851771,55.7660999984364
attack_05,456394,car,D:\project CS\RT-DETRv2-COCO-Attack\source_data\attack_05\clean_images\000000456394.jpg,D:\project CS\RT-DETRv2-COCO-Attack\source_data\attack_05\patched_images\000000456394.jpg,True,True,0.5208240747451782,0.37694859504699707,"[91.09150695800781, 0.07253336906433105, 204.3935546875, 20.114688873291016]","[91.01388549804688, 0.09511399269104004, 204.48289489746094, 20.18170166015625]",0.9696978224724395,0.9754494814559415,0.14387547969818115,-0.005751658983501939,True,False,300,300,56.49429999903077,55.762800002412405
attack_05,456496,person,D:\project CS\RT-DETRv2-COCO-Attack\source_data\attack_05\clean_images\000000456496.jpg,D:\project CS\RT-DETRv2-COCO-Attack\source_data\attack_05\patched_images\000000456496.jpg,True,True,0.9053554534912109,0.9190478920936584,"[149.3350372314453, 65.7989501953125, 297.104248046875, 305.73089599609375]","[149.58041381835938, 65.86862182617188, 290.43817138671875, 305.5198669433594]",0.9490528337601734,0.9834798332847469,-0.01369243860244751,-0.03442699952457351,True,False,300,300,55.14910000056261,54.560799995670095
attack_05,458045,person,D:\project CS\RT-DETRv2-COCO-Attack\source_data\attack_05\clean_images\000000458045.jpg,D:\project CS\RT-DETRv2-COCO-Attack\source_data\attack_05\patched_images\000000458045.jpg,True,True,0.960057258605957,0.9556446671485901,"[63.31484603881836, 133.77633666992188, 200.3800811767578, 269.58551025390625]","[63.35752487182617, 133.99252319335938, 200.15585327148438, 269.37969970703125]",0.9657534182172488,0.9643748585992664,0.004412591457366943,0.001378559617982389,True,False,300,300,54.466399997181725,54.40189999353606
attack_05,458109,person,D:\project CS\RT-DETRv2-COCO-Attack\source_data\attack_05\clean_images\000000458109.jpg,D:\project CS\RT-DETRv2-COCO-Attack\source_data\attack_05\patched_images\000000458109.jpg,True,True,0.3426598012447357,0.2944745719432831,"[82.60066986083984, 21.789047241210938, 127.23438262939453, 91.61927795410156]","[82.25807189941406, 21.786911010742188, 126.99533081054688, 90.27291107177734]",0.9146999595675193,0.9294168573617428,0.04818522930145264,-0.014716897794223582,True,False,300,300,55.453300003136974,55.04899999505142
attack_05,458325,car,D:\project CS\RT-DETRv2-COCO-Attack\source_data\attack_05\clean_images\000000458325.jpg,D:\project CS\RT-DETRv2-COCO-Attack\source_data\attack_05\patched_images\000000458325.jpg,True,True,0.9315038919448853,0.8322988748550415,"[1.2310028076171875, 163.92054748535156, 181.7137908935547, 331.58966064453125]","[1.5867137908935547, 164.1630859375, 181.43765258789062, 331.9231262207031]",0.9348755662866253,0.9347915681364808,0.09920501708984375,8.399815014448198e-05,True,False,300,300,54.2831999991904,54.3106999975862
attack_05,458702,car,D:\project CS\RT-DETRv2-COCO-Attack\source_data\attack_05\clean_images\000000458702.jpg,D:\project CS\RT-DETRv2-COCO-Attack\source_data\attack_05\patched_images\000000458702.jpg,True,True,0.5524721741676331,0.5570382475852966,"[0.48270076513290405, 431.63128662109375, 151.67881774902344, 498.36529541015625]","[0.503214418888092, 431.209228515625, 151.26150512695312, 498.1845397949219]",0.7397124053805962,0.7310528948954067,-0.004566073417663574,0.008659510485189537,True,False,300,300,54.72780000127386,54.759199992986396
attack_05,460147,car,D:\project CS\RT-DETRv2-COCO-Attack\source_data\attack_05\clean_images\000000460147.jpg,D:\project CS\RT-DETRv2-COCO-Attack\source_data\attack_05\patched_images\000000460147.jpg,False,False,,,,,,,,,False,False,300,300,53.720600000815466,54.657200002111495
attack_05,460347,car,D:\project CS\RT-DETRv2-COCO-Attack\source_data\attack_05\clean_images\000000460347.jpg,D:\project CS\RT-DETRv2-COCO-Attack\source_data\attack_05\patched_images\000000460347.jpg,True,True,0.9207385778427124,0.9188071489334106,"[329.7619323730469, 68.51705169677734, 383.072265625, 114.42152404785156]","[329.780029296875, 68.40484619140625, 382.99139404296875, 114.43241119384766]",0.9479965647369386,0.9466136075569168,0.0019314289093017578,0.0013829571800217932,True,False,300,300,54.2972000039299,54.07330000161892
attack_05,463618,person,D:\project CS\RT-DETRv2-COCO-Attack\source_data\attack_05\clean_images\000000463618.jpg,D:\project CS\RT-DETRv2-COCO-Attack\source_data\attack_05\patched_images\000000463618.jpg,True,True,0.945207417011261,0.9598309993743896,"[234.75033569335938, 9.084830284118652, 521.7554321289062, 447.5476379394531]","[232.77078247070312, 9.468754768371582, 522.2421875, 447.7438659667969]",0.9861773882179513,0.9812138041364761,-0.014623582363128662,0.004963584081475236,True,False,300,300,55.5263999995077,61.18080000305781
attack_05,463802,person,D:\project CS\RT-DETRv2-COCO-Attack\source_data\attack_05\clean_images\000000463802.jpg,D:\project CS\RT-DETRv2-COCO-Attack\source_data\attack_05\patched_images\000000463802.jpg,True,True,0.6727247834205627,0.7820130586624146,"[291.1361389160156, 1.283254623413086, 635.6395874023438, 474.1905517578125]","[312.2169494628906, 1.6469049453735352, 635.00244140625, 473.14984130859375]",0.8386073870170846,0.8876319235351743,-0.1092882752418518,-0.04902453651808969,True,False,300,300,56.62079999456182,55.917500001669396
attack_05,464786,person,D:\project CS\RT-DETRv2-COCO-Attack\source_data\attack_05\clean_images\000000464786.jpg,D:\project CS\RT-DETRv2-COCO-Attack\source_data\attack_05\patched_images\000000464786.jpg,True,True,0.6186731457710266,0.2728855013847351,"[-0.14596939086914062, 175.03712463378906, 161.51321411132812, 425.4923400878906]","[0.5816459655761719, -1.0633151531219482, 247.84445190429688, 426.3534240722656]",0.5757508809306036,0.6290573918523118,0.3457876443862915,-0.05330651092170824,True,False,300,300,56.089300000166986,56.370400001469534
attack_05,464824,car,D:\project CS\RT-DETRv2-COCO-Attack\source_data\attack_05\clean_images\000000464824.jpg,D:\project CS\RT-DETRv2-COCO-Attack\source_data\attack_05\patched_images\000000464824.jpg,False,False,,,,,,,,,False,False,300,300,55.3141999989748,55.47750000550877
attack_05,465179,person,D:\project CS\RT-DETRv2-COCO-Attack\source_data\attack_05\clean_images\000000465179.jpg,D:\project CS\RT-DETRv2-COCO-Attack\source_data\attack_05\patched_images\000000465179.jpg,True,True,0.9680089950561523,0.9681143164634705,"[0.9546161890029907, 95.18063354492188, 374.7622985839844, 496.8416748046875]","[0.8783659338951111, 95.37171936035156, 374.79766845703125, 496.6208801269531]",0.9835312425278706,0.984644837672568,-0.00010532140731811523,-0.0011135951446974435,True,False,300,300,55.24200000218116,55.52750000060769
attack_05,465180,person,D:\project CS\RT-DETRv2-COCO-Attack\source_data\attack_05\clean_images\000000465180.jpg,D:\project CS\RT-DETRv2-COCO-Attack\source_data\attack_05\patched_images\000000465180.jpg,True,True,0.9134693145751953,0.9052112698554993,"[280.2344055175781, 261.3844299316406, 414.146728515625, 375.36431884765625]","[280.2607727050781, 261.85028076171875, 415.4324951171875, 375.2437744140625]",0.9569112836963254,0.9691260867435789,0.008258044719696045,-0.01221480304725353,True,False,300,300,55.368200002703816,55.80139999801759
attack_05,466156,car,D:\project CS\RT-DETRv2-COCO-Attack\source_data\attack_05\clean_images\000000466156.jpg,D:\project CS\RT-DETRv2-COCO-Attack\source_data\attack_05\patched_images\000000466156.jpg,True,True,0.7654609084129333,0.5958898067474365,"[-0.0006556510925292969, 7.948111534118652, 499.9979248046875, 373.70635986328125]","[0.035628676414489746, 10.362625122070312, 499.8984375, 372.98046875]",0.9017932868467033,0.9093807218317871,0.16957110166549683,-0.007587434985083741,True,False,300,300,55.559999993420206,55.506299999251496
attack_05,474164,car,D:\project CS\RT-DETRv2-COCO-Attack\source_data\attack_05\clean_images\000000474164.jpg,D:\project CS\RT-DETRv2-COCO-Attack\source_data\attack_05\patched_images\000000474164.jpg,True,True,0.7100436091423035,0.4658861458301544,"[37.28817367553711, 379.4970397949219, 120.05071258544922, 428.21246337890625]","[36.700645446777344, 379.31951904296875, 120.0671615600586, 427.69110107421875]",0.8683083555392929,0.8725697862625585,0.24415746331214905,-0.00426143072326568,True,False,300,300,55.16200000420213,55.60960000002524
attack_05,475484,car,D:\project CS\RT-DETRv2-COCO-Attack\source_data\attack_05\clean_images\000000475484.jpg,D:\project CS\RT-DETRv2-COCO-Attack\source_data\attack_05\patched_images\000000475484.jpg,True,True,0.8281543254852295,0.7550073266029358,"[142.7692413330078, 337.2472839355469, 270.28985595703125, 388.6221008300781]","[142.29737854003906, 337.1878662109375, 270.358642578125, 388.71331787109375]",0.9652967985089451,0.9700097967410594,0.0731469988822937,-0.0047129982321142405,True,False,300,300,54.45480000344105,54.34860000241315
attack_05,476119,car,D:\project CS\RT-DETRv2-COCO-Attack\source_data\attack_05\clean_images\000000476119.jpg,D:\project CS\RT-DETRv2-COCO-Attack\source_data\attack_05\patched_images\000000476119.jpg,True,True,0.9471677541732788,0.9247081875801086,"[242.9916534423828, 79.59326171875, 444.4180908203125, 198.3469696044922]","[244.0636444091797, 79.40699005126953, 444.38079833984375, 196.78692626953125]",0.9585397325809647,0.965955084456064,0.022459566593170166,-0.007415351875099341,True,False,300,300,54.6634999991511,54.74390000017593
attack_05,477288,person,D:\project CS\RT-DETRv2-COCO-Attack\source_data\attack_05\clean_images\000000477288.jpg,D:\project CS\RT-DETRv2-COCO-Attack\source_data\attack_05\patched_images\000000477288.jpg,True,True,0.9352250695228577,0.6023225784301758,"[192.1238555908203, 69.70526123046875, 382.3760070800781, 592.81298828125]","[192.13674926757812, 70.33120727539062, 382.9479675292969, 592.0933837890625]",0.956042584807412,0.9565691626581345,0.3329024910926819,-0.0005265778507225205,True,False,300,300,55.86590000166325,56.2941000025603
attack_05,478721,car,D:\project CS\RT-DETRv2-COCO-Attack\source_data\attack_05\clean_images\000000478721.jpg,D:\project CS\RT-DETRv2-COCO-Attack\source_data\attack_05\patched_images\000000478721.jpg,True,True,0.7717339396476746,0.7763789296150208,"[371.3289794921875, 236.99542236328125, 433.3872985839844, 286.25994873046875]","[370.99517822265625, 236.9386749267578, 433.52423095703125, 285.9484558105469]",0.8954152832267004,0.9025538579601122,-0.004644989967346191,-0.00713857473341184,True,False,300,300,54.383900001994334,54.14369999925839
attack_05,480021,car,D:\project CS\RT-DETRv2-COCO-Attack\source_data\attack_05\clean_images\000000480021.jpg,D:\project CS\RT-DETRv2-COCO-Attack\source_data\attack_05\patched_images\000000480021.jpg,True,True,0.31093472242355347,0.619462251663208,"[303.3489990234375, 90.95988464355469, 456.42401123046875, 158.09963989257812]","[303.725830078125, 90.21302795410156, 408.51416015625, 157.25306701660156]",0.8429411433967551,0.616740441189707,-0.30852752923965454,0.22620070220704813,True,False,300,300,55.175199995574076,55.24120000336552
attack_05,480944,car,D:\project CS\RT-DETRv2-COCO-Attack\source_data\attack_05\clean_images\000000480944.jpg,D:\project CS\RT-DETRv2-COCO-Attack\source_data\attack_05\patched_images\000000480944.jpg,True,True,0.9286869168281555,0.9194240570068359,"[20.854013442993164, 355.547119140625, 123.88997650146484, 398.09259033203125]","[20.91111946105957, 355.48626708984375, 123.91545104980469, 397.981689453125]",0.9703976070215942,0.9695525459389714,0.00926285982131958,0.0008450610826227223,True,False,300,300,54.021299998566974,54.25160000595497
attack_05,481390,person,D:\project CS\RT-DETRv2-COCO-Attack\source_data\attack_05\clean_images\000000481390.jpg,D:\project CS\RT-DETRv2-COCO-Attack\source_data\attack_05\patched_images\000000481390.jpg,False,False,,,,,,,,,False,False,300,300,55.05970000376692,54.87469999934547
attack_05,482800,person,D:\project CS\RT-DETRv2-COCO-Attack\source_data\attack_05\clean_images\000000482800.jpg,D:\project CS\RT-DETRv2-COCO-Attack\source_data\attack_05\patched_images\000000482800.jpg,True,True,0.9625954031944275,0.9627249836921692,"[336.82440185546875, 81.69285583496094, 500.3536376953125, 450.6062316894531]","[337.44097900390625, 81.85789489746094, 500.4462890625, 450.62335205078125]",0.9663026262630747,0.9616350411931327,-0.00012958049774169922,0.004667585069942026,True,False,300,300,54.875199995876756,54.88409999816213
attack_05,482917,person,D:\project CS\RT-DETRv2-COCO-Attack\source_data\attack_05\clean_images\000000482917.jpg,D:\project CS\RT-DETRv2-COCO-Attack\source_data\attack_05\patched_images\000000482917.jpg,True,True,0.5772600769996643,0.7319815754890442,"[0.5203783512115479, 77.14791870117188, 448.8236083984375, 372.1512756347656]","[0.6365925073623657, 77.04499053955078, 448.8100280761719, 371.7454528808594]",0.7811802215113508,0.7822095907398795,-0.15472149848937988,-0.0010293692285286982,True,False,300,300,55.44519999966724,55.66060000273865
attack_05,484978,person,D:\project CS\RT-DETRv2-COCO-Attack\source_data\attack_05\clean_images\000000484978.jpg,D:\project CS\RT-DETRv2-COCO-Attack\source_data\attack_05\patched_images\000000484978.jpg,True,True,0.9484376907348633,0.9532582759857178,"[82.07968139648438, 63.51795196533203, 325.2043151855469, 316.3714294433594]","[82.76979064941406, 63.455657958984375, 324.71343994140625, 316.13055419921875]",0.9448199653644332,0.950102879529992,-0.004820585250854492,-0.005282914165558705,True,False,300,300,55.27779999829363,55.32209999364568
attack_05,485027,person,D:\project CS\RT-DETRv2-COCO-Attack\source_data\attack_05\clean_images\000000485027.jpg,D:\project CS\RT-DETRv2-COCO-Attack\source_data\attack_05\patched_images\000000485027.jpg,True,True,0.9623605012893677,0.9595919847488403,"[83.96443939208984, 181.81678771972656, 246.01141357421875, 617.883544921875]","[84.03335571289062, 181.98345947265625, 246.62339782714844, 618.0643920898438]",0.9639474116919676,0.9607839693074243,0.0027685165405273438,0.003163442384543358,True,False,300,300,53.94699999305885,54.54239999380661
attack_05,485237,car,D:\project CS\RT-DETRv2-COCO-Attack\source_data\attack_05\clean_images\000000485237.jpg,D:\project CS\RT-DETRv2-COCO-Attack\source_data\attack_05\patched_images\000000485237.jpg,True,True,0.4853973090648651,0.46515101194381714,"[0.1489424705505371, 140.09375, 41.62047576904297, 158.60569763183594]","[0.13934850692749023, 140.1441192626953, 42.043819427490234, 158.50704956054688]",0.9217016388107334,0.9099067599030457,0.020246297121047974,0.011794878907687711,True,False,300,300,54.543300000659656,54.30490000435384
attack_05,489339,person,D:\project CS\RT-DETRv2-COCO-Attack\source_data\attack_05\clean_images\000000489339.jpg,D:\project CS\RT-DETRv2-COCO-Attack\source_data\attack_05\patched_images\000000489339.jpg,True,True,0.9547562599182129,0.9614691734313965,"[44.74428939819336, 89.39897155761719, 369.2493591308594, 634.9248046875]","[44.1966438293457, 89.49049377441406, 369.6585388183594, 635.784423828125]",0.9556454847088989,0.9544707297339384,-0.006712913513183594,0.0011747549749604458,True,False,300,300,55.9651000003214,56.10480000177631
attack_05,490936,car,D:\project CS\RT-DETRv2-COCO-Attack\source_data\attack_05\clean_images\000000490936.jpg,D:\project CS\RT-DETRv2-COCO-Attack\source_data\attack_05\patched_images\000000490936.jpg,True,True,0.7468231916427612,0.7391546368598938,"[372.4173278808594, 82.90020751953125, 451.97332763671875, 166.10015869140625]","[372.4087829589844, 82.76382446289062, 452.0191345214844, 166.05789184570312]",0.9071588004311503,0.9075334354556913,0.007668554782867432,-0.0003746350245410479,True,False,300,300,54.8445999957039,54.59990000235848
attack_05,492758,person,D:\project CS\RT-DETRv2-COCO-Attack\source_data\attack_05\clean_images\000000492758.jpg,D:\project CS\RT-DETRv2-COCO-Attack\source_data\attack_05\patched_images\000000492758.jpg,True,True,0.4553612172603607,0.4220254719257355,"[452.4273681640625, 189.35951232910156, 512.064453125, 270.99761962890625]","[438.47039794921875, 189.3831024169922, 516.2061767578125, 272.2903747558594]",0.8495598832298852,0.8008042675186647,0.033335745334625244,0.048755615711220446,True,False,300,300,53.84519999643089,54.738399994676
attack_05,495146,car,D:\project CS\RT-DETRv2-COCO-Attack\source_data\attack_05\clean_images\000000495146.jpg,D:\project CS\RT-DETRv2-COCO-Attack\source_data\attack_05\patched_images\000000495146.jpg,True,True,0.9189766049385071,0.9177189469337463,"[230.70899963378906, 373.9854736328125, 429.8704528808594, 478.139404296875]","[230.54098510742188, 373.6446228027344, 430.0685119628906, 478.14398193359375]",0.9177671903831537,0.9150768202852303,0.0012576580047607422,0.002690370097923389,True,False,300,300,54.175999997823965,55.11100000148872
attack_05,498286,car,D:\project CS\RT-DETRv2-COCO-Attack\source_data\attack_05\clean_images\000000498286.jpg,D:\project CS\RT-DETRv2-COCO-Attack\source_data\attack_05\patched_images\000000498286.jpg,True,True,0.5251466631889343,0.8458752036094666,"[431.33819580078125, 334.560791015625, 615.6160888671875, 420.7930908203125]","[431.30029296875, 334.42041015625, 616.0272827148438, 420.46759033203125]",0.9465618212440333,0.9507979374966513,-0.3207285404205322,-0.004236116252617994,True,False,300,300,55.68489999859594,57.016699996893294
attack_05,498709,car,D:\project CS\RT-DETRv2-COCO-Attack\source_data\attack_05\clean_images\000000498709.jpg,D:\project CS\RT-DETRv2-COCO-Attack\source_data\attack_05\patched_images\000000498709.jpg,True,True,0.3352137506008148,0.2750990092754364,"[29.087127685546875, 185.0137481689453, 81.74009704589844, 246.58396911621094]","[29.912498474121094, 187.16151428222656, 80.79376220703125, 246.49061584472656]",0.5982329860850012,0.606818194905489,0.06011474132537842,-0.008585208820487855,True,False,300,300,55.58790000213776,55.83379999734461
attack_05,498747,person,D:\project CS\RT-DETRv2-COCO-Attack\source_data\attack_05\clean_images\000000498747.jpg,D:\project CS\RT-DETRv2-COCO-Attack\source_data\attack_05\patched_images\000000498747.jpg,True,True,0.9139439463615417,0.4841182827949524,"[119.96124267578125, 41.27337646484375, 542.8082885742188, 475.7335510253906]","[119.07781982421875, 42.442874908447266, 608.975830078125, 475.3946533203125]",0.8317745955309565,0.9446705611045968,0.42982566356658936,-0.11289596557364034,True,False,300,300,57.059999999182764,55.81099999835715
attack_05,500613,car,D:\project CS\RT-DETRv2-COCO-Attack\source_data\attack_05\clean_images\000000500613.jpg,D:\project CS\RT-DETRv2-COCO-Attack\source_data\attack_05\patched_images\000000500613.jpg,True,True,0.5740397572517395,0.252880334854126,"[576.1516723632812, 204.80030822753906, 640.047607421875, 284.4336242675781]","[576.277587890625, 205.2012939453125, 639.982666015625, 284.8957824707031]",0.7270117414906481,0.7190458219116194,0.3211594223976135,0.007965919579028702,True,False,300,300,54.42839999886928,54.335699998773634
attack_05,502168,person,D:\project CS\RT-DETRv2-COCO-Attack\source_data\attack_05\clean_images\000000502168.jpg,D:\project CS\RT-DETRv2-COCO-Attack\source_data\attack_05\patched_images\000000502168.jpg,True,True,0.9114764928817749,0.8975979685783386,"[432.4703674316406, 337.32220458984375, 518.695556640625, 457.3619689941406]","[432.1518249511719, 337.2472229003906, 518.2210693359375, 457.3733215332031]",0.8828905976220005,0.8742174473955127,0.01387852430343628,0.008673150226487847,True,False,300,300,54.405300004873425,54.381599999032915
attack_05,504074,person,D:\project CS\RT-DETRv2-COCO-Attack\source_data\attack_05\clean_images\000000504074.jpg,D:\project CS\RT-DETRv2-COCO-Attack\source_data\attack_05\patched_images\000000504074.jpg,True,True,0.9244860410690308,0.7186945080757141,"[260.15020751953125, 88.75676727294922, 553.6944580078125, 424.2420959472656]","[257.0914306640625, 87.94757843017578, 556.814697265625, 423.8360595703125]",0.9867417531330163,0.9689316636355633,0.20579153299331665,0.017810089497452997,True,False,300,300,55.75240000325721,56.30530000053113
attack_05,504415,car,D:\project CS\RT-DETRv2-COCO-Attack\source_data\attack_05\clean_images\000000504415.jpg,D:\project CS\RT-DETRv2-COCO-Attack\source_data\attack_05\patched_images\000000504415.jpg,True,True,0.9194306135177612,0.9136819243431091,"[78.9944076538086, 178.09483337402344, 281.8817138671875, 239.88916015625]","[79.20960235595703, 178.18492126464844, 282.42535400390625, 239.8394775390625]",0.9310018231783339,0.9350001838368583,0.0057486891746521,-0.003998360658524436,True,False,300,300,54.33049999555806,54.72089999966556
attack_05,505942,car,D:\project CS\RT-DETRv2-COCO-Attack\source_data\attack_05\clean_images\000000505942.jpg,D:\project CS\RT-DETRv2-COCO-Attack\source_data\attack_05\patched_images\000000505942.jpg,True,True,0.3786602020263672,0.3503164052963257,"[458.4571533203125, 169.90428161621094, 500.00787353515625, 211.09957885742188]","[458.7522888183594, 158.34048461914062, 500.0677795410156, 213.80545043945312]",0.7277469084984791,0.7528924762243703,0.028343796730041504,-0.02514556772589116,True,False,300,300,54.3342999953893,54.74289999983739
attack_05,506707,car,D:\project CS\RT-DETRv2-COCO-Attack\source_data\attack_05\clean_images\000000506707.jpg,D:\project CS\RT-DETRv2-COCO-Attack\source_data\attack_05\patched_images\000000506707.jpg,False,True,,0.2869412302970886,,"[141.60391235351562, 155.12380981445312, 274.9957580566406, 258.7943115234375]",,0.6744775733437829,,,False,False,300,300,54.95360000350047,54.727599999750964
attack_05,508602,car,D:\project CS\RT-DETRv2-COCO-Attack\source_data\attack_05\clean_images\000000508602.jpg,D:\project CS\RT-DETRv2-COCO-Attack\source_data\attack_05\patched_images\000000508602.jpg,True,True,0.88112872838974,0.8236380219459534,"[0.0292360782623291, 253.78289794921875, 500.0242004394531, 425.3458557128906]","[0.00667572021484375, 254.1873779296875, 499.999755859375, 425.43145751953125]",0.9805565342349887,0.9777610643023928,0.05749070644378662,0.0027954699325958288,True,False,300,300,55.342100000416394,55.13729999802308
attack_05,513524,person,D:\project CS\RT-DETRv2-COCO-Attack\source_data\attack_05\clean_images\000000513524.jpg,D:\project CS\RT-DETRv2-COCO-Attack\source_data\attack_05\patched_images\000000513524.jpg,True,True,0.9517050385475159,0.9510304927825928,"[289.2044677734375, 15.448704719543457, 504.53924560546875, 339.86297607421875]","[289.222900390625, 15.997597694396973, 505.5707092285156, 340.3645935058594]",0.9706226294320022,0.9689906670585434,0.0006745457649230957,0.0016319623734587507,True,False,300,300,54.51970000285655,53.77569999836851
attack_05,514586,car,D:\project CS\RT-DETRv2-COCO-Attack\source_data\attack_05\clean_images\000000514586.jpg,D:\project CS\RT-DETRv2-COCO-Attack\source_data\attack_05\patched_images\000000514586.jpg,False,True,,0.4536276161670685,,"[291.4059143066406, 119.9952163696289, 313.0971374511719, 151.83505249023438]",,0.5547483202138608,,,False,False,300,300,55.40889999974752,55.05059999995865
attack_05,515266,car,D:\project CS\RT-DETRv2-COCO-Attack\source_data\attack_05\clean_images\000000515266.jpg,D:\project CS\RT-DETRv2-COCO-Attack\source_data\attack_05\patched_images\000000515266.jpg,True,True,0.8182877898216248,0.786148726940155,"[604.1604614257812, 105.43831634521484, 634.7510375976562, 129.87925720214844]","[604.2150268554688, 105.0182113647461, 634.9405517578125, 129.64134216308594]",0.8218988311195271,0.8168406576822017,0.03213906288146973,0.005058173437325397,True,False,300,300,55.56419999629725,55.49820000305772
attack_05,516677,person,D:\project CS\RT-DETRv2-COCO-Attack\source_data\attack_05\clean_images\000000516677.jpg,D:\project CS\RT-DETRv2-COCO-Attack\source_data\attack_05\patched_images\000000516677.jpg,True,True,0.8822202682495117,0.88038170337677,"[335.36993408203125, 258.0768127441406, 453.315673828125, 389.62847900390625]","[336.6430358886719, 257.96954345703125, 453.2571105957031, 389.6620178222656]",0.8816029199410619,0.8727113929254294,0.0018385648727416992,0.00889152701563245,True,False,300,300,53.861599997617304,54.92750000121305
attack_05,518770,person,D:\project CS\RT-DETRv2-COCO-Attack\source_data\attack_05\clean_images\000000518770.jpg,D:\project CS\RT-DETRv2-COCO-Attack\source_data\attack_05\patched_images\000000518770.jpg,True,True,0.9252557158470154,0.9357820153236389,"[112.76521301269531, 89.07278442382812, 199.9748077392578, 366.09173583984375]","[112.75829315185547, 89.09721374511719, 201.25, 366.3447265625]",0.8898083159940623,0.9023984249845067,-0.010526299476623535,-0.012590108990444437,True,False,300,300,53.902799998468254,54.55639999854611
attack_05,520009,car,D:\project CS\RT-DETRv2-COCO-Attack\source_data\attack_05\clean_images\000000520009.jpg,D:\project CS\RT-DETRv2-COCO-Attack\source_data\attack_05\patched_images\000000520009.jpg,True,True,0.9408585429191589,0.9452047348022461,"[-0.049754977226257324, 334.063720703125, 214.27792358398438, 411.5650329589844]","[-0.04139542579650879, 334.0858459472656, 214.3353271484375, 411.567626953125]",0.9809342873791672,0.9815428485447202,-0.004346191883087158,-0.0006085611655529677,True,False,300,300,53.82540000573499,54.923599993344396
attack_05,520910,person,D:\project CS\RT-DETRv2-COCO-Attack\source_data\attack_05\clean_images\000000520910.jpg,D:\project CS\RT-DETRv2-COCO-Attack\source_data\attack_05\patched_images\000000520910.jpg,True,True,0.9400513172149658,0.9316132664680481,"[155.2325897216797, 163.08255004882812, 247.5758819580078, 469.124267578125]","[155.17776489257812, 162.9442138671875, 247.73716735839844, 468.48956298828125]",0.8775740664391302,0.874287381974482,0.008438050746917725,0.003286684464648193,True,False,300,300,54.50800000107847,55.02060000435449
attack_05,521141,car,D:\project CS\RT-DETRv2-COCO-Attack\source_data\attack_05\clean_images\000000521141.jpg,D:\project CS\RT-DETRv2-COCO-Attack\source_data\attack_05\patched_images\000000521141.jpg,True,True,0.8971604108810425,0.7665665149688721,"[305.2796630859375, 241.88479614257812, 375.0226745605469, 272.7485046386719]","[305.4935607910156, 241.38571166992188, 374.7975769042969, 272.65478515625]",0.9556452558256837,0.9582438704823842,0.1305938959121704,-0.0025986146567005264,True,False,300,300,53.452200001629535,54.202799998165574
attack_05,521259,car,D:\project CS\RT-DETRv2-COCO-Attack\source_data\attack_05\clean_images\000000521259.jpg,D:\project CS\RT-DETRv2-COCO-Attack\source_data\attack_05\patched_images\000000521259.jpg,True,True,0.7338281869888306,0.7180858850479126,"[0.04202842712402344, 121.0205078125, 55.22016906738281, 205.2740020751953]","[0.04054546356201172, 120.9106674194336, 55.156856536865234, 208.1430206298828]",0.7719598834121164,0.7983576285786471,0.01574230194091797,-0.026397745166530706,True,False,300,300,53.36630000238074,54.39449999539647
attack_05,521819,car,D:\project CS\RT-DETRv2-COCO-Attack\source_data\attack_05\clean_images\000000521819.jpg,D:\project CS\RT-DETRv2-COCO-Attack\source_data\attack_05\patched_images\000000521819.jpg,True,True,0.8330491781234741,0.8343237638473511,"[559.0755615234375, 361.19073486328125, 602.454345703125, 386.5522155761719]","[559.0810546875, 361.3102722167969, 602.40771484375, 386.1353454589844]",0.923332285501667,0.9080437174170575,-0.0012745857238769531,0.015288568084609544,True,False,300,300,54.57540000497829,53.52069999935338
attack_05,521956,person,D:\project CS\RT-DETRv2-COCO-Attack\source_data\attack_05\clean_images\000000521956.jpg,D:\project CS\RT-DETRv2-COCO-Attack\source_data\attack_05\patched_images\000000521956.jpg,True,True,0.9725252389907837,0.9683133363723755,"[0.0873953104019165, 0.43026119470596313, 346.3382263183594, 327.72015380859375]","[-0.2902001142501831, -0.6266418099403381, 346.1750793457031, 328.4806823730469]",0.9901266090997631,0.9836362793159766,0.004211902618408203,0.006490329783786497,True,False,300,300,55.792099999962375,55.70579999766778
attack_05,523241,car,D:\project CS\RT-DETRv2-COCO-Attack\source_data\attack_05\clean_images\000000523241.jpg,D:\project CS\RT-DETRv2-COCO-Attack\source_data\attack_05\patched_images\000000523241.jpg,True,True,0.9347367286682129,0.9333245158195496,"[363.8086242675781, 203.36199951171875, 478.3110656738281, 234.90704345703125]","[363.5653991699219, 203.2429962158203, 478.3583984375, 234.86590576171875]",0.9471390449015017,0.947948685411399,0.00141221284866333,-0.0008096405098972914,True,False,300,300,54.47719999938272,54.16540000442183
attack_05,523957,person,D:\project CS\RT-DETRv2-COCO-Attack\source_data\attack_05\clean_images\000000523957.jpg,D:\project CS\RT-DETRv2-COCO-Attack\source_data\attack_05\patched_images\000000523957.jpg,True,True,0.9696725606918335,0.9689531326293945,"[56.60257339477539, 80.38560485839844, 321.279052734375, 343.72674560546875]","[56.55670166015625, 80.40694427490234, 321.2388610839844, 343.390869140625]",0.9345453785809542,0.9337380989981503,0.0007194280624389648,0.0008072795828039103,True,False,300,300,53.82860000099754,54.176399993593805
attack_05,524456,person,D:\project CS\RT-DETRv2-COCO-Attack\source_data\attack_05\clean_images\000000524456.jpg,D:\project CS\RT-DETRv2-COCO-Attack\source_data\attack_05\patched_images\000000524456.jpg,True,True,0.2798061966896057,0.5898485779762268,"[122.90424346923828, 1.0069942474365234, 638.2924194335938, 292.3658752441406]","[122.52424621582031, 1.0559606552124023, 638.6962280273438, 296.94561767578125]",0.96831565829966,0.9832873682264724,-0.3100423812866211,-0.014971709926812404,True,False,300,300,55.593299999600276,55.864800000563264
attack_05,524850,person,D:\project CS\RT-DETRv2-COCO-Attack\source_data\attack_05\clean_images\000000524850.jpg,D:\project CS\RT-DETRv2-COCO-Attack\source_data\attack_05\patched_images\000000524850.jpg,False,False,,,,,,,,,False,False,300,300,54.62850000185426,54.60579999635229
attack_05,525155,person,D:\project CS\RT-DETRv2-COCO-Attack\source_data\attack_05\clean_images\000000525155.jpg,D:\project CS\RT-DETRv2-COCO-Attack\source_data\attack_05\patched_images\000000525155.jpg,False,False,,,,,,,,,False,False,300,300,55.02600000181701,55.62410000129603
attack_05,527029,person,D:\project CS\RT-DETRv2-COCO-Attack\source_data\attack_05\clean_images\000000527029.jpg,D:\project CS\RT-DETRv2-COCO-Attack\source_data\attack_05\patched_images\000000527029.jpg,True,True,0.9507948160171509,0.9492491483688354,"[20.256195068359375, 210.68502807617188, 356.79095458984375, 634.409423828125]","[20.53853988647461, 210.7265625, 355.92132568359375, 634.374755859375]",0.8442131253229295,0.8472652026796826,0.0015456676483154297,-0.003052077356753169,True,False,300,300,54.086399999505375,54.657599997881334
attack_05,527220,car,D:\project CS\RT-DETRv2-COCO-Attack\source_data\attack_05\clean_images\000000527220.jpg,D:\project CS\RT-DETRv2-COCO-Attack\source_data\attack_05\patched_images\000000527220.jpg,True,True,0.5116764307022095,0.36823737621307373,"[3.6156325340270996, 4.183806896209717, 167.05014038085938, 159.84022521972656]","[3.5247802734375, 4.2102437019348145, 167.1232452392578, 159.17420959472656]",0.9739356904778499,0.9780291792840821,0.14343905448913574,-0.004093488806232171,True,False,300,300,56.03740000515245,56.106999996700324
attack_05,528980,car,D:\project CS\RT-DETRv2-COCO-Attack\source_data\attack_05\clean_images\000000528980.jpg,D:\project CS\RT-DETRv2-COCO-Attack\source_data\attack_05\patched_images\000000528980.jpg,True,True,0.8106040358543396,0.7594645023345947,"[82.07256317138672, 605.422607421875, 184.83200073242188, 639.385009765625]","[86.88056182861328, 605.7899169921875, 184.55943298339844, 639.149658203125]",0.9414978307061773,0.90276024179147,0.05113953351974487,0.038737588914707355,True,False,300,300,53.941099999065045,54.12829999841051
attack_05,530099,car,D:\project CS\RT-DETRv2-COCO-Attack\source_data\attack_05\clean_images\000000530099.jpg,D:\project CS\RT-DETRv2-COCO-Attack\source_data\attack_05\patched_images\000000530099.jpg,True,True,0.6231769919395447,0.6643365025520325,"[101.214599609375, 234.12564086914062, 500.1798400878906, 373.537109375]","[101.71820068359375, 234.31243896484375, 499.9762878417969, 373.5496520996094]",0.9333384312167282,0.9361658286954455,-0.04115951061248779,-0.0028273974787172973,True,False,300,300,55.59050000010757,56.27939999976661
attack_05,532690,person,D:\project CS\RT-DETRv2-COCO-Attack\source_data\attack_05\clean_images\000000532690.jpg,D:\project CS\RT-DETRv2-COCO-Attack\source_data\attack_05\patched_images\000000532690.jpg,True,True,0.9627319574356079,0.9648156762123108,"[54.441802978515625, 33.755455017089844, 494.0299987792969, 634.5050659179688]","[54.33893966674805, 34.15678024291992, 494.89324951171875, 634.3718872070312]",0.9599218320977237,0.9624205411728957,-0.002083718776702881,-0.002498709075171912,True,False,300,300,55.709899999783374,56.10729999898467
attack_05,534394,car,D:\project CS\RT-DETRv2-COCO-Attack\source_data\attack_05\clean_images\000000534394.jpg,D:\project CS\RT-DETRv2-COCO-Attack\source_data\attack_05\patched_images\000000534394.jpg,True,True,0.6602512001991272,0.7779254913330078,"[0.1319742202758789, 228.0512237548828, 82.19377136230469, 344.83746337890625]","[0.36473751068115234, 226.79196166992188, 86.44071960449219, 345.4200439453125]",0.8512426500112843,0.9082545930695934,-0.11767429113388062,-0.057011943058309145,True,False,300,300,54.91990000155056,54.020999996282626
attack_05,537270,person,D:\project CS\RT-DETRv2-COCO-Attack\source_data\attack_05\clean_images\000000537270.jpg,D:\project CS\RT-DETRv2-COCO-Attack\source_data\attack_05\patched_images\000000537270.jpg,True,True,0.949718177318573,0.955224335193634,"[0.08726119995117188, -0.03360271453857422, 402.65625, 477.425537109375]","[0.4473686218261719, -0.06440162658691406, 420.92681884765625, 477.7399597167969]",0.8541160168676466,0.8911760096636394,-0.005506157875061035,-0.03705999279599281,True,False,300,300,55.88060000445694,56.64170000090962
attack_05,537506,car,D:\project CS\RT-DETRv2-COCO-Attack\source_data\attack_05\clean_images\000000537506.jpg,D:\project CS\RT-DETRv2-COCO-Attack\source_data\attack_05\patched_images\000000537506.jpg,True,True,0.7875722646713257,0.4330562651157379,"[118.10802459716797, 50.55683898925781, 276.06805419921875, 174.59925842285156]","[108.17399597167969, 50.60153579711914, 352.7320861816406, 175.57838439941406]",0.683591382546795,0.8822390155703319,0.35451599955558777,-0.19864763302353694,True,False,300,300,55.93529999896418,55.77399999310728
attack_05,541123,person,D:\project CS\RT-DETRv2-COCO-Attack\source_data\attack_05\clean_images\000000541123.jpg,D:\project CS\RT-DETRv2-COCO-Attack\source_data\attack_05\patched_images\000000541123.jpg,False,False,,,,,,,,,False,False,300,300,54.58429999998771,55.301100001088344
attack_05,542625,car,D:\project CS\RT-DETRv2-COCO-Attack\source_data\attack_05\clean_images\000000542625.jpg,D:\project CS\RT-DETRv2-COCO-Attack\source_data\attack_05\patched_images\000000542625.jpg,True,True,0.9523985981941223,0.9553264379501343,"[283.8272705078125, 221.9315948486328, 639.4722900390625, 475.6513671875]","[281.25421142578125, 222.20108032226562, 639.3775024414062, 475.43414306640625]",0.9784169373483214,0.9693870502837837,-0.002927839756011963,0.009029887064537667,True,False,300,300,54.91189999884227,55.02339999657124
attack_05,549220,person,D:\project CS\RT-DETRv2-COCO-Attack\source_data\attack_05\clean_images\000000549220.jpg,D:\project CS\RT-DETRv2-COCO-Attack\source_data\attack_05\patched_images\000000549220.jpg,True,True,0.8241980075836182,0.7622082829475403,"[172.6698455810547, 0.9208011627197266, 372.0827331542969, 223.5509490966797]","[172.686279296875, 1.078500747680664, 375.324462890625, 225.44277954101562]",0.5628048661048833,0.5811117051298503,0.06198972463607788,-0.018306839024966992,True,False,300,300,55.716900002153125,55.53360000340035
attack_05,550691,car,D:\project CS\RT-DETRv2-COCO-Attack\source_data\attack_05\clean_images\000000550691.jpg,D:\project CS\RT-DETRv2-COCO-Attack\source_data\attack_05\patched_images\000000550691.jpg,True,True,0.9492477774620056,0.9482483863830566,"[115.93629455566406, 285.821533203125, 198.14511108398438, 353.9961853027344]","[115.8604736328125, 285.96783447265625, 198.16024780273438, 353.9965515136719]",0.9208461173555915,0.9190067114742178,0.0009993910789489746,0.001839405881373768,True,False,300,300,54.52520000108052,54.42120000225259
attack_05,551794,person,D:\project CS\RT-DETRv2-COCO-Attack\source_data\attack_05\clean_images\000000551794.jpg,D:\project CS\RT-DETRv2-COCO-Attack\source_data\attack_05\patched_images\000000551794.jpg,True,True,0.9186056852340698,0.9064399600028992,"[171.6652069091797, 207.396240234375, 313.4029541015625, 440.501220703125]","[171.63287353515625, 207.22865295410156, 315.3976135253906, 441.45458984375]",0.9600852366586393,0.9502072937401638,0.012165725231170654,0.009877942918475546,True,False,300,300,54.79850000119768,54.67289999796776
attack_05,553788,person,D:\project CS\RT-DETRv2-COCO-Attack\source_data\attack_05\clean_images\000000553788.jpg,D:\project CS\RT-DETRv2-COCO-Attack\source_data\attack_05\patched_images\000000553788.jpg,True,True,0.7311257123947144,0.7538221478462219,"[1.2079238891601562, 26.29269027709961, 374.48333740234375, 313.0145568847656]","[1.7524528503417969, 25.880027770996094, 373.5693359375, 312.13720703125]",0.988920083304663,0.9864332729555121,-0.02269643545150757,0.002486810349150881,True,False,300,300,55.750999999872874,55.84149999776855
attack_05,555597,car,D:\project CS\RT-DETRv2-COCO-Attack\source_data\attack_05\clean_images\000000555597.jpg,D:\project CS\RT-DETRv2-COCO-Attack\source_data\attack_05\patched_images\000000555597.jpg,True,True,0.938733696937561,0.9370764493942261,"[184.05563354492188, 424.08416748046875, 442.0025329589844, 508.4967346191406]","[184.13583374023438, 424.0881042480469, 442.02447509765625, 508.5428161621094]",0.9661145760593701,0.9668067117368262,0.001657247543334961,-0.0006921356774560739,True,False,300,300,54.7593000010238,53.83630000142148
attack_05,557916,person,D:\project CS\RT-DETRv2-COCO-Attack\source_data\attack_05\clean_images\000000557916.jpg,D:\project CS\RT-DETRv2-COCO-Attack\source_data\attack_05\patched_images\000000557916.jpg,True,True,0.9606495499610901,0.9615088701248169,"[151.01544189453125, 72.30316925048828, 524.0437622070312, 422.96539306640625]","[151.77340698242188, 72.39641571044922, 524.39990234375, 423.09124755859375]",0.939017968861675,0.9374447481997524,-0.0008593201637268066,0.0015732206619225586,True,False,300,300,55.57330000010552,55.819199995312374
attack_05,559348,person,D:\project CS\RT-DETRv2-COCO-Attack\source_data\attack_05\clean_images\000000559348.jpg,D:\project CS\RT-DETRv2-COCO-Attack\source_data\attack_05\patched_images\000000559348.jpg,False,False,,,,,,,,,False,False,300,300,54.7867999994196,54.892000000108965
attack_05,561679,car,D:\project CS\RT-DETRv2-COCO-Attack\source_data\attack_05\clean_images\000000561679.jpg,D:\project CS\RT-DETRv2-COCO-Attack\source_data\attack_05\patched_images\000000561679.jpg,True,True,0.6512424349784851,0.4390106201171875,"[245.759521484375, 322.7134094238281, 294.2679443359375, 350.65118408203125]","[245.738525390625, 323.00958251953125, 292.63128662109375, 351.21875]",0.9124274173127334,0.9347838827925925,0.2122318148612976,-0.022356465479859144,True,False,300,300,55.39169999974547,55.42879999848083
attack_05,561958,person,D:\project CS\RT-DETRv2-COCO-Attack\source_data\attack_05\clean_images\000000561958.jpg,D:\project CS\RT-DETRv2-COCO-Attack\source_data\attack_05\patched_images\000000561958.jpg,False,False,,,,,,,,,False,False,300,300,54.20410000078846,54.22760000510607
attack_05,562243,person,D:\project CS\RT-DETRv2-COCO-Attack\source_data\attack_05\clean_images\000000562243.jpg,D:\project CS\RT-DETRv2-COCO-Attack\source_data\attack_05\patched_images\000000562243.jpg,True,True,0.9723392724990845,0.9719266891479492,"[85.78353881835938, 62.53559112548828, 568.3045654296875, 634.0225830078125]","[85.790771484375, 62.624053955078125, 568.3233642578125, 634.0731201171875]",0.9793644171627365,0.9791034744206827,0.0004125833511352539,0.00026094274205379353,True,False,300,300,54.71189999661874,54.412899997259956
attack_05,565391,car,D:\project CS\RT-DETRv2-COCO-Attack\source_data\attack_05\clean_images\000000565391.jpg,D:\project CS\RT-DETRv2-COCO-Attack\source_data\attack_05\patched_images\000000565391.jpg,True,False,0.2993369698524475,,"[0.034732818603515625, 504.905029296875, 100.6976089477539, 636.8175048828125]",,0.8971980028854213,,,,True,True,300,300,55.12009999802103,54.88689999765484
attack_05,565563,car,D:\project CS\RT-DETRv2-COCO-Attack\source_data\attack_05\clean_images\000000565563.jpg,D:\project CS\RT-DETRv2-COCO-Attack\source_data\attack_05\patched_images\000000565563.jpg,True,True,0.8596838116645813,0.8375527858734131,"[80.85188293457031, 224.91195678710938, 220.73316955566406, 332.7590026855469]","[80.81861877441406, 224.92514038085938, 220.38455200195312, 332.5475158691406]",0.842540181457177,0.8462067711249341,0.022131025791168213,-0.0036665896677571252,True,False,300,300,54.21260000002803,54.22519999410724
attack_05,566758,car,D:\project CS\RT-DETRv2-COCO-Attack\source_data\attack_05\clean_images\000000566758.jpg,D:\project CS\RT-DETRv2-COCO-Attack\source_data\attack_05\patched_images\000000566758.jpg,True,True,0.6077867150306702,0.5248828530311584,"[536.0113525390625, 177.78282165527344, 638.0101318359375, 228.66357421875]","[537.5491943359375, 177.83969116210938, 637.7733764648438, 228.67076110839844]",0.8907268655579705,0.9052531753930698,0.08290386199951172,-0.014526309835099283,True,False,300,300,54.96300000231713,55.068300003767945
attack_05,566923,person,D:\project CS\RT-DETRv2-COCO-Attack\source_data\attack_05\clean_images\000000566923.jpg,D:\project CS\RT-DETRv2-COCO-Attack\source_data\attack_05\patched_images\000000566923.jpg,True,True,0.968970000743866,0.9624699354171753,"[139.19033813476562, 17.83625030517578, 572.2847290039062, 422.87603759765625]","[138.7501220703125, 18.005142211914062, 573.0198974609375, 422.22186279296875]",0.9763345906316806,0.9768415800341814,0.006500065326690674,-0.0005069894025008237,True,False,300,300,55.98389999795472,55.85140000039246
attack_05,567197,car,D:\project CS\RT-DETRv2-COCO-Attack\source_data\attack_05\clean_images\000000567197.jpg,D:\project CS\RT-DETRv2-COCO-Attack\source_data\attack_05\patched_images\000000567197.jpg,True,True,0.5297049880027771,0.5111079812049866,"[70.82331848144531, 297.6870422363281, 117.80481719970703, 333.78326416015625]","[70.74665832519531, 297.65216064453125, 117.81798553466797, 333.78863525390625]",0.920929775625628,0.9181484479502525,0.018597006797790527,0.0027813276753755334,True,False,300,300,54.388200005632825,54.42179999954533
attack_05,567640,car,D:\project CS\RT-DETRv2-COCO-Attack\source_data\attack_05\clean_images\000000567640.jpg,D:\project CS\RT-DETRv2-COCO-Attack\source_data\attack_05\patched_images\000000567640.jpg,True,True,0.365246057510376,0.6722283363342285,"[304.7584228515625, 57.93858337402344, 408.8296203613281, 130.84896850585938]","[305.645263671875, 57.7629280090332, 408.83551025390625, 130.7199249267578]",0.8836774735628733,0.8724199818855668,-0.30698227882385254,0.011257491677306497,True,False,300,300,54.92380000214325,55.29309999838006
attack_05,567886,person,D:\project CS\RT-DETRv2-COCO-Attack\source_data\attack_05\clean_images\000000567886.jpg,D:\project CS\RT-DETRv2-COCO-Attack\source_data\attack_05\patched_images\000000567886.jpg,True,True,0.9219042062759399,0.9028695821762085,"[-0.09773671627044678, 102.21489715576172, 207.11233520507812, 372.1820068359375]","[-0.1478046178817749, 103.28068542480469, 207.14390563964844, 372.09735107421875]",0.926976610798173,0.9233390165137539,0.019034624099731445,0.00363759428441901,True,False,300,300,55.48109999654116,55.164900004456285
attack_05,568290,car,D:\project CS\RT-DETRv2-COCO-Attack\source_data\attack_05\clean_images\000000568290.jpg,D:\project CS\RT-DETRv2-COCO-Attack\source_data\attack_05\patched_images\000000568290.jpg,True,True,0.37187403440475464,0.33126625418663025,"[539.4482421875, 202.4728240966797, 563.051513671875, 225.7834014892578]","[539.1113891601562, 202.32054138183594, 563.47314453125, 225.63926696777344]",0.5863157699787377,0.5990274687549765,0.04060778021812439,-0.012711698776238789,True,False,300,300,54.19339999934891,54.66580000211252
attack_05,568981,person,D:\project CS\RT-DETRv2-COCO-Attack\source_data\attack_05\clean_images\000000568981.jpg,D:\project CS\RT-DETRv2-COCO-Attack\source_data\attack_05\patched_images\000000568981.jpg,True,True,0.9189624190330505,0.3312046229839325,"[16.805009841918945, 154.59921264648438, 267.51611328125, 374.87384033203125]","[16.753740310668945, 154.90478515625, 270.43182373046875, 374.0066833496094]",0.9131354921981951,0.9005253076299923,0.587757796049118,0.012610184568202842,True,False,300,300,55.07710000529187,54.8038999986602
attack_05,575081,person,D:\project CS\RT-DETRv2-COCO-Attack\source_data\attack_05\clean_images\000000575081.jpg,D:\project CS\RT-DETRv2-COCO-Attack\source_data\attack_05\patched_images\000000575081.jpg,True,True,0.9114612340927124,0.9181656241416931,"[214.5360107421875, 1.6410541534423828, 330.44207763671875, 407.3272399902344]","[214.7895050048828, 1.7630162239074707, 330.2978820800781, 407.29559326171875]",0.8480112228614387,0.8512532030092875,-0.006704390048980713,-0.003241980147848822,True,False,300,300,54.74259999755304,54.72410000220407
attack_05,575243,car,D:\project CS\RT-DETRv2-COCO-Attack\source_data\attack_05\clean_images\000000575243.jpg,D:\project CS\RT-DETRv2-COCO-Attack\source_data\attack_05\patched_images\000000575243.jpg,True,True,0.9309507012367249,0.9364883303642273,"[523.91796875, 128.60641479492188, 640.1134643554688, 355.32000732421875]","[523.9223022460938, 127.99945831298828, 640.0900268554688, 352.6459045410156]",0.9661759591116609,0.9571815116746661,-0.005537629127502441,0.008994447436994735,True,False,300,300,54.89169999782462,54.833900001540314
attack_05,577932,car,D:\project CS\RT-DETRv2-COCO-Attack\source_data\attack_05\clean_images\000000577932.jpg,D:\project CS\RT-DETRv2-COCO-Attack\source_data\attack_05\patched_images\000000577932.jpg,True,True,0.9426806569099426,0.943787693977356,"[500.32135009765625, 255.8054656982422, 639.8167724609375, 538.6180419921875]","[500.24505615234375, 255.7425537109375, 639.7000122070312, 538.626708984375]",0.9207866020790506,0.9207021496448682,-0.00110703706741333,8.445243418242487e-05,True,False,300,300,55.21980000048643,54.248599997663405
attack_05,579902,car,D:\project CS\RT-DETRv2-COCO-Attack\source_data\attack_05\clean_images\000000579902.jpg,D:\project CS\RT-DETRv2-COCO-Attack\source_data\attack_05\patched_images\000000579902.jpg,True,True,0.9310889840126038,0.9301373958587646,"[389.2732238769531, 195.109130859375, 555.9757690429688, 632.9529418945312]","[389.3330078125, 194.9656524658203, 555.9893798828125, 633.0908813476562]",0.9601010453118702,0.960509835025863,0.0009515881538391113,-0.0004087897139927188,True,False,300,300,55.28150000463938,55.4788000008557
attack_05,581206,person,D:\project CS\RT-DETRv2-COCO-Attack\source_data\attack_05\clean_images\000000581206.jpg,D:\project CS\RT-DETRv2-COCO-Attack\source_data\attack_05\patched_images\000000581206.jpg,True,True,0.6121693849563599,0.721448540687561,"[-0.6736519932746887, 0.304718017578125, 475.28863525390625, 215.66366577148438]","[0.4753108024597168, 0.5063056945800781, 470.142822265625, 216.3606414794922]",0.966875091435895,0.9818480624980259,-0.10927915573120117,-0.014972971062130913,True,False,300,300,55.988000000070315,56.7146999965189
