attack_id,image_id,target_class,clean_image,patched_image,clean_detected,patched_detected,clean_confidence,patched_confidence,clean_bbox_x1,clean_bbox_y1,clean_bbox_x2,clean_bbox_y2,patched_bbox_x1,patched_bbox_y1,patched_bbox_x2,patched_bbox_y2,clean_iou,patched_iou,confidence_drop,iou_drop,eligible,attack_success
attack_05,2153,person,D:\project CS\Faster-RCNN-COCO-Attack\source_data\attack_05\clean_images\000000002153.jpg,D:\project CS\Faster-RCNN-COCO-Attack\source_data\attack_05\patched_images\000000002153.jpg,True,True,0.9995728135108948,0.9992315769195557,284.18157958984375,277.35040283203125,465.2252197265625,446.1811218261719,295.7981872558594,275.123779296875,466.63958740234375,446.6153869628906,0.9683725038568808,0.9206683318191172,0.00034123659133911133,0.04770417203776356,True,False
attack_05,2299,person,D:\project CS\Faster-RCNN-COCO-Attack\source_data\attack_05\clean_images\000000002299.jpg,D:\project CS\Faster-RCNN-COCO-Attack\source_data\attack_05\patched_images\000000002299.jpg,False,False,,,,,,,,,,,,,,,False,False
attack_05,2532,person,D:\project CS\Faster-RCNN-COCO-Attack\source_data\attack_05\clean_images\000000002532.jpg,D:\project CS\Faster-RCNN-COCO-Attack\source_data\attack_05\patched_images\000000002532.jpg,True,True,0.999377429485321,0.9997206330299377,181.2044219970703,302.6478271484375,284.4164733886719,477.1088562011719,183.06588745117188,302.2307434082031,284.71197509765625,478.39556884765625,0.9487030392878381,0.9530377118253666,-0.0003432035446166992,-0.0043346725375285056,True,False
attack_05,4395,person,D:\project CS\Faster-RCNN-COCO-Attack\source_data\attack_05\clean_images\000000004395.jpg,D:\project CS\Faster-RCNN-COCO-Attack\source_data\attack_05\patched_images\000000004395.jpg,True,True,0.9992581009864807,0.9992122650146484,1.9420747756958008,3.813784599304199,417.2713317871094,632.1940307617188,0.0,0.0,421.29046630859375,636.2464599609375,0.967116674521565,0.9821079276699376,4.583597183227539e-05,-0.014991253148372574,True,False
attack_05,5060,person,D:\project CS\Faster-RCNN-COCO-Attack\source_data\attack_05\clean_images\000000005060.jpg,D:\project CS\Faster-RCNN-COCO-Attack\source_data\attack_05\patched_images\000000005060.jpg,True,True,0.9995933175086975,0.9993425011634827,160.3132781982422,306.3276062011719,327.3658447265625,498.74676513671875,161.59547424316406,307.2763671875,327.1441650390625,497.7902526855469,0.9576662107558284,0.9548852186715145,0.00025081634521484375,0.002780992084313816,True,False
attack_05,6471,person,D:\project CS\Faster-RCNN-COCO-Attack\source_data\attack_05\clean_images\000000006471.jpg,D:\project CS\Faster-RCNN-COCO-Attack\source_data\attack_05\patched_images\000000006471.jpg,True,True,0.9995827078819275,0.9995786547660828,257.03656005859375,71.0361557006836,354.10723876953125,297.5664978027344,262.13409423828125,69.94853210449219,352.7438659667969,298.41131591796875,0.9685589766555527,0.9082681310603662,4.0531158447265625e-06,0.06029084559518649,True,False
attack_05,9891,car,D:\project CS\Faster-RCNN-COCO-Attack\source_data\attack_05\clean_images\000000009891.jpg,D:\project CS\Faster-RCNN-COCO-Attack\source_data\attack_05\patched_images\000000009891.jpg,True,True,0.994659960269928,0.9950167536735535,330.033203125,90.61058807373047,634.2056274414062,310.3636474609375,323.3323974609375,87.67930603027344,633.9865112304688,310.468505859375,0.7827801325554168,0.8096588510517172,-0.0003567934036254883,-0.026878718496300413,True,False
attack_05,15335,person,D:\project CS\Faster-RCNN-COCO-Attack\source_data\attack_05\clean_images\000000015335.jpg,D:\project CS\Faster-RCNN-COCO-Attack\source_data\attack_05\patched_images\000000015335.jpg,True,True,0.9966285824775696,0.9916170239448547,363.6970520019531,16.142433166503906,638.6637573242188,478.5528869628906,373.80584716796875,15.07547664642334,639.970703125,476.0403747558594,0.9742271964494883,0.9659933131371697,0.005011558532714844,0.008233883312318557,True,False
attack_05,15338,car,D:\project CS\Faster-RCNN-COCO-Attack\source_data\attack_05\clean_images\000000015338.jpg,D:\project CS\Faster-RCNN-COCO-Attack\source_data\attack_05\patched_images\000000015338.jpg,True,True,0.6818952560424805,0.5745980143547058,0.16037732362747192,188.1228485107422,32.72197341918945,217.03550720214844,0.12371779978275299,187.94723510742188,32.66138458251953,216.6060791015625,0.88055431841486,0.9018486027626849,0.10729724168777466,-0.021294284347824877,True,False
attack_05,15956,person,D:\project CS\Faster-RCNN-COCO-Attack\source_data\attack_05\clean_images\000000015956.jpg,D:\project CS\Faster-RCNN-COCO-Attack\source_data\attack_05\patched_images\000000015956.jpg,True,True,0.9994226694107056,0.9990091323852539,370.6121520996094,137.78369140625,447.58966064453125,338.2918701171875,370.23895263671875,136.25572204589844,447.3200378417969,339.4322204589844,0.9181296512661693,0.9141566477743318,0.00041353702545166016,0.00397300349183749,True,False
attack_05,17029,car,D:\project CS\Faster-RCNN-COCO-Attack\source_data\attack_05\clean_images\000000017029.jpg,D:\project CS\Faster-RCNN-COCO-Attack\source_data\attack_05\patched_images\000000017029.jpg,True,True,0.98867267370224,0.9941422343254089,47.78559494018555,28.6505069732666,558.8584594726562,176.21621704101562,51.20380783081055,28.164697647094727,560.3621215820312,177.36021423339844,0.9332323202231446,0.9523082691013574,-0.005469560623168945,-0.019075948878212734,True,False
attack_05,17178,car,D:\project CS\Faster-RCNN-COCO-Attack\source_data\attack_05\clean_images\000000017178.jpg,D:\project CS\Faster-RCNN-COCO-Attack\source_data\attack_05\patched_images\000000017178.jpg,True,True,0.9914229512214661,0.9874929189682007,432.52337646484375,105.49948120117188,640.0,423.0832214355469,433.8106384277344,114.71173095703125,640.0,427.0,0.9738213735585163,0.9791605791125614,0.003930032253265381,-0.005339205554045101,True,False
attack_05,17379,person,D:\project CS\Faster-RCNN-COCO-Attack\source_data\attack_05\clean_images\000000017379.jpg,D:\project CS\Faster-RCNN-COCO-Attack\source_data\attack_05\patched_images\000000017379.jpg,True,True,0.7473950982093811,0.6036133766174316,215.67440795898438,232.79200744628906,264.48760986328125,316.6628112792969,214.29087829589844,230.2341766357422,263.5965270996094,317.2214660644531,0.9201753094037151,0.8783471596927064,0.14378172159194946,0.04182814971100868,True,False
attack_05,18837,car,D:\project CS\Faster-RCNN-COCO-Attack\source_data\attack_05\clean_images\000000018837.jpg,D:\project CS\Faster-RCNN-COCO-Attack\source_data\attack_05\patched_images\000000018837.jpg,True,True,0.976914644241333,0.9198909401893616,588.4569091796875,257.5858154296875,624.6384887695312,300.9652099609375,590.188232421875,257.1580505371094,624.5015869140625,299.16510009765625,0.8565779209706023,0.8719004466559512,0.057023704051971436,-0.015322525685348976,True,False
attack_05,19432,person,D:\project CS\Faster-RCNN-COCO-Attack\source_data\attack_05\clean_images\000000019432.jpg,D:\project CS\Faster-RCNN-COCO-Attack\source_data\attack_05\patched_images\000000019432.jpg,True,True,0.999454915523529,0.9992019534111023,58.194942474365234,17.036426544189453,208.28927612304688,433.5386047363281,57.952388763427734,23.869958877563477,207.9827117919922,436.5657653808594,0.9472818559224141,0.9554099156316194,0.0002529621124267578,-0.008128059709205271,True,False
attack_05,19924,person,D:\project CS\Faster-RCNN-COCO-Attack\source_data\attack_05\clean_images\000000019924.jpg,D:\project CS\Faster-RCNN-COCO-Attack\source_data\attack_05\patched_images\000000019924.jpg,True,True,0.9995985627174377,0.999527096748352,12.265735626220703,28.8210391998291,440.3426513671875,495.15789794921875,10.068909645080566,31.31276512145996,442.14630126953125,497.2521667480469,0.9714421442351344,0.9628641148539643,7.146596908569336e-05,0.008578029381170138,True,False
attack_05,20992,person,D:\project CS\Faster-RCNN-COCO-Attack\source_data\attack_05\clean_images\000000020992.jpg,D:\project CS\Faster-RCNN-COCO-Attack\source_data\attack_05\patched_images\000000020992.jpg,True,True,0.9984410405158997,0.9980290532112122,45.48892593383789,0.0,499.57916259765625,333.0,12.172981262207031,0.18637755513191223,500.0,333.0,0.9070657515366087,0.9749000200951156,0.0004119873046875,-0.06783426855850683,True,False
attack_05,21839,car,D:\project CS\Faster-RCNN-COCO-Attack\source_data\attack_05\clean_images\000000021839.jpg,D:\project CS\Faster-RCNN-COCO-Attack\source_data\attack_05\patched_images\000000021839.jpg,True,True,0.9332336783409119,0.6722962856292725,0.29685747623443604,460.8902587890625,27.497516632080078,520.7026977539062,0.17852897942066193,468.2646789550781,25.25790786743164,521.1165161132812,0.7571144581548239,0.6071247686508916,0.2609373927116394,0.14998968950393232,True,False
attack_05,21879,person,D:\project CS\Faster-RCNN-COCO-Attack\source_data\attack_05\clean_images\000000021879.jpg,D:\project CS\Faster-RCNN-COCO-Attack\source_data\attack_05\patched_images\000000021879.jpg,True,True,0.9995855689048767,0.9996984004974365,276.12078857421875,78.40971374511719,403.5068054199219,304.36688232421875,276.6812438964844,79.11538696289062,403.51641845703125,304.2049255371094,0.9559475218016144,0.9509602021024234,-0.00011283159255981445,0.004987319699190973,True,False
attack_05,21903,person,D:\project CS\Faster-RCNN-COCO-Attack\source_data\attack_05\clean_images\000000021903.jpg,D:\project CS\Faster-RCNN-COCO-Attack\source_data\attack_05\patched_images\000000021903.jpg,True,True,0.999566376209259,0.9995602965354919,325.4991760253906,227.23806762695312,557.3795776367188,480.0000305175781,325.7624206542969,226.10401916503906,557.2650146484375,478.885009765625,0.9054296578168654,0.9147843683560548,6.079673767089844e-06,-0.00935471053918946,True,False
attack_05,22755,car,D:\project CS\Faster-RCNN-COCO-Attack\source_data\attack_05\clean_images\000000022755.jpg,D:\project CS\Faster-RCNN-COCO-Attack\source_data\attack_05\patched_images\000000022755.jpg,True,True,0.9930303692817688,0.9859904050827026,364.3767395019531,226.0322723388672,423.21063232421875,253.27774047851562,364.8869934082031,226.19503784179688,422.1375427246094,253.37509155273438,0.8424764890090733,0.8582567688113396,0.007039964199066162,-0.01578027980226626,True,False
attack_05,23272,car,D:\project CS\Faster-RCNN-COCO-Attack\source_data\attack_05\clean_images\000000023272.jpg,D:\project CS\Faster-RCNN-COCO-Attack\source_data\attack_05\patched_images\000000023272.jpg,True,True,0.9594380855560303,0.9796983003616333,0.9231281280517578,0.0,476.7733459472656,372.0207824707031,3.4187705516815186,1.169729232788086,499.1704406738281,372.82928466796875,0.9501896429917885,0.9849969103789554,-0.020260214805603027,-0.034807267387166885,True,False
attack_05,25393,car,D:\project CS\Faster-RCNN-COCO-Attack\source_data\attack_05\clean_images\000000025393.jpg,D:\project CS\Faster-RCNN-COCO-Attack\source_data\attack_05\patched_images\000000025393.jpg,True,True,0.9733790755271912,0.9521296620368958,0.8378123044967651,196.75526428222656,68.70540618896484,238.42434692382812,0.8100338578224182,195.343017578125,68.98249816894531,240.9102783203125,0.6677167577208664,0.6618815683060316,0.02124941349029541,0.0058351894148347405,True,False
attack_05,26204,car,D:\project CS\Faster-RCNN-COCO-Attack\source_data\attack_05\clean_images\000000026204.jpg,D:\project CS\Faster-RCNN-COCO-Attack\source_data\attack_05\patched_images\000000026204.jpg,True,True,0.9914860129356384,0.9854603409767151,163.21861267089844,245.93167114257812,289.6747741699219,332.6058349609375,163.10003662109375,246.16510009765625,290.586669921875,331.1369934082031,0.9349126394474229,0.9348818496247432,0.00602567195892334,3.078982267967767e-05,True,False
attack_05,26465,person,D:\project CS\Faster-RCNN-COCO-Attack\source_data\attack_05\clean_images\000000026465.jpg,D:\project CS\Faster-RCNN-COCO-Attack\source_data\attack_05\patched_images\000000026465.jpg,True,True,0.9900622367858887,0.9851855635643005,1.0986113548278809,2.736539840698242,131.8011932373047,329.1405029296875,0.0,0.0,131.39999389648438,348.4548034667969,0.883648076960675,0.8461241720778363,0.004876673221588135,0.03752390488283874,True,False
attack_05,26926,car,D:\project CS\Faster-RCNN-COCO-Attack\source_data\attack_05\clean_images\000000026926.jpg,D:\project CS\Faster-RCNN-COCO-Attack\source_data\attack_05\patched_images\000000026926.jpg,True,True,0.9223635792732239,0.9789809584617615,133.18377685546875,163.56349182128906,209.78262329101562,255.7722930908203,133.37167358398438,159.07650756835938,207.83412170410156,254.6021270751953,0.8276755835981008,0.8757170025971225,-0.0566173791885376,-0.0480414189990217,True,False
attack_05,27768,car,D:\project CS\Faster-RCNN-COCO-Attack\source_data\attack_05\clean_images\000000027768.jpg,D:\project CS\Faster-RCNN-COCO-Attack\source_data\attack_05\patched_images\000000027768.jpg,True,True,0.9794641733169556,0.9813267588615417,576.7576293945312,373.2696228027344,611.604248046875,456.6076354980469,576.934814453125,373.142578125,611.7171630859375,455.3492126464844,0.8921224873700502,0.9016832154640754,-0.0018625855445861816,-0.009560728094025195,True,False
attack_05,31093,person,D:\project CS\Faster-RCNN-COCO-Attack\source_data\attack_05\clean_images\000000031093.jpg,D:\project CS\Faster-RCNN-COCO-Attack\source_data\attack_05\patched_images\000000031093.jpg,True,True,0.9996247291564941,0.9996709823608398,218.4800262451172,79.02685546875,446.5308837890625,329.4378967285156,217.51866149902344,78.75556945800781,447.9630126953125,330.8937072753906,0.9718115623699017,0.9774622467132785,-4.6253204345703125e-05,-0.005650684343376788,True,False
attack_05,32334,car,D:\project CS\Faster-RCNN-COCO-Attack\source_data\attack_05\clean_images\000000032334.jpg,D:\project CS\Faster-RCNN-COCO-Attack\source_data\attack_05\patched_images\000000032334.jpg,True,False,0.6393190026283264,,583.8709716796875,130.22412109375,638.7440185546875,166.52731323242188,,,,,0.8725412909152254,,,,True,True
attack_05,34452,person,D:\project CS\Faster-RCNN-COCO-Attack\source_data\attack_05\clean_images\000000034452.jpg,D:\project CS\Faster-RCNN-COCO-Attack\source_data\attack_05\patched_images\000000034452.jpg,True,True,0.9998334646224976,0.999692440032959,323.1302490234375,180.82803344726562,409.19915771484375,312.920166015625,322.7640686035156,179.58139038085938,408.1258850097656,313.3955383300781,0.8814783596784603,0.9070218242813168,0.00014102458953857422,-0.025543464602856503,True,False
attack_05,36539,person,D:\project CS\Faster-RCNN-COCO-Attack\source_data\attack_05\clean_images\000000036539.jpg,D:\project CS\Faster-RCNN-COCO-Attack\source_data\attack_05\patched_images\000000036539.jpg,True,True,0.9995026588439941,0.9994879961013794,175.1533660888672,292.3168029785156,259.37213134765625,534.8590087890625,174.62672424316406,292.37176513671875,259.8822326660156,535.4330444335938,0.8667161764567863,0.875608353141916,1.4662742614746094e-05,-0.008892176685129649,True,False
attack_05,37670,person,D:\project CS\Faster-RCNN-COCO-Attack\source_data\attack_05\clean_images\000000037670.jpg,D:\project CS\Faster-RCNN-COCO-Attack\source_data\attack_05\patched_images\000000037670.jpg,True,True,0.9629930257797241,0.9723328351974487,442.81475830078125,15.05248737335205,640.0,181.84925842285156,440.37451171875,13.346768379211426,638.9853515625,178.91067504882812,0.9016226227429952,0.8823044537054604,-0.00933980941772461,0.019318169037534805,True,False
attack_05,37988,person,D:\project CS\Faster-RCNN-COCO-Attack\source_data\attack_05\clean_images\000000037988.jpg,D:\project CS\Faster-RCNN-COCO-Attack\source_data\attack_05\patched_images\000000037988.jpg,True,True,0.9987280964851379,0.9992793202400208,307.1620178222656,147.50697326660156,407.825439453125,453.7701721191406,308.1073303222656,147.7936553955078,407.61895751953125,453.3584899902344,0.9542966492784095,0.947503571385622,-0.0005512237548828125,0.006793077892787491,True,False
attack_05,39484,car,D:\project CS\Faster-RCNN-COCO-Attack\source_data\attack_05\clean_images\000000039484.jpg,D:\project CS\Faster-RCNN-COCO-Attack\source_data\attack_05\patched_images\000000039484.jpg,True,True,0.9948529601097107,0.9953070282936096,26.33557891845703,364.8745422363281,278.730712890625,435.5611267089844,25.472375869750977,365.0980529785156,276.9950256347656,435.4952392578125,0.8839057097467761,0.8889132262823786,-0.0004540681838989258,-0.005007516535602496,True,False
attack_05,41633,car,D:\project CS\Faster-RCNN-COCO-Attack\source_data\attack_05\clean_images\000000041633.jpg,D:\project CS\Faster-RCNN-COCO-Attack\source_data\attack_05\patched_images\000000041633.jpg,True,True,0.7813463807106018,0.7682282328605652,558.6903686523438,326.3670654296875,615.2726440429688,372.3603820800781,559.995849609375,328.0191345214844,610.0986328125,371.6646423339844,0.7563530604136384,0.6952942414156771,0.013118147850036621,0.061058818997961284,True,False
attack_05,42102,person,D:\project CS\Faster-RCNN-COCO-Attack\source_data\attack_05\clean_images\000000042102.jpg,D:\project CS\Faster-RCNN-COCO-Attack\source_data\attack_05\patched_images\000000042102.jpg,True,True,0.9991002082824707,0.9990783929824829,17.691471099853516,8.330392837524414,245.8643341064453,624.6856079101562,15.005725860595703,66.94368743896484,244.37673950195312,625.296875,0.9567262405133323,0.8654439976819723,2.181529998779297e-05,0.09128224283136,True,False
attack_05,43435,person,D:\project CS\Faster-RCNN-COCO-Attack\source_data\attack_05\clean_images\000000043435.jpg,D:\project CS\Faster-RCNN-COCO-Attack\source_data\attack_05\patched_images\000000043435.jpg,True,True,0.9854975938796997,0.9933613538742065,183.35227966308594,428.2586975097656,215.42892456054688,475.5009460449219,183.0469207763672,427.71539306640625,214.86920166015625,476.8338928222656,0.8457078335942307,0.8044827570372599,-0.007863759994506836,0.04122507655697083,True,False
attack_05,43737,car,D:\project CS\Faster-RCNN-COCO-Attack\source_data\attack_05\clean_images\000000043737.jpg,D:\project CS\Faster-RCNN-COCO-Attack\source_data\attack_05\patched_images\000000043737.jpg,True,True,0.9090190529823303,0.8165537714958191,110.0784683227539,416.3416748046875,185.2711181640625,450.4971008300781,110.81726837158203,417.4324645996094,183.68478393554688,452.2760009765625,0.8100557930184407,0.8151853314891843,0.09246528148651123,-0.0051295384707436,True,False
attack_05,44590,car,D:\project CS\Faster-RCNN-COCO-Attack\source_data\attack_05\clean_images\000000044590.jpg,D:\project CS\Faster-RCNN-COCO-Attack\source_data\attack_05\patched_images\000000044590.jpg,True,True,0.7362544536590576,0.5710031986236572,574.506103515625,91.06253051757812,640.0,136.2974395751953,574.8837280273438,80.81782531738281,640.0,133.17861938476562,0.7273491747925627,0.9065689674901811,0.1652512550354004,-0.17921979269761845,True,False
attack_05,45070,person,D:\project CS\Faster-RCNN-COCO-Attack\source_data\attack_05\clean_images\000000045070.jpg,D:\project CS\Faster-RCNN-COCO-Attack\source_data\attack_05\patched_images\000000045070.jpg,True,True,0.9983273148536682,0.9985982775688171,101.70217895507812,42.41325378417969,435.29913330078125,504.71826171875,102.45954895019531,39.66663360595703,432.2397155761719,505.3939208984375,0.9319615630308629,0.9284836653027375,-0.0002709627151489258,0.0034778977281253454,True,False
attack_05,45596,person,D:\project CS\Faster-RCNN-COCO-Attack\source_data\attack_05\clean_images\000000045596.jpg,D:\project CS\Faster-RCNN-COCO-Attack\source_data\attack_05\patched_images\000000045596.jpg,True,True,0.9946685433387756,0.9955809712409973,59.39549255371094,397.9368896484375,82.46697235107422,437.01690673828125,60.84055709838867,397.2705383300781,82.50508117675781,437.0251770019531,0.9473930730747377,0.8805638671956596,-0.0009124279022216797,0.06682920587907815,True,False
attack_05,46497,person,D:\project CS\Faster-RCNN-COCO-Attack\source_data\attack_05\clean_images\000000046497.jpg,D:\project CS\Faster-RCNN-COCO-Attack\source_data\attack_05\patched_images\000000046497.jpg,True,True,0.9985552430152893,0.9987886548042297,129.7816925048828,49.01421356201172,327.5956726074219,332.0,130.6104278564453,51.529579162597656,329.08514404296875,329.3215637207031,0.9283180541536081,0.9563394743825842,-0.0002334117889404297,-0.028021420228976024,True,False
attack_05,48564,person,D:\project CS\Faster-RCNN-COCO-Attack\source_data\attack_05\clean_images\000000048564.jpg,D:\project CS\Faster-RCNN-COCO-Attack\source_data\attack_05\patched_images\000000048564.jpg,True,True,0.9976772665977478,0.995841920375824,3.8868396282196045,5.900946140289307,426.44512939453125,625.5962524414062,3.4205574989318848,0.0,427.0,629.0232543945312,0.9778012898050559,0.9869128752702557,0.0018353462219238281,-0.009111585465199856,True,False
attack_05,51314,person,D:\project CS\Faster-RCNN-COCO-Attack\source_data\attack_05\clean_images\000000051314.jpg,D:\project CS\Faster-RCNN-COCO-Attack\source_data\attack_05\patched_images\000000051314.jpg,True,True,0.9998923540115356,0.9997901320457458,224.5046844482422,38.30937194824219,452.4152526855469,340.10516357421875,225.37835693359375,43.09415817260742,452.2032165527344,342.53729248046875,0.9456123735594197,0.942969510289935,0.00010222196578979492,0.0026428632694847076,True,False
attack_05,52412,car,D:\project CS\Faster-RCNN-COCO-Attack\source_data\attack_05\clean_images\000000052412.jpg,D:\project CS\Faster-RCNN-COCO-Attack\source_data\attack_05\patched_images\000000052412.jpg,False,False,,,,,,,,,,,,,,,False,False
attack_05,54593,car,D:\project CS\Faster-RCNN-COCO-Attack\source_data\attack_05\clean_images\000000054593.jpg,D:\project CS\Faster-RCNN-COCO-Attack\source_data\attack_05\patched_images\000000054593.jpg,True,True,0.9962430000305176,0.9956367611885071,109.38626861572266,73.28854370117188,309.1517639160156,180.43276977539062,108.43365478515625,74.1113510131836,308.9996643066406,180.7866973876953,0.9489712219459893,0.9541291800280085,0.000606238842010498,-0.005157958082019243,True,False
attack_05,54967,car,D:\project CS\Faster-RCNN-COCO-Attack\source_data\attack_05\clean_images\000000054967.jpg,D:\project CS\Faster-RCNN-COCO-Attack\source_data\attack_05\patched_images\000000054967.jpg,False,False,,,,,,,,,,,,,,,False,False
attack_05,55150,car,D:\project CS\Faster-RCNN-COCO-Attack\source_data\attack_05\clean_images\000000055150.jpg,D:\project CS\Faster-RCNN-COCO-Attack\source_data\attack_05\patched_images\000000055150.jpg,True,True,0.9477046728134155,0.7450764775276184,425.05621337890625,34.771629333496094,638.8448486328125,422.99658203125,433.47210693359375,63.31962966918945,639.7069702148438,418.4033203125,0.8065532326708827,0.7822616148889833,0.20262819528579712,0.024291617781899477,True,False
attack_05,66038,person,D:\project CS\Faster-RCNN-COCO-Attack\source_data\attack_05\clean_images\000000066038.jpg,D:\project CS\Faster-RCNN-COCO-Attack\source_data\attack_05\patched_images\000000066038.jpg,True,True,0.9946504235267639,0.9921911358833313,268.91259765625,242.26869201660156,330.3987121582031,349.8126220703125,269.25372314453125,242.39527893066406,330.82220458984375,349.3651428222656,0.9311630758296697,0.9341932497791279,0.002459287643432617,-0.003030173949458148,True,False
attack_05,66231,person,D:\project CS\Faster-RCNN-COCO-Attack\source_data\attack_05\clean_images\000000066231.jpg,D:\project CS\Faster-RCNN-COCO-Attack\source_data\attack_05\patched_images\000000066231.jpg,True,True,0.998666524887085,0.9986949563026428,330.64935302734375,136.3488311767578,447.6549377441406,422.885009765625,331.2508239746094,136.2483367919922,446.3913879394531,423.3139953613281,0.939696410135483,0.955816286858794,-2.8431415557861328e-05,-0.016119876723311055,True,False
attack_05,66771,person,D:\project CS\Faster-RCNN-COCO-Attack\source_data\attack_05\clean_images\000000066771.jpg,D:\project CS\Faster-RCNN-COCO-Attack\source_data\attack_05\patched_images\000000066771.jpg,True,True,0.9995883107185364,0.9994564652442932,1.393937587738037,0.014154053293168545,338.0970458984375,393.8994445800781,1.4764049053192139,1.2988770008087158,343.20635986328125,402.5761413574219,0.9039926362262267,0.9351404183153651,0.00013184547424316406,-0.031147782089138376,True,False
attack_05,67213,car,D:\project CS\Faster-RCNN-COCO-Attack\source_data\attack_05\clean_images\000000067213.jpg,D:\project CS\Faster-RCNN-COCO-Attack\source_data\attack_05\patched_images\000000067213.jpg,True,True,0.8677249550819397,0.8538671135902405,0.0,305.9005126953125,194.92147827148438,409.67010498046875,0.0,304.9928283691406,195.98460388183594,409.7341003417969,0.9503323262871994,0.9612493024264755,0.013857841491699219,-0.010916976139276113,True,False
attack_05,67616,car,D:\project CS\Faster-RCNN-COCO-Attack\source_data\attack_05\clean_images\000000067616.jpg,D:\project CS\Faster-RCNN-COCO-Attack\source_data\attack_05\patched_images\000000067616.jpg,True,True,0.9645891189575195,0.9701123237609863,391.1781005859375,340.4507141113281,538.0093383789062,444.3345947265625,391.3414611816406,341.6830139160156,538.8726806640625,443.7899475097656,0.9872729386155463,0.9655829219699235,-0.005523204803466797,0.021690016645622867,True,False
attack_05,73153,person,D:\project CS\Faster-RCNN-COCO-Attack\source_data\attack_05\clean_images\000000073153.jpg,D:\project CS\Faster-RCNN-COCO-Attack\source_data\attack_05\patched_images\000000073153.jpg,True,True,0.9990869760513306,0.999387264251709,203.30079650878906,17.731508255004883,396.55828857421875,640.0,200.60037231445312,42.20877456665039,399.2774658203125,636.4960327148438,0.9619086254187902,0.9120350893524882,-0.00030028820037841797,0.04987353606630196,True,False
attack_05,73946,person,D:\project CS\Faster-RCNN-COCO-Attack\source_data\attack_05\clean_images\000000073946.jpg,D:\project CS\Faster-RCNN-COCO-Attack\source_data\attack_05\patched_images\000000073946.jpg,True,True,0.9975091218948364,0.9952398538589478,347.76153564453125,66.76065063476562,638.4498291015625,426.8571472167969,348.0011901855469,62.88668441772461,630.7527465820312,428.0000305175781,0.9347963964300915,0.8979731589041131,0.002269268035888672,0.03682323752597838,True,False
attack_05,74058,car,D:\project CS\Faster-RCNN-COCO-Attack\source_data\attack_05\clean_images\000000074058.jpg,D:\project CS\Faster-RCNN-COCO-Attack\source_data\attack_05\patched_images\000000074058.jpg,True,True,0.9936153888702393,0.9900826811790466,582.2449340820312,207.9957733154297,639.76123046875,349.4980163574219,579.9148559570312,206.10751342773438,638.4520874023438,349.9719543457031,0.9560232849250124,0.8951586307699825,0.003532707691192627,0.06086465415502995,True,False
attack_05,76417,car,D:\project CS\Faster-RCNN-COCO-Attack\source_data\attack_05\clean_images\000000076417.jpg,D:\project CS\Faster-RCNN-COCO-Attack\source_data\attack_05\patched_images\000000076417.jpg,True,True,0.937482476234436,0.8866167068481445,185.10765075683594,145.3164825439453,636.5986328125,478.0000305175781,277.44696044921875,148.70681762695312,640.0,478.0000305175781,0.9343156762652576,0.7807692010388401,0.050865769386291504,0.1535464752264175,True,False
attack_05,77460,person,D:\project CS\Faster-RCNN-COCO-Attack\source_data\attack_05\clean_images\000000077460.jpg,D:\project CS\Faster-RCNN-COCO-Attack\source_data\attack_05\patched_images\000000077460.jpg,False,False,,,,,,,,,,,,,,,False,False
attack_05,78748,person,D:\project CS\Faster-RCNN-COCO-Attack\source_data\attack_05\clean_images\000000078748.jpg,D:\project CS\Faster-RCNN-COCO-Attack\source_data\attack_05\patched_images\000000078748.jpg,False,False,,,,,,,,,,,,,,,False,False
attack_05,82812,person,D:\project CS\Faster-RCNN-COCO-Attack\source_data\attack_05\clean_images\000000082812.jpg,D:\project CS\Faster-RCNN-COCO-Attack\source_data\attack_05\patched_images\000000082812.jpg,True,True,0.9928436875343323,0.9930197596549988,347.2216796875,227.21640014648438,419.8839111328125,359.76483154296875,345.6002197265625,226.4464111328125,419.5937194824219,359.764404296875,0.9681337663055797,0.94406055589048,-0.0001760721206665039,0.02407321041509969,True,False
attack_05,84170,car,D:\project CS\Faster-RCNN-COCO-Attack\source_data\attack_05\clean_images\000000084170.jpg,D:\project CS\Faster-RCNN-COCO-Attack\source_data\attack_05\patched_images\000000084170.jpg,True,True,0.9985827207565308,0.998977541923523,131.37103271484375,260.96307373046875,227.14205932617188,332.85162353515625,132.2158203125,261.0281982421875,227.49710083007812,334.22418212890625,0.9038273425375195,0.9328446835221352,-0.0003948211669921875,-0.029017340984615725,True,False
attack_05,84270,person,D:\project CS\Faster-RCNN-COCO-Attack\source_data\attack_05\clean_images\000000084270.jpg,D:\project CS\Faster-RCNN-COCO-Attack\source_data\attack_05\patched_images\000000084270.jpg,False,False,,,,,,,,,,,,,,,False,False
attack_05,85157,person,D:\project CS\Faster-RCNN-COCO-Attack\source_data\attack_05\clean_images\000000085157.jpg,D:\project CS\Faster-RCNN-COCO-Attack\source_data\attack_05\patched_images\000000085157.jpg,True,True,0.9943366646766663,0.9957369565963745,1.2560828924179077,96.6622085571289,250.77157592773438,474.9259338378906,0.0,91.18339538574219,257.0838317871094,476.3918151855469,0.9487280090488754,0.9674238009928818,-0.001400291919708252,-0.01869579194400639,True,False
attack_05,86220,car,D:\project CS\Faster-RCNN-COCO-Attack\source_data\attack_05\clean_images\000000086220.jpg,D:\project CS\Faster-RCNN-COCO-Attack\source_data\attack_05\patched_images\000000086220.jpg,True,True,0.9991946816444397,0.999169111251831,135.87525939941406,211.63768005371094,446.66986083984375,335.3861999511719,132.20391845703125,210.77114868164062,449.05572509765625,332.08441162109375,0.9692391730623215,0.9424640904447745,2.5570392608642578e-05,0.02677508261754702,True,False
attack_05,87144,car,D:\project CS\Faster-RCNN-COCO-Attack\source_data\attack_05\clean_images\000000087144.jpg,D:\project CS\Faster-RCNN-COCO-Attack\source_data\attack_05\patched_images\000000087144.jpg,True,True,0.9888972640037537,0.9779689908027649,348.3733215332031,33.80955123901367,431.9900207519531,63.40202331542969,348.6295471191406,33.07233810424805,433.4154052734375,63.279788970947266,0.8686333475988979,0.9083766030072349,0.01092827320098877,-0.03974325540833701,True,False
attack_05,88462,car,D:\project CS\Faster-RCNN-COCO-Attack\source_data\attack_05\clean_images\000000088462.jpg,D:\project CS\Faster-RCNN-COCO-Attack\source_data\attack_05\patched_images\000000088462.jpg,True,True,0.9945917725563049,0.9917511343955994,25.250686645507812,188.49945068359375,82.56819152832031,230.5426025390625,25.180644989013672,189.1017608642578,82.72802734375,230.36227416992188,0.9597263250902399,0.9485024717016564,0.0028406381607055664,0.01122385338858356,True,False
attack_05,93154,car,D:\project CS\Faster-RCNN-COCO-Attack\source_data\attack_05\clean_images\000000093154.jpg,D:\project CS\Faster-RCNN-COCO-Attack\source_data\attack_05\patched_images\000000093154.jpg,True,True,0.9982984662055969,0.9979156851768494,143.16586303710938,273.5558166503906,211.24879455566406,306.5311584472656,143.53375244140625,272.6147766113281,211.08326721191406,307.5394287109375,0.9111555107580774,0.912112371435335,0.0003827810287475586,-0.0009568606772575317,True,False
attack_05,98392,car,D:\project CS\Faster-RCNN-COCO-Attack\source_data\attack_05\clean_images\000000098392.jpg,D:\project CS\Faster-RCNN-COCO-Attack\source_data\attack_05\patched_images\000000098392.jpg,True,True,0.9974942207336426,0.9967061877250671,242.98345947265625,527.4180297851562,478.40283203125,639.4150390625,242.24488830566406,523.7490844726562,479.7712707519531,639.7714233398438,0.8956898018429018,0.9304267702655767,0.0007880330085754395,-0.03473696842267493,True,False
attack_05,100624,car,D:\project CS\Faster-RCNN-COCO-Attack\source_data\attack_05\clean_images\000000100624.jpg,D:\project CS\Faster-RCNN-COCO-Attack\source_data\attack_05\patched_images\000000100624.jpg,False,False,,,,,,,,,,,,,,,False,False
attack_05,102356,person,D:\project CS\Faster-RCNN-COCO-Attack\source_data\attack_05\clean_images\000000102356.jpg,D:\project CS\Faster-RCNN-COCO-Attack\source_data\attack_05\patched_images\000000102356.jpg,True,True,0.9981334805488586,0.9974157810211182,163.7502899169922,48.56235885620117,404.0904541015625,437.88140869140625,163.9738311767578,46.3846321105957,405.322998046875,454.52471923828125,0.9129365646935552,0.8671965733537654,0.0007176995277404785,0.04573999133978979,True,False
attack_05,108026,person,D:\project CS\Faster-RCNN-COCO-Attack\source_data\attack_05\clean_images\000000108026.jpg,D:\project CS\Faster-RCNN-COCO-Attack\source_data\attack_05\patched_images\000000108026.jpg,True,True,0.995126485824585,0.990607738494873,102.83091735839844,3.152251958847046,629.3875122070312,422.2891845703125,89.93287658691406,1.792873740196228,639.9999389648438,418.5164489746094,0.9553258304163146,0.946973970319996,0.004518747329711914,0.008351860096318608,True,False
attack_05,111036,car,D:\project CS\Faster-RCNN-COCO-Attack\source_data\attack_05\clean_images\000000111036.jpg,D:\project CS\Faster-RCNN-COCO-Attack\source_data\attack_05\patched_images\000000111036.jpg,True,True,0.99700528383255,0.9940187931060791,251.8126983642578,0.0,425.0,140.0715789794922,247.4691162109375,0.9148135185241699,425.0,138.70936584472656,0.9645961355260333,0.9417219292483467,0.0029864907264709473,0.02287420627768655,True,False
attack_05,114770,car,D:\project CS\Faster-RCNN-COCO-Attack\source_data\attack_05\clean_images\000000114770.jpg,D:\project CS\Faster-RCNN-COCO-Attack\source_data\attack_05\patched_images\000000114770.jpg,False,False,,,,,,,,,,,,,,,False,False
attack_05,115946,car,D:\project CS\Faster-RCNN-COCO-Attack\source_data\attack_05\clean_images\000000115946.jpg,D:\project CS\Faster-RCNN-COCO-Attack\source_data\attack_05\patched_images\000000115946.jpg,True,True,0.9940872192382812,0.9934142827987671,120.19371795654297,502.98211669921875,173.77365112304688,543.6287231445312,119.62906646728516,503.3084716796875,174.64572143554688,543.5853881835938,0.9286694761034181,0.9162724226865894,0.0006729364395141602,0.01239705341682873,True,False
attack_05,121506,car,D:\project CS\Faster-RCNN-COCO-Attack\source_data\attack_05\clean_images\000000121506.jpg,D:\project CS\Faster-RCNN-COCO-Attack\source_data\attack_05\patched_images\000000121506.jpg,True,True,0.9805474281311035,0.9856642484664917,431.9105224609375,258.0079040527344,528.1516723632812,302.9653015136719,440.66357421875,258.97552490234375,528.6713256835938,302.8631286621094,0.764291292619257,0.70671658716895,-0.005116820335388184,0.05757470545030696,True,False
attack_05,121591,person,D:\project CS\Faster-RCNN-COCO-Attack\source_data\attack_05\clean_images\000000121591.jpg,D:\project CS\Faster-RCNN-COCO-Attack\source_data\attack_05\patched_images\000000121591.jpg,True,True,0.9951693415641785,0.9919084906578064,256.5389404296875,112.09837341308594,381.4716796875,293.986572265625,256.7414855957031,120.9091567993164,376.1906433105469,290.7869567871094,0.8739664740668982,0.9389635324913842,0.0032608509063720703,-0.064997058424486,True,False
attack_05,125129,person,D:\project CS\Faster-RCNN-COCO-Attack\source_data\attack_05\clean_images\000000125129.jpg,D:\project CS\Faster-RCNN-COCO-Attack\source_data\attack_05\patched_images\000000125129.jpg,True,True,0.9960357546806335,0.9911154508590698,128.31475830078125,53.77240753173828,341.3974609375,262.69073486328125,129.21762084960938,52.490440368652344,340.003173828125,263.483642578125,0.9357534263448831,0.9435652632795805,0.004920303821563721,-0.007811836934697336,True,False
attack_05,125936,person,D:\project CS\Faster-RCNN-COCO-Attack\source_data\attack_05\clean_images\000000125936.jpg,D:\project CS\Faster-RCNN-COCO-Attack\source_data\attack_05\patched_images\000000125936.jpg,True,True,0.9987009763717651,0.9984068274497986,0.0,98.09980010986328,148.4493408203125,324.7191467285156,0.0,96.76517486572266,149.86279296875,322.2677917480469,0.9693733399199528,0.9653948448459424,0.00029414892196655273,0.00397849507401038,True,False
attack_05,126592,car,D:\project CS\Faster-RCNN-COCO-Attack\source_data\attack_05\clean_images\000000126592.jpg,D:\project CS\Faster-RCNN-COCO-Attack\source_data\attack_05\patched_images\000000126592.jpg,True,True,0.999454915523529,0.9992989301681519,329.6846618652344,268.87841796875,508.4277038574219,328.924072265625,334.79754638671875,268.9833984375,507.93951416015625,328.5738220214844,0.8941548876788449,0.8731570332815581,0.00015598535537719727,0.02099785439728674,True,False
attack_05,127263,car,D:\project CS\Faster-RCNN-COCO-Attack\source_data\attack_05\clean_images\000000127263.jpg,D:\project CS\Faster-RCNN-COCO-Attack\source_data\attack_05\patched_images\000000127263.jpg,True,True,0.9919277429580688,0.9690235257148743,501.9617004394531,100.2950210571289,639.3551025390625,172.35841369628906,504.72381591796875,104.91411590576172,640.0,174.39578247070312,0.8767488920368566,0.9491896750280073,0.02290421724319458,-0.07244078299115075,True,False
attack_05,129062,person,D:\project CS\Faster-RCNN-COCO-Attack\source_data\attack_05\clean_images\000000129062.jpg,D:\project CS\Faster-RCNN-COCO-Attack\source_data\attack_05\patched_images\000000129062.jpg,True,True,0.8131121397018433,0.4747406244277954,540.14697265625,353.390380859375,626.4808349609375,477.44976806640625,545.7630615234375,384.2586364746094,627.360595703125,476.5135498046875,0.8250490825045992,0.5762409457415313,0.33837151527404785,0.2488081367630679,True,False
attack_05,130386,car,D:\project CS\Faster-RCNN-COCO-Attack\source_data\attack_05\clean_images\000000130386.jpg,D:\project CS\Faster-RCNN-COCO-Attack\source_data\attack_05\patched_images\000000130386.jpg,True,True,0.9826675057411194,0.9862988591194153,172.66673278808594,436.1820068359375,228.54330444335938,466.5816345214844,172.94891357421875,435.9758605957031,227.65879821777344,465.916748046875,0.8734933431557286,0.8572812157796673,-0.0036313533782958984,0.01621212737606126,True,False
attack_05,132544,car,D:\project CS\Faster-RCNN-COCO-Attack\source_data\attack_05\clean_images\000000132544.jpg,D:\project CS\Faster-RCNN-COCO-Attack\source_data\attack_05\patched_images\000000132544.jpg,True,True,0.4847245514392853,0.6700045466423035,4.515758514404297,106.67286682128906,278.19378662109375,255.0189666748047,6.674344062805176,104.6651382446289,292.3861083984375,255.8636016845703,0.6143926312597117,0.6390657100857168,-0.1852799952030182,-0.024673078826005113,True,False
attack_05,132796,person,D:\project CS\Faster-RCNN-COCO-Attack\source_data\attack_05\clean_images\000000132796.jpg,D:\project CS\Faster-RCNN-COCO-Attack\source_data\attack_05\patched_images\000000132796.jpg,True,True,0.9994553923606873,0.9992830157279968,294.1464538574219,66.04112243652344,405.46142578125,398.22967529296875,294.298095703125,69.02383422851562,406.1529235839844,398.0794677734375,0.9414971711696271,0.9375586260960216,0.0001723766326904297,0.003938545073605471,True,False
attack_05,134322,person,D:\project CS\Faster-RCNN-COCO-Attack\source_data\attack_05\clean_images\000000134322.jpg,D:\project CS\Faster-RCNN-COCO-Attack\source_data\attack_05\patched_images\000000134322.jpg,False,False,,,,,,,,,,,,,,,False,False
attack_05,135410,car,D:\project CS\Faster-RCNN-COCO-Attack\source_data\attack_05\clean_images\000000135410.jpg,D:\project CS\Faster-RCNN-COCO-Attack\source_data\attack_05\patched_images\000000135410.jpg,True,True,0.7828317284584045,0.9084739685058594,153.21376037597656,219.9362335205078,350.1329040527344,314.0438232421875,152.2565460205078,219.03257751464844,356.0736389160156,325.2063903808594,0.8351475082591228,0.7953343900708072,-0.12564224004745483,0.039813118188315566,True,False
attack_05,136715,car,D:\project CS\Faster-RCNN-COCO-Attack\source_data\attack_05\clean_images\000000136715.jpg,D:\project CS\Faster-RCNN-COCO-Attack\source_data\attack_05\patched_images\000000136715.jpg,False,False,,,,,,,,,,,,,,,False,False
attack_05,138979,car,D:\project CS\Faster-RCNN-COCO-Attack\source_data\attack_05\clean_images\000000138979.jpg,D:\project CS\Faster-RCNN-COCO-Attack\source_data\attack_05\patched_images\000000138979.jpg,True,True,0.9308944344520569,0.8891497850418091,315.18707275390625,178.68528747558594,637.9188842773438,426.0000305175781,313.1331481933594,181.5927734375,640.0,426.0000305175781,0.9458545060216202,0.9461942715891216,0.0417446494102478,-0.0003397655675013711,True,False
attack_05,141597,car,D:\project CS\Faster-RCNN-COCO-Attack\source_data\attack_05\clean_images\000000141597.jpg,D:\project CS\Faster-RCNN-COCO-Attack\source_data\attack_05\patched_images\000000141597.jpg,True,True,0.9958052635192871,0.9960822463035583,373.58953857421875,236.9193878173828,568.8189086914062,348.9197082519531,374.4981384277344,237.02842712402344,566.2184448242188,349.1825256347656,0.8777611200240885,0.8945047310261385,-0.00027698278427124023,-0.01674361100205002,True,False
attack_05,142472,car,D:\project CS\Faster-RCNN-COCO-Attack\source_data\attack_05\clean_images\000000142472.jpg,D:\project CS\Faster-RCNN-COCO-Attack\source_data\attack_05\patched_images\000000142472.jpg,True,True,0.9995416402816772,0.9995383024215698,202.08251953125,372.23626708984375,333.4576110839844,436.3849792480469,203.2059783935547,371.788330078125,333.32208251953125,436.42041015625,0.9648471483406743,0.9649031039293078,3.337860107421875e-06,-5.595558863347172e-05,True,False
attack_05,144114,person,D:\project CS\Faster-RCNN-COCO-Attack\source_data\attack_05\clean_images\000000144114.jpg,D:\project CS\Faster-RCNN-COCO-Attack\source_data\attack_05\patched_images\000000144114.jpg,True,True,0.9957731366157532,0.9926443099975586,284.2961120605469,220.60617065429688,318.2399597167969,252.80612182617188,283.7364501953125,220.80307006835938,319.23211669921875,253.37435913085938,0.9388852300043283,0.9402393805077881,0.00312882661819458,-0.0013541505034597723,True,False
attack_05,144706,car,D:\project CS\Faster-RCNN-COCO-Attack\source_data\attack_05\clean_images\000000144706.jpg,D:\project CS\Faster-RCNN-COCO-Attack\source_data\attack_05\patched_images\000000144706.jpg,True,True,0.7159724831581116,0.8236190676689148,499.9714050292969,368.4414367675781,547.305419921875,401.5594177246094,500.6285400390625,369.2218017578125,545.6755981445312,402.2579650878906,0.8642402833778497,0.8597622227395125,-0.10764658451080322,0.004478060638337222,True,False
attack_05,146155,person,D:\project CS\Faster-RCNN-COCO-Attack\source_data\attack_05\clean_images\000000146155.jpg,D:\project CS\Faster-RCNN-COCO-Attack\source_data\attack_05\patched_images\000000146155.jpg,True,True,0.9994801878929138,0.9995611310005188,161.37252807617188,20.733612060546875,396.6409606933594,512.0,160.45407104492188,20.99951171875,397.784912109375,512.0,0.9202481326078915,0.9192259704790754,-8.094310760498047e-05,0.0010221621288161176,True,False
attack_05,147223,car,D:\project CS\Faster-RCNN-COCO-Attack\source_data\attack_05\clean_images\000000147223.jpg,D:\project CS\Faster-RCNN-COCO-Attack\source_data\attack_05\patched_images\000000147223.jpg,True,True,0.9901028871536255,0.9908146262168884,0.22619180381298065,153.95982360839844,148.16253662109375,297.124755859375,0.9162324666976929,153.36935424804688,146.0994873046875,300.76422119140625,0.9409662741029136,0.9064053551899781,-0.0007117390632629395,0.034560918912935445,True,False
attack_05,147338,car,D:\project CS\Faster-RCNN-COCO-Attack\source_data\attack_05\clean_images\000000147338.jpg,D:\project CS\Faster-RCNN-COCO-Attack\source_data\attack_05\patched_images\000000147338.jpg,False,False,,,,,,,,,,,,,,,False,False
attack_05,147725,car,D:\project CS\Faster-RCNN-COCO-Attack\source_data\attack_05\clean_images\000000147725.jpg,D:\project CS\Faster-RCNN-COCO-Attack\source_data\attack_05\patched_images\000000147725.jpg,True,True,0.9935617446899414,0.9929400682449341,402.5975036621094,172.397216796875,578.5682373046875,265.44482421875,402.427978515625,172.25856018066406,578.821044921875,264.81683349609375,0.9610745996688208,0.9526138408017751,0.0006216764450073242,0.00846075886704567,True,False
attack_05,148719,person,D:\project CS\Faster-RCNN-COCO-Attack\source_data\attack_05\clean_images\000000148719.jpg,D:\project CS\Faster-RCNN-COCO-Attack\source_data\attack_05\patched_images\000000148719.jpg,True,True,0.9857660531997681,0.6059461236000061,0.23916620016098022,117.42811584472656,41.634639739990234,163.90643310546875,2.1181650161743164,117.35452270507812,42.98621368408203,162.62579345703125,0.8827772892061148,0.9169587019018519,0.37981992959976196,-0.03418141269573716,True,False
attack_05,149375,person,D:\project CS\Faster-RCNN-COCO-Attack\source_data\attack_05\clean_images\000000149375.jpg,D:\project CS\Faster-RCNN-COCO-Attack\source_data\attack_05\patched_images\000000149375.jpg,True,True,0.9995759129524231,0.9994795918464661,208.1698455810547,41.03532409667969,391.5622253417969,365.670654296875,208.8629608154297,40.408592224121094,392.5491943359375,365.38726806640625,0.9568817563435221,0.9557971498411225,9.632110595703125e-05,0.0010846065023996099,True,False
attack_05,151000,person,D:\project CS\Faster-RCNN-COCO-Attack\source_data\attack_05\clean_images\000000151000.jpg,D:\project CS\Faster-RCNN-COCO-Attack\source_data\attack_05\patched_images\000000151000.jpg,True,True,0.9997720122337341,0.9988744854927063,133.9544219970703,47.55101013183594,410.02203369140625,421.5361328125,148.4425048828125,44.70009994506836,407.282470703125,426.0000305175781,0.7492381958672122,0.7937381176274765,0.000897526741027832,-0.044499921760264294,True,False
attack_05,152214,person,D:\project CS\Faster-RCNN-COCO-Attack\source_data\attack_05\clean_images\000000152214.jpg,D:\project CS\Faster-RCNN-COCO-Attack\source_data\attack_05\patched_images\000000152214.jpg,True,True,0.9985337257385254,0.9994673132896423,71.36380004882812,0.0,468.3399963378906,638.5853881835938,69.34075927734375,0.09615384787321091,474.2419128417969,633.984619140625,0.9550492992949806,0.9679626600145181,-0.0009335875511169434,-0.012913360719537526,True,False
attack_05,152771,car,D:\project CS\Faster-RCNN-COCO-Attack\source_data\attack_05\clean_images\000000152771.jpg,D:\project CS\Faster-RCNN-COCO-Attack\source_data\attack_05\patched_images\000000152771.jpg,True,True,0.9860514402389526,0.9326615333557129,1.7801965475082397,260.7287902832031,65.06037139892578,290.74151611328125,1.9050923585891724,260.2492980957031,65.007568359375,291.14691162109375,0.9227553940685883,0.9472940688163736,0.053389906883239746,-0.02453867474778526,True,False
attack_05,153011,car,D:\project CS\Faster-RCNN-COCO-Attack\source_data\attack_05\clean_images\000000153011.jpg,D:\project CS\Faster-RCNN-COCO-Attack\source_data\attack_05\patched_images\000000153011.jpg,True,True,0.9947094917297363,0.9965013265609741,313.08306884765625,215.5298614501953,398.42138671875,254.4478302001953,314.7547302246094,215.77218627929688,397.85980224609375,254.169189453125,0.7878266097635722,0.8084649785036812,-0.001791834831237793,-0.020638368740108937,True,False
attack_05,153669,person,D:\project CS\Faster-RCNN-COCO-Attack\source_data\attack_05\clean_images\000000153669.jpg,D:\project CS\Faster-RCNN-COCO-Attack\source_data\attack_05\patched_images\000000153669.jpg,False,False,,,,,,,,,,,,,,,False,False
attack_05,155341,car,D:\project CS\Faster-RCNN-COCO-Attack\source_data\attack_05\clean_images\000000155341.jpg,D:\project CS\Faster-RCNN-COCO-Attack\source_data\attack_05\patched_images\000000155341.jpg,True,True,0.994746744632721,0.9966063499450684,149.94204711914062,282.68597412109375,394.4836730957031,413.463623046875,152.72344970703125,284.07244873046875,393.5406799316406,413.70416259765625,0.9552794333474202,0.9754986972669861,-0.0018596053123474121,-0.020219263919565966,True,False
attack_05,156071,car,D:\project CS\Faster-RCNN-COCO-Attack\source_data\attack_05\clean_images\000000156071.jpg,D:\project CS\Faster-RCNN-COCO-Attack\source_data\attack_05\patched_images\000000156071.jpg,True,False,0.665526807308197,,304.98577880859375,77.27168273925781,399.7174072265625,121.82329559326172,,,,,0.5579698137068826,,,,True,True
attack_05,156292,person,D:\project CS\Faster-RCNN-COCO-Attack\source_data\attack_05\clean_images\000000156292.jpg,D:\project CS\Faster-RCNN-COCO-Attack\source_data\attack_05\patched_images\000000156292.jpg,True,True,0.993618369102478,0.9916627407073975,61.997840881347656,378.5887145996094,120.65543365478516,536.7223510742188,62.650840759277344,378.83209228515625,120.74027252197266,535.0460205078125,0.8175575750141191,0.7998098238246463,0.0019556283950805664,0.017747751189472805,True,False
attack_05,157365,car,D:\project CS\Faster-RCNN-COCO-Attack\source_data\attack_05\clean_images\000000157365.jpg,D:\project CS\Faster-RCNN-COCO-Attack\source_data\attack_05\patched_images\000000157365.jpg,True,True,0.9980980753898621,0.9982007741928101,0.8032556176185608,188.13177490234375,118.81043243408203,377.45269775390625,0.6520348787307739,188.36761474609375,118.94275665283203,377.0080871582031,0.9128783728643255,0.91589373045527,-0.00010269880294799805,-0.003015357590944512,True,False
attack_05,157928,car,D:\project CS\Faster-RCNN-COCO-Attack\source_data\attack_05\clean_images\000000157928.jpg,D:\project CS\Faster-RCNN-COCO-Attack\source_data\attack_05\patched_images\000000157928.jpg,True,True,0.9774190187454224,0.959071695804596,0.3073606789112091,99.87157440185547,108.21210479736328,247.95286560058594,0.3231954574584961,99.68997955322266,108.41565704345703,249.67665100097656,0.9842129897516274,0.9758879292584066,0.018347322940826416,0.008325060493220793,True,False
attack_05,158660,person,D:\project CS\Faster-RCNN-COCO-Attack\source_data\attack_05\clean_images\000000158660.jpg,D:\project CS\Faster-RCNN-COCO-Attack\source_data\attack_05\patched_images\000000158660.jpg,True,True,0.9793878793716431,0.9817257523536682,472.11279296875,8.094086647033691,612.0,276.791748046875,472.8124694824219,3.674208402633667,611.619384765625,273.01348876953125,0.9238418931122482,0.9152496078650851,-0.0023378729820251465,0.008592285247163045,True,False
attack_05,158744,car,D:\project CS\Faster-RCNN-COCO-Attack\source_data\attack_05\clean_images\000000158744.jpg,D:\project CS\Faster-RCNN-COCO-Attack\source_data\attack_05\patched_images\000000158744.jpg,True,True,0.9812591671943665,0.9679571390151978,592.7730712890625,93.02049255371094,639.9999389648438,124.33818817138672,593.1290283203125,92.74285888671875,639.5794677734375,124.3544921875,0.8719552459136136,0.8868493416872738,0.013302028179168701,-0.014894095773660188,True,False
attack_05,158945,person,D:\project CS\Faster-RCNN-COCO-Attack\source_data\attack_05\clean_images\000000158945.jpg,D:\project CS\Faster-RCNN-COCO-Attack\source_data\attack_05\patched_images\000000158945.jpg,True,True,0.9980792999267578,0.997931957244873,92.8786849975586,42.62068176269531,158.9977264404297,223.0198516845703,94.4006118774414,42.79916000366211,156.43150329589844,222.50067138671875,0.881702719425624,0.9173200070970781,0.00014734268188476562,-0.03561728767145411,True,False
attack_05,161799,person,D:\project CS\Faster-RCNN-COCO-Attack\source_data\attack_05\clean_images\000000161799.jpg,D:\project CS\Faster-RCNN-COCO-Attack\source_data\attack_05\patched_images\000000161799.jpg,True,True,0.9994620680809021,0.9996103644371033,189.0387725830078,74.26490783691406,308.8450927734375,237.58432006835938,189.46636962890625,74.12458801269531,308.545654296875,237.6307830810547,0.9357912293938095,0.9424722922647899,-0.00014829635620117188,-0.006681062870980359,True,False
attack_05,162092,person,D:\project CS\Faster-RCNN-COCO-Attack\source_data\attack_05\clean_images\000000162092.jpg,D:\project CS\Faster-RCNN-COCO-Attack\source_data\attack_05\patched_images\000000162092.jpg,True,True,0.9986764788627625,0.9988610744476318,213.92117309570312,41.2432861328125,614.01416015625,632.86376953125,219.5759735107422,36.51057052612305,622.6875,630.2998046875,0.8896647064742119,0.8865369984820495,-0.00018459558486938477,0.003127707992162443,True,False
attack_05,162732,person,D:\project CS\Faster-RCNN-COCO-Attack\source_data\attack_05\clean_images\000000162732.jpg,D:\project CS\Faster-RCNN-COCO-Attack\source_data\attack_05\patched_images\000000162732.jpg,True,True,0.9993947744369507,0.9996261596679688,226.8511505126953,26.24457550048828,449.26513671875,427.0,223.6519012451172,23.475683212280273,450.8203125,427.0,0.9868688415591809,0.9831350427471577,-0.0002313852310180664,0.0037337988120231813,True,False
attack_05,163117,person,D:\project CS\Faster-RCNN-COCO-Attack\source_data\attack_05\clean_images\000000163117.jpg,D:\project CS\Faster-RCNN-COCO-Attack\source_data\attack_05\patched_images\000000163117.jpg,True,True,0.9985553622245789,0.9989744424819946,222.96597290039062,202.5907745361328,373.7637939453125,498.88623046875,220.45645141601562,198.649658203125,375.10595703125,496.6457824707031,0.9486490282043061,0.9660121653361303,-0.0004190802574157715,-0.017363137131824247,True,False
attack_05,163562,person,D:\project CS\Faster-RCNN-COCO-Attack\source_data\attack_05\clean_images\000000163562.jpg,D:\project CS\Faster-RCNN-COCO-Attack\source_data\attack_05\patched_images\000000163562.jpg,True,True,0.9997938275337219,0.9995600581169128,139.74607849121094,0.8739369511604309,477.93109130859375,332.60723876953125,130.43350219726562,1.0577739477157593,446.7146301269531,333.0,0.9096389998985989,0.9640036910388299,0.00023376941680908203,-0.054364691140231014,True,False
attack_05,165518,person,D:\project CS\Faster-RCNN-COCO-Attack\source_data\attack_05\clean_images\000000165518.jpg,D:\project CS\Faster-RCNN-COCO-Attack\source_data\attack_05\patched_images\000000165518.jpg,True,True,0.9945586323738098,0.996791660785675,247.63339233398438,175.9794158935547,429.12274169921875,460.9014587402344,248.36019897460938,173.93893432617188,430.6536560058594,463.95123291015625,0.9568180120864589,0.9487743593594485,-0.0022330284118652344,0.008043652727010353,True,False
attack_05,166478,person,D:\project CS\Faster-RCNN-COCO-Attack\source_data\attack_05\clean_images\000000166478.jpg,D:\project CS\Faster-RCNN-COCO-Attack\source_data\attack_05\patched_images\000000166478.jpg,True,True,0.9625698924064636,0.959860622882843,67.61334991455078,75.91844940185547,523.1314697265625,426.0000305175781,71.48393249511719,75.8460693359375,546.2045288085938,426.0000305175781,0.8493713207666077,0.8980026469310161,0.0027092695236206055,-0.04863132616440835,True,False
attack_05,167122,car,D:\project CS\Faster-RCNN-COCO-Attack\source_data\attack_05\clean_images\000000167122.jpg,D:\project CS\Faster-RCNN-COCO-Attack\source_data\attack_05\patched_images\000000167122.jpg,True,True,0.9944894313812256,0.9853292107582092,25.003847122192383,209.0736846923828,639.7651977539062,479.3809509277344,32.45479965209961,207.3611297607422,630.43603515625,477.1521911621094,0.960294446147501,0.9435062287200372,0.009160220623016357,0.016788217427463836,True,False
attack_05,169169,car,D:\project CS\Faster-RCNN-COCO-Attack\source_data\attack_05\clean_images\000000169169.jpg,D:\project CS\Faster-RCNN-COCO-Attack\source_data\attack_05\patched_images\000000169169.jpg,True,True,0.951411247253418,0.9504793882369995,395.0467224121094,364.7352294921875,485.95294189453125,407.9302673339844,393.735595703125,364.9682922363281,486.3745422363281,408.4181823730469,0.9751850668570503,0.9760776992741461,0.000931859016418457,-0.0008926324170958067,True,False
attack_05,171382,car,D:\project CS\Faster-RCNN-COCO-Attack\source_data\attack_05\clean_images\000000171382.jpg,D:\project CS\Faster-RCNN-COCO-Attack\source_data\attack_05\patched_images\000000171382.jpg,True,True,0.980442464351654,0.9692914485931396,10.074530601501465,174.7134246826172,191.36227416992188,276.8080749511719,0.3544328212738037,178.30319213867188,184.25965881347656,277.2555847167969,0.651176745740065,0.647966385976285,0.011151015758514404,0.003210359763780035,True,False
attack_05,171757,person,D:\project CS\Faster-RCNN-COCO-Attack\source_data\attack_05\clean_images\000000171757.jpg,D:\project CS\Faster-RCNN-COCO-Attack\source_data\attack_05\patched_images\000000171757.jpg,True,True,0.9895883798599243,0.6021445989608765,47.70888900756836,144.06536865234375,309.7971496582031,476.18603515625,50.85200119018555,138.1315460205078,312.1234436035156,479.0277404785156,0.9118619738668589,0.9548672226511259,0.38744378089904785,-0.043005248784267036,True,False
attack_05,172330,car,D:\project CS\Faster-RCNN-COCO-Attack\source_data\attack_05\clean_images\000000172330.jpg,D:\project CS\Faster-RCNN-COCO-Attack\source_data\attack_05\patched_images\000000172330.jpg,True,True,0.9943669438362122,0.9964513778686523,57.40806198120117,1.1388977766036987,640.0,316.7664794921875,65.3403091430664,0.56451416015625,640.0,315.42779541015625,0.9763762697769036,0.9795087631284359,-0.0020844340324401855,-0.0031324933515323172,True,False
attack_05,173830,person,D:\project CS\Faster-RCNN-COCO-Attack\source_data\attack_05\clean_images\000000173830.jpg,D:\project CS\Faster-RCNN-COCO-Attack\source_data\attack_05\patched_images\000000173830.jpg,True,True,0.9997358918190002,0.9997132420539856,196.61911010742188,182.2799835205078,435.5469665527344,570.802001953125,193.63250732421875,183.817626953125,434.5483093261719,573.8823852539062,0.8795944119764978,0.8915231656498898,2.2649765014648438e-05,-0.011928753673391967,True,False
attack_05,174482,car,D:\project CS\Faster-RCNN-COCO-Attack\source_data\attack_05\clean_images\000000174482.jpg,D:\project CS\Faster-RCNN-COCO-Attack\source_data\attack_05\patched_images\000000174482.jpg,True,True,0.987434446811676,0.9579790830612183,149.33905029296875,71.86204528808594,238.76031494140625,113.28673553466797,149.85423278808594,71.56531524658203,238.83680725097656,113.03823852539062,0.9095000514430124,0.9060919367935727,0.029455363750457764,0.0034081146494396863,True,False
attack_05,175438,car,D:\project CS\Faster-RCNN-COCO-Attack\source_data\attack_05\clean_images\000000175438.jpg,D:\project CS\Faster-RCNN-COCO-Attack\source_data\attack_05\patched_images\000000175438.jpg,False,False,,,,,,,,,,,,,,,False,False
attack_05,176606,car,D:\project CS\Faster-RCNN-COCO-Attack\source_data\attack_05\clean_images\000000176606.jpg,D:\project CS\Faster-RCNN-COCO-Attack\source_data\attack_05\patched_images\000000176606.jpg,True,True,0.9925861954689026,0.9912818670272827,62.914127349853516,196.18740844726562,126.8188247680664,249.4204864501953,63.32978439331055,196.05792236328125,127.80806732177734,249.9306640625,0.9493120341652622,0.963209440234636,0.001304328441619873,-0.01389740606937373,True,False
attack_05,176799,person,D:\project CS\Faster-RCNN-COCO-Attack\source_data\attack_05\clean_images\000000176799.jpg,D:\project CS\Faster-RCNN-COCO-Attack\source_data\attack_05\patched_images\000000176799.jpg,True,True,0.9996448755264282,0.9988759160041809,386.3257141113281,73.3041000366211,498.73822021484375,209.5927734375,386.6996765136719,74.14131927490234,498.5538024902344,201.95358276367188,0.9550875782891609,0.9000942573094625,0.0007689595222473145,0.054993320979698446,True,False
attack_05,177065,person,D:\project CS\Faster-RCNN-COCO-Attack\source_data\attack_05\clean_images\000000177065.jpg,D:\project CS\Faster-RCNN-COCO-Attack\source_data\attack_05\patched_images\000000177065.jpg,True,True,0.9982719421386719,0.9977160692214966,39.00263977050781,3.4062376022338867,178.2421112060547,549.9451904296875,40.536155700683594,5.05029821395874,177.5535125732422,544.3268432617188,0.960326499376677,0.9380234462490118,0.000555872917175293,0.02230305312766523,True,False
attack_05,180011,person,D:\project CS\Faster-RCNN-COCO-Attack\source_data\attack_05\clean_images\000000180011.jpg,D:\project CS\Faster-RCNN-COCO-Attack\source_data\attack_05\patched_images\000000180011.jpg,True,True,0.9990180730819702,0.9975628852844238,200.92494201660156,459.89892578125,423.5835266113281,635.7708740234375,202.93675231933594,462.64044189453125,429.84149169921875,637.294921875,0.8849958198965205,0.9147603856071644,0.0014551877975463867,-0.029764565710643898,True,False
attack_05,180878,car,D:\project CS\Faster-RCNN-COCO-Attack\source_data\attack_05\clean_images\000000180878.jpg,D:\project CS\Faster-RCNN-COCO-Attack\source_data\attack_05\patched_images\000000180878.jpg,True,True,0.8185684084892273,0.5220297574996948,404.6852722167969,200.82861328125,508.6529541015625,308.9771423339844,405.38262939453125,201.114013671875,508.88079833984375,310.10906982421875,0.9475565267369164,0.964027165275843,0.29653865098953247,-0.016470638538926607,True,False
attack_05,181816,car,D:\project CS\Faster-RCNN-COCO-Attack\source_data\attack_05\clean_images\000000181816.jpg,D:\project CS\Faster-RCNN-COCO-Attack\source_data\attack_05\patched_images\000000181816.jpg,True,True,0.9998236298561096,0.9997544884681702,272.35516357421875,62.00118637084961,635.9866943359375,178.88308715820312,274.67828369140625,61.6698112487793,634.3350830078125,178.96934509277344,0.9593359379200074,0.9577687589318674,6.914138793945312e-05,0.0015671789881399611,True,False
attack_05,183709,car,D:\project CS\Faster-RCNN-COCO-Attack\source_data\attack_05\clean_images\000000183709.jpg,D:\project CS\Faster-RCNN-COCO-Attack\source_data\attack_05\patched_images\000000183709.jpg,True,True,0.9803426861763,0.9887886643409729,404.16259765625,241.5581512451172,448.8910827636719,307.5085754394531,403.87457275390625,241.35215759277344,448.3087158203125,307.50067138671875,0.9395672703250513,0.9333667321410868,-0.008445978164672852,0.006200538183964488,True,False
attack_05,184324,car,D:\project CS\Faster-RCNN-COCO-Attack\source_data\attack_05\clean_images\000000184324.jpg,D:\project CS\Faster-RCNN-COCO-Attack\source_data\attack_05\patched_images\000000184324.jpg,True,True,0.9982603192329407,0.9944341778755188,276.69622802734375,237.0099334716797,343.9655456542969,267.5455017089844,276.27630615234375,236.74569702148438,342.6565856933594,268.60888671875,0.8974900946545302,0.8987653607504189,0.003826141357421875,-0.001275266095888683,True,False
attack_05,186042,person,D:\project CS\Faster-RCNN-COCO-Attack\source_data\attack_05\clean_images\000000186042.jpg,D:\project CS\Faster-RCNN-COCO-Attack\source_data\attack_05\patched_images\000000186042.jpg,True,True,0.9994757771492004,0.9995524287223816,113.80973815917969,74.91836547851562,200.95187377929688,251.5269775390625,113.49392700195312,74.31792449951172,201.68759155273438,250.8994598388672,0.9107634925735907,0.9267960298218153,-7.665157318115234e-05,-0.01603253724822462,True,False
attack_05,186449,person,D:\project CS\Faster-RCNN-COCO-Attack\source_data\attack_05\clean_images\000000186449.jpg,D:\project CS\Faster-RCNN-COCO-Attack\source_data\attack_05\patched_images\000000186449.jpg,True,True,0.9985009431838989,0.9982153177261353,116.86079406738281,181.1457977294922,347.0576477050781,605.6652221679688,116.75115966796875,176.582763671875,351.83282470703125,603.3809204101562,0.8655913213752904,0.876927305535337,0.0002856254577636719,-0.011335984160046664,True,False
attack_05,187144,person,D:\project CS\Faster-RCNN-COCO-Attack\source_data\attack_05\clean_images\000000187144.jpg,D:\project CS\Faster-RCNN-COCO-Attack\source_data\attack_05\patched_images\000000187144.jpg,True,True,0.9968804121017456,0.9962007403373718,368.8536376953125,249.58078002929688,398.88653564453125,328.5924377441406,367.90887451171875,249.80311584472656,398.9322814941406,328.28094482421875,0.9141633953534872,0.9429226872241186,0.0006796717643737793,-0.02875929187063142,True,False
attack_05,187990,person,D:\project CS\Faster-RCNN-COCO-Attack\source_data\attack_05\clean_images\000000187990.jpg,D:\project CS\Faster-RCNN-COCO-Attack\source_data\attack_05\patched_images\000000187990.jpg,True,True,0.9992848038673401,0.9892385005950928,180.98191833496094,49.3918571472168,369.1399841308594,212.15487670898438,185.98365783691406,46.1060791015625,368.82135009765625,209.67779541015625,0.9218228748621913,0.9189281194250633,0.010046303272247314,0.002894755437128027,True,False
attack_05,188296,car,D:\project CS\Faster-RCNN-COCO-Attack\source_data\attack_05\clean_images\000000188296.jpg,D:\project CS\Faster-RCNN-COCO-Attack\source_data\attack_05\patched_images\000000188296.jpg,True,True,0.9247851967811584,0.8871514797210693,0.1019461527466774,289.6606750488281,123.57687377929688,387.6966552734375,1.4035993814468384,289.5366516113281,123.70441436767578,388.1594543457031,0.9360933066754373,0.9498341236814372,0.03763371706008911,-0.013740817005999828,True,False
attack_05,191013,car,D:\project CS\Faster-RCNN-COCO-Attack\source_data\attack_05\clean_images\000000191013.jpg,D:\project CS\Faster-RCNN-COCO-Attack\source_data\attack_05\patched_images\000000191013.jpg,True,True,0.9974070191383362,0.9944978356361389,44.10386276245117,549.29541015625,225.76165771484375,638.3984375,47.9498176574707,549.4265747070312,223.50990295410156,638.1140747070312,0.9665073913652905,0.9496293114916764,0.0029091835021972656,0.016878079873614116,True,False
attack_05,192716,car,D:\project CS\Faster-RCNN-COCO-Attack\source_data\attack_05\clean_images\000000192716.jpg,D:\project CS\Faster-RCNN-COCO-Attack\source_data\attack_05\patched_images\000000192716.jpg,True,True,0.9990453124046326,0.9989306330680847,134.9071807861328,595.268310546875,233.65823364257812,640.0,135.24136352539062,595.1776123046875,233.39447021484375,640.0,0.9635680736124845,0.9622344945640985,0.00011467933654785156,0.0013335790483860466,True,False
attack_05,193162,person,D:\project CS\Faster-RCNN-COCO-Attack\source_data\attack_05\clean_images\000000193162.jpg,D:\project CS\Faster-RCNN-COCO-Attack\source_data\attack_05\patched_images\000000193162.jpg,True,True,0.9483437538146973,0.9854006171226501,394.1078186035156,95.760498046875,487.182373046875,166.3567657470703,394.0110168457031,95.28793334960938,487.6420593261719,165.20947265625,0.9512831834493807,0.9356430539706747,-0.03705686330795288,0.015640129478705966,True,False
attack_05,193743,person,D:\project CS\Faster-RCNN-COCO-Attack\source_data\attack_05\clean_images\000000193743.jpg,D:\project CS\Faster-RCNN-COCO-Attack\source_data\attack_05\patched_images\000000193743.jpg,True,True,0.9993114471435547,0.9993813037872314,116.12718963623047,39.814231872558594,401.5273742675781,634.7379150390625,111.87540435791016,36.49118423461914,401.2630310058594,640.0,0.9692040927676031,0.9422522228266602,-6.985664367675781e-05,0.026951869940942896,True,False
attack_05,196141,car,D:\project CS\Faster-RCNN-COCO-Attack\source_data\attack_05\clean_images\000000196141.jpg,D:\project CS\Faster-RCNN-COCO-Attack\source_data\attack_05\patched_images\000000196141.jpg,True,False,0.6080796122550964,,480.7075500488281,74.63536834716797,585.0608520507812,129.82688903808594,,,,,0.7557395088960329,,,,True,True
attack_05,198805,car,D:\project CS\Faster-RCNN-COCO-Attack\source_data\attack_05\clean_images\000000198805.jpg,D:\project CS\Faster-RCNN-COCO-Attack\source_data\attack_05\patched_images\000000198805.jpg,True,True,0.9352047443389893,0.9436634182929993,10.928702354431152,231.27134704589844,135.798095703125,279.7925109863281,12.41490364074707,230.79100036621094,121.7962417602539,279.8861999511719,0.8818371846665455,0.7735621608222495,-0.00845867395401001,0.10827502384429599,True,False
attack_05,206411,person,D:\project CS\Faster-RCNN-COCO-Attack\source_data\attack_05\clean_images\000000206411.jpg,D:\project CS\Faster-RCNN-COCO-Attack\source_data\attack_05\patched_images\000000206411.jpg,True,True,0.7887582182884216,0.7508777976036072,3.9043352603912354,172.02734375,209.29580688476562,406.6310729980469,5.1619391441345215,162.47183227539062,229.05010986328125,407.3865051269531,0.6501660223355784,0.5652893321696985,0.03788042068481445,0.08487669016587995,True,False
attack_05,208363,person,D:\project CS\Faster-RCNN-COCO-Attack\source_data\attack_05\clean_images\000000208363.jpg,D:\project CS\Faster-RCNN-COCO-Attack\source_data\attack_05\patched_images\000000208363.jpg,False,False,,,,,,,,,,,,,,,False,False
attack_05,209530,person,D:\project CS\Faster-RCNN-COCO-Attack\source_data\attack_05\clean_images\000000209530.jpg,D:\project CS\Faster-RCNN-COCO-Attack\source_data\attack_05\patched_images\000000209530.jpg,True,True,0.9971029162406921,0.9961276650428772,1.0863685607910156,0.0,185.3476104736328,421.5104064941406,0.5827938318252563,0.22269898653030396,158.3805389404297,425.0751647949219,0.8888289759327963,0.924413620953426,0.0009752511978149414,-0.035584645020629746,True,False
attack_05,210915,person,D:\project CS\Faster-RCNN-COCO-Attack\source_data\attack_05\clean_images\000000210915.jpg,D:\project CS\Faster-RCNN-COCO-Attack\source_data\attack_05\patched_images\000000210915.jpg,True,True,0.9741442203521729,0.9762645959854126,133.8357696533203,80.65126037597656,422.10028076171875,289.7323303222656,134.42913818359375,84.30045318603516,421.9146728515625,288.9289855957031,0.7806909894845245,0.789459993630928,-0.002120375633239746,-0.00876900414640347,True,False
attack_05,211674,person,D:\project CS\Faster-RCNN-COCO-Attack\source_data\attack_05\clean_images\000000211674.jpg,D:\project CS\Faster-RCNN-COCO-Attack\source_data\attack_05\patched_images\000000211674.jpg,False,False,,,,,,,,,,,,,,,False,False
attack_05,213033,person,D:\project CS\Faster-RCNN-COCO-Attack\source_data\attack_05\clean_images\000000213033.jpg,D:\project CS\Faster-RCNN-COCO-Attack\source_data\attack_05\patched_images\000000213033.jpg,True,True,0.9994196891784668,0.9996317625045776,110.88105010986328,199.93426513671875,341.6124267578125,636.8140869140625,107.62945556640625,202.00669860839844,343.3086242675781,636.600830078125,0.904823425173163,0.8829645048206495,-0.00021207332611083984,0.021858920352513578,True,False
attack_05,213255,car,D:\project CS\Faster-RCNN-COCO-Attack\source_data\attack_05\clean_images\000000213255.jpg,D:\project CS\Faster-RCNN-COCO-Attack\source_data\attack_05\patched_images\000000213255.jpg,True,True,0.9976673722267151,0.9976608753204346,190.75039672851562,138.27554321289062,341.2392883300781,224.81739807128906,190.70809936523438,138.6219482421875,342.76898193359375,225.47921752929688,0.880614619009574,0.878700273655696,6.496906280517578e-06,0.001914345353878022,True,False
attack_05,213605,car,D:\project CS\Faster-RCNN-COCO-Attack\source_data\attack_05\clean_images\000000213605.jpg,D:\project CS\Faster-RCNN-COCO-Attack\source_data\attack_05\patched_images\000000213605.jpg,True,True,0.9933105707168579,0.9921470284461975,358.7698974609375,444.95947265625,479.41290283203125,593.4027709960938,358.0373840332031,447.9987487792969,480.0000305175781,592.8378295898438,0.9871241367722687,0.9724563369175973,0.0011635422706604004,0.014667799854671482,True,False
attack_05,214703,person,D:\project CS\Faster-RCNN-COCO-Attack\source_data\attack_05\clean_images\000000214703.jpg,D:\project CS\Faster-RCNN-COCO-Attack\source_data\attack_05\patched_images\000000214703.jpg,True,True,0.995496392250061,0.9928265810012817,258.9993591308594,384.8314208984375,416.2340393066406,446.5456237792969,258.5142822265625,384.7516784667969,410.9139404296875,447.4022521972656,0.7378341851769018,0.7516409141554713,0.002669811248779297,-0.013806728978569494,True,False
attack_05,215723,car,D:\project CS\Faster-RCNN-COCO-Attack\source_data\attack_05\clean_images\000000215723.jpg,D:\project CS\Faster-RCNN-COCO-Attack\source_data\attack_05\patched_images\000000215723.jpg,True,True,0.9264695048332214,0.9317699074745178,2.5161232948303223,80.86978149414062,640.0,479.6813659667969,3.8781073093414307,82.42394256591797,640.0,479.4493713378906,0.9446230084726347,0.9469355204054454,-0.005300402641296387,-0.002312511932810679,True,False
attack_05,216516,person,D:\project CS\Faster-RCNN-COCO-Attack\source_data\attack_05\clean_images\000000216516.jpg,D:\project CS\Faster-RCNN-COCO-Attack\source_data\attack_05\patched_images\000000216516.jpg,True,True,0.9995474219322205,0.9995943903923035,126.13837432861328,119.56012725830078,244.10594177246094,592.5889892578125,124.1177749633789,122.1590805053711,246.57427978515625,591.8599243164062,0.8946914691269826,0.8817378068243789,-4.696846008300781e-05,0.012953662302603752,True,False
attack_05,222094,car,D:\project CS\Faster-RCNN-COCO-Attack\source_data\attack_05\clean_images\000000222094.jpg,D:\project CS\Faster-RCNN-COCO-Attack\source_data\attack_05\patched_images\000000222094.jpg,True,True,0.6081722378730774,0.6124534010887146,26.285175323486328,213.44187927246094,110.69696044921875,242.82345581054688,27.772130966186523,213.87142944335938,110.56703186035156,243.04330444335938,0.8754290339583621,0.8654439704006259,-0.004281163215637207,0.009985063557736207,True,False
attack_05,223959,person,D:\project CS\Faster-RCNN-COCO-Attack\source_data\attack_05\clean_images\000000223959.jpg,D:\project CS\Faster-RCNN-COCO-Attack\source_data\attack_05\patched_images\000000223959.jpg,True,True,0.998860239982605,0.9987911581993103,146.253662109375,25.394197463989258,311.900146484375,623.0799560546875,146.0149383544922,25.14168357849121,311.0893249511719,620.0602416992188,0.9321077291971437,0.9329963210919825,6.908178329467773e-05,-0.0008885918948388083,True,False
attack_05,224724,car,D:\project CS\Faster-RCNN-COCO-Attack\source_data\attack_05\clean_images\000000224724.jpg,D:\project CS\Faster-RCNN-COCO-Attack\source_data\attack_05\patched_images\000000224724.jpg,True,True,0.9370490312576294,0.8720783591270447,288.9454650878906,510.1380615234375,424.1025695800781,565.189208984375,289.430419921875,509.62158203125,424.1828918457031,566.2319946289062,0.9281669530417217,0.9130819903318361,0.06497067213058472,0.015084962709885574,True,False
attack_05,226417,car,D:\project CS\Faster-RCNN-COCO-Attack\source_data\attack_05\clean_images\000000226417.jpg,D:\project CS\Faster-RCNN-COCO-Attack\source_data\attack_05\patched_images\000000226417.jpg,True,True,0.9915334582328796,0.9910775423049927,155.59571838378906,182.23513793945312,198.37147521972656,219.46371459960938,155.1762237548828,181.64492797851562,197.89089965820312,219.58192443847656,0.9311322885674745,0.9474958395464,0.0004559159278869629,-0.0163635509789255,True,False
attack_05,228214,person,D:\project CS\Faster-RCNN-COCO-Attack\source_data\attack_05\clean_images\000000228214.jpg,D:\project CS\Faster-RCNN-COCO-Attack\source_data\attack_05\patched_images\000000228214.jpg,True,True,0.9977017045021057,0.9986603260040283,2.5737807750701904,42.34548568725586,397.0531921386719,640.0,2.394059658050537,36.039398193359375,391.96929931640625,632.4951782226562,0.9087081513171354,0.9417451817099353,-0.0009586215019226074,-0.033037030392799815,True,False
attack_05,228942,car,D:\project CS\Faster-RCNN-COCO-Attack\source_data\attack_05\clean_images\000000228942.jpg,D:\project CS\Faster-RCNN-COCO-Attack\source_data\attack_05\patched_images\000000228942.jpg,True,True,0.9998236298561096,0.9996978044509888,1.0910100936889648,130.16355895996094,385.36395263671875,299.6667175292969,2.8927643299102783,131.93081665039062,386.51654052734375,302.2068176269531,0.9641865504767716,0.9525295802918637,0.0001258254051208496,0.011656970184907856,True,False
attack_05,231508,car,D:\project CS\Faster-RCNN-COCO-Attack\source_data\attack_05\clean_images\000000231508.jpg,D:\project CS\Faster-RCNN-COCO-Attack\source_data\attack_05\patched_images\000000231508.jpg,True,True,0.6385167241096497,0.7147586345672607,127.68099212646484,103.42312622070312,185.1417999267578,156.69493103027344,127.72676849365234,103.6487808227539,185.38832092285156,155.556884765625,0.518264571852746,0.5244714410018461,-0.07624191045761108,-0.006206869149100069,True,False
attack_05,232692,person,D:\project CS\Faster-RCNN-COCO-Attack\source_data\attack_05\clean_images\000000232692.jpg,D:\project CS\Faster-RCNN-COCO-Attack\source_data\attack_05\patched_images\000000232692.jpg,True,True,0.9992663264274597,0.99885094165802,253.52188110351562,42.38145446777344,396.3376159667969,203.8793487548828,253.3412628173828,41.70338439941406,404.75469970703125,203.48056030273438,0.8868405401629118,0.8644624626353807,0.00041538476943969727,0.02237807752753107,True,False
attack_05,236845,car,D:\project CS\Faster-RCNN-COCO-Attack\source_data\attack_05\clean_images\000000236845.jpg,D:\project CS\Faster-RCNN-COCO-Attack\source_data\attack_05\patched_images\000000236845.jpg,True,True,0.9963219165802002,0.9801945686340332,48.59474563598633,426.9515380859375,100.85569763183594,467.3905944824219,48.374351501464844,425.68377685546875,102.09226989746094,466.5247802734375,0.9193052964642401,0.8776111622201865,0.016127347946166992,0.04169413424405355,True,False
attack_05,242411,car,D:\project CS\Faster-RCNN-COCO-Attack\source_data\attack_05\clean_images\000000242411.jpg,D:\project CS\Faster-RCNN-COCO-Attack\source_data\attack_05\patched_images\000000242411.jpg,True,True,0.9548961520195007,0.9565805792808533,286.6571044921875,602.8409423828125,423.3684387207031,638.6806030273438,288.5937194824219,601.117431640625,423.9999694824219,639.495361328125,0.8073660574719922,0.856292874672087,-0.001684427261352539,-0.04892681720009484,True,False
attack_05,245311,person,D:\project CS\Faster-RCNN-COCO-Attack\source_data\attack_05\clean_images\000000245311.jpg,D:\project CS\Faster-RCNN-COCO-Attack\source_data\attack_05\patched_images\000000245311.jpg,True,True,0.9993177652359009,0.9991911053657532,180.57493591308594,78.95008850097656,360.8163146972656,403.8729248046875,180.71388244628906,80.96526336669922,356.53277587890625,403.6119079589844,0.8711361315380494,0.8546930960336643,0.00012665987014770508,0.016443035504385084,True,False
attack_05,245448,person,D:\project CS\Faster-RCNN-COCO-Attack\source_data\attack_05\clean_images\000000245448.jpg,D:\project CS\Faster-RCNN-COCO-Attack\source_data\attack_05\patched_images\000000245448.jpg,True,True,0.9993771910667419,0.9993155002593994,157.0354461669922,114.47354125976562,279.1453857421875,417.8358459472656,156.90138244628906,114.32964324951172,273.57623291015625,417.4661560058594,0.9488834900599209,0.9031315580961758,6.16908073425293e-05,0.04575193196374505,True,False
attack_05,246883,person,D:\project CS\Faster-RCNN-COCO-Attack\source_data\attack_05\clean_images\000000246883.jpg,D:\project CS\Faster-RCNN-COCO-Attack\source_data\attack_05\patched_images\000000246883.jpg,True,True,0.9984633922576904,0.9988335967063904,256.6631774902344,224.44900512695312,306.5215759277344,352.7464599609375,256.6297302246094,224.44212341308594,306.6285400390625,353.4051513671875,0.9335930638743837,0.926166553621364,-0.00037020444869995117,0.007426510253019658,True,False
attack_05,254368,person,D:\project CS\Faster-RCNN-COCO-Attack\source_data\attack_05\clean_images\000000254368.jpg,D:\project CS\Faster-RCNN-COCO-Attack\source_data\attack_05\patched_images\000000254368.jpg,True,True,0.9257989525794983,0.8876832127571106,25.020715713500977,70.16081237792969,392.0,520.9666137695312,32.3202018737793,72.13909149169922,392.0,529.552978515625,0.8353701562669169,0.8321369640886713,0.038115739822387695,0.003233192178245581,True,False
attack_05,259830,person,D:\project CS\Faster-RCNN-COCO-Attack\source_data\attack_05\clean_images\000000259830.jpg,D:\project CS\Faster-RCNN-COCO-Attack\source_data\attack_05\patched_images\000000259830.jpg,True,True,0.9893590211868286,0.9805929660797119,0.0,348.6692810058594,35.313541412353516,517.0599975585938,0.0,349.13165283203125,35.131343841552734,508.2034912109375,0.6298807193376644,0.6643420189022853,0.0087660551071167,-0.03446129956462085,True,False
attack_05,260266,car,D:\project CS\Faster-RCNN-COCO-Attack\source_data\attack_05\clean_images\000000260266.jpg,D:\project CS\Faster-RCNN-COCO-Attack\source_data\attack_05\patched_images\000000260266.jpg,True,True,0.9970722198486328,0.9966225624084473,51.157405853271484,514.999755859375,124.02601623535156,552.4489135742188,50.58668518066406,514.9315185546875,126.37422180175781,552.1111450195312,0.9367713166423702,0.9358075931238994,0.0004496574401855469,0.0009637235184708492,True,False
attack_05,261036,person,D:\project CS\Faster-RCNN-COCO-Attack\source_data\attack_05\clean_images\000000261036.jpg,D:\project CS\Faster-RCNN-COCO-Attack\source_data\attack_05\patched_images\000000261036.jpg,True,True,0.9994043111801147,0.9988663196563721,44.51652145385742,125.7825927734375,145.7908935546875,454.7441711425781,42.616973876953125,125.85234069824219,145.78292846679688,455.9488830566406,0.9386313713849596,0.9525219353705564,0.0005379915237426758,-0.013890563985596849,True,False
attack_05,261097,person,D:\project CS\Faster-RCNN-COCO-Attack\source_data\attack_05\clean_images\000000261097.jpg,D:\project CS\Faster-RCNN-COCO-Attack\source_data\attack_05\patched_images\000000261097.jpg,False,False,,,,,,,,,,,,,,,False,False
attack_05,263068,person,D:\project CS\Faster-RCNN-COCO-Attack\source_data\attack_05\clean_images\000000263068.jpg,D:\project CS\Faster-RCNN-COCO-Attack\source_data\attack_05\patched_images\000000263068.jpg,True,True,0.999445378780365,0.9994528889656067,199.08897399902344,43.694705963134766,281.5312194824219,209.39427185058594,198.3789520263672,43.592803955078125,280.5036315917969,207.73977661132812,0.9182812980591744,0.9280083402876135,-7.510185241699219e-06,-0.00972704222843912,True,False
attack_05,263463,car,D:\project CS\Faster-RCNN-COCO-Attack\source_data\attack_05\clean_images\000000263463.jpg,D:\project CS\Faster-RCNN-COCO-Attack\source_data\attack_05\patched_images\000000263463.jpg,True,True,0.9213261008262634,0.9247998595237732,68.86930084228516,56.77874755859375,546.5679321289062,407.24896240234375,71.67677307128906,68.3793716430664,505.3145751953125,384.1900939941406,0.7960635046314627,0.6948249846875989,-0.0034737586975097656,0.10123851994386379,True,False
attack_05,265816,person,D:\project CS\Faster-RCNN-COCO-Attack\source_data\attack_05\clean_images\000000265816.jpg,D:\project CS\Faster-RCNN-COCO-Attack\source_data\attack_05\patched_images\000000265816.jpg,True,True,0.9970083832740784,0.9631788730621338,375.00579833984375,219.8207244873047,448.52447509765625,325.8539123535156,371.67578125,219.03323364257812,449.0057067871094,321.6147766113281,0.9136785197832381,0.8607006736512571,0.03382951021194458,0.05297784613198098,True,False
attack_05,269942,car,D:\project CS\Faster-RCNN-COCO-Attack\source_data\attack_05\clean_images\000000269942.jpg,D:\project CS\Faster-RCNN-COCO-Attack\source_data\attack_05\patched_images\000000269942.jpg,True,True,0.9979945421218872,0.9941068887710571,92.23323822021484,461.04278564453125,152.5902862548828,509.09075927734375,92.16507720947266,460.822021484375,153.00730895996094,509.14013671875,0.9610333864171017,0.9568568016425008,0.003887653350830078,0.004176584774600922,True,False
attack_05,270908,person,D:\project CS\Faster-RCNN-COCO-Attack\source_data\attack_05\clean_images\000000270908.jpg,D:\project CS\Faster-RCNN-COCO-Attack\source_data\attack_05\patched_images\000000270908.jpg,True,True,0.9981881976127625,0.9971812963485718,15.679282188415527,29.273048400878906,365.6136779785156,204.50991821289062,23.804903030395508,24.394033432006836,368.6281433105469,206.27293395996094,0.9357100664065047,0.9398476501911089,0.0010069012641906738,-0.004137583784604271,True,False
attack_05,273198,car,D:\project CS\Faster-RCNN-COCO-Attack\source_data\attack_05\clean_images\000000273198.jpg,D:\project CS\Faster-RCNN-COCO-Attack\source_data\attack_05\patched_images\000000273198.jpg,True,True,0.938864529132843,0.9365331530570984,255.16944885253906,0.5436551570892334,386.98907470703125,36.13294219970703,255.51373291015625,0.0,387.73077392578125,34.154571533203125,0.8865646957099268,0.9503259065164861,0.002331376075744629,-0.06376121080655928,True,False
attack_05,273715,person,D:\project CS\Faster-RCNN-COCO-Attack\source_data\attack_05\clean_images\000000273715.jpg,D:\project CS\Faster-RCNN-COCO-Attack\source_data\attack_05\patched_images\000000273715.jpg,True,True,0.9990611672401428,0.9991976618766785,442.333984375,157.81402587890625,494.9421691894531,300.450439453125,445.6078796386719,157.79751586914062,495.83758544921875,300.13897705078125,0.8252742913955957,0.7863332550051108,-0.00013649463653564453,0.03894103639048496,True,False
attack_05,274411,car,D:\project CS\Faster-RCNN-COCO-Attack\source_data\attack_05\clean_images\000000274411.jpg,D:\project CS\Faster-RCNN-COCO-Attack\source_data\attack_05\patched_images\000000274411.jpg,True,True,0.8936898112297058,0.8780917525291443,29.616804122924805,161.2716522216797,402.20892333984375,388.4738464355469,3.5916450023651123,157.22288513183594,406.0169677734375,404.6565246582031,0.6636805274588814,0.767582418408574,0.015598058700561523,-0.1039018909496926,True,False
attack_05,275749,person,D:\project CS\Faster-RCNN-COCO-Attack\source_data\attack_05\clean_images\000000275749.jpg,D:\project CS\Faster-RCNN-COCO-Attack\source_data\attack_05\patched_images\000000275749.jpg,True,True,0.998957633972168,0.9993371367454529,315.2802429199219,124.67396545410156,399.954345703125,355.46575927734375,313.6883850097656,123.97061157226562,399.5528869628906,348.5512390136719,0.9451804268701428,0.9557910661821732,-0.0003795027732849121,-0.010610639312030434,True,False
attack_05,276018,person,D:\project CS\Faster-RCNN-COCO-Attack\source_data\attack_05\clean_images\000000276018.jpg,D:\project CS\Faster-RCNN-COCO-Attack\source_data\attack_05\patched_images\000000276018.jpg,False,False,,,,,,,,,,,,,,,False,False
attack_05,276707,car,D:\project CS\Faster-RCNN-COCO-Attack\source_data\attack_05\clean_images\000000276707.jpg,D:\project CS\Faster-RCNN-COCO-Attack\source_data\attack_05\patched_images\000000276707.jpg,True,True,0.9744898080825806,0.9828107357025146,0.8144403100013733,447.7922058105469,109.00479125976562,480.0000305175781,0.2152559906244278,449.37408447265625,110.15998840332031,480.0000305175781,0.8990863247414674,0.9592056725792364,-0.008320927619934082,-0.060119347837768955,True,False
attack_05,276720,car,D:\project CS\Faster-RCNN-COCO-Attack\source_data\attack_05\clean_images\000000276720.jpg,D:\project CS\Faster-RCNN-COCO-Attack\source_data\attack_05\patched_images\000000276720.jpg,True,True,0.6447155475616455,0.2770524322986603,269.4693908691406,281.73406982421875,309.8323059082031,315.56268310546875,269.30560302734375,282.0035095214844,309.4667053222656,315.2589111328125,0.7518642946965299,0.7303344381901574,0.36766311526298523,0.021529856506372513,True,False
attack_05,277005,car,D:\project CS\Faster-RCNN-COCO-Attack\source_data\attack_05\clean_images\000000277005.jpg,D:\project CS\Faster-RCNN-COCO-Attack\source_data\attack_05\patched_images\000000277005.jpg,True,True,0.8248025178909302,0.9365079402923584,414.06268310546875,263.4010314941406,549.7820434570312,333.98040771484375,411.2970886230469,263.68402099609375,550.0751953125,332.762451171875,0.7015183688110727,0.7020739274074775,-0.11170542240142822,-0.0005555585964048815,True,False
attack_05,278749,car,D:\project CS\Faster-RCNN-COCO-Attack\source_data\attack_05\clean_images\000000278749.jpg,D:\project CS\Faster-RCNN-COCO-Attack\source_data\attack_05\patched_images\000000278749.jpg,True,True,0.9935696125030518,0.9788438081741333,81.6985855102539,108.87378692626953,115.36660766601562,127.027587890625,81.92446899414062,108.85636138916016,115.02356719970703,126.74591064453125,0.8200561009920713,0.7944635010248584,0.014725804328918457,0.02559259996721286,True,False
attack_05,279730,person,D:\project CS\Faster-RCNN-COCO-Attack\source_data\attack_05\clean_images\000000279730.jpg,D:\project CS\Faster-RCNN-COCO-Attack\source_data\attack_05\patched_images\000000279730.jpg,True,True,0.7863481640815735,0.9045945405960083,201.0914306640625,212.317626953125,374.243896484375,333.0,180.87448120117188,199.3208465576172,382.3481750488281,332.2486267089844,0.8861388844805501,0.7995734396279578,-0.11824637651443481,0.08656544485259232,True,False
attack_05,280891,person,D:\project CS\Faster-RCNN-COCO-Attack\source_data\attack_05\clean_images\000000280891.jpg,D:\project CS\Faster-RCNN-COCO-Attack\source_data\attack_05\patched_images\000000280891.jpg,True,True,0.9975970387458801,0.9979903697967529,125.07618713378906,96.46662902832031,416.2148742675781,473.8761291503906,112.8022689819336,101.15131378173828,417.31634521484375,479.2912292480469,0.8714485346664874,0.8821590687388413,-0.00039333105087280273,-0.010710534072353894,True,False
attack_05,284725,car,D:\project CS\Faster-RCNN-COCO-Attack\source_data\attack_05\clean_images\000000284725.jpg,D:\project CS\Faster-RCNN-COCO-Attack\source_data\attack_05\patched_images\000000284725.jpg,True,True,0.9993588328361511,0.9991951584815979,146.0795135498047,285.02825927734375,378.81365966796875,374.6063232421875,145.39158630371094,286.5391845703125,378.286376953125,374.5367736816406,0.9177229276081459,0.9315210331935936,0.00016367435455322266,-0.013798105585447695,True,False
attack_05,287291,car,D:\project CS\Faster-RCNN-COCO-Attack\source_data\attack_05\clean_images\000000287291.jpg,D:\project CS\Faster-RCNN-COCO-Attack\source_data\attack_05\patched_images\000000287291.jpg,True,True,0.9701513648033142,0.804015040397644,0.0,196.291015625,127.40323638916016,375.0,0.0,208.50743103027344,126.11163330078125,375.0,0.803287306198668,0.8539936608399423,0.16613632440567017,-0.050706354641274376,True,False
attack_05,289594,car,D:\project CS\Faster-RCNN-COCO-Attack\source_data\attack_05\clean_images\000000289594.jpg,D:\project CS\Faster-RCNN-COCO-Attack\source_data\attack_05\patched_images\000000289594.jpg,True,True,0.9946808218955994,0.9809212684631348,23.00506019592285,268.53045654296875,65.16947174072266,304.0049743652344,22.913021087646484,268.1376037597656,64.07521057128906,304.2845458984375,0.942661961902507,0.9205880266816381,0.0137595534324646,0.022073935220868868,True,False
attack_05,289960,person,D:\project CS\Faster-RCNN-COCO-Attack\source_data\attack_05\clean_images\000000289960.jpg,D:\project CS\Faster-RCNN-COCO-Attack\source_data\attack_05\patched_images\000000289960.jpg,True,True,0.9998219609260559,0.9998687505722046,442.2068176269531,290.0189208984375,490.3851013183594,396.6248474121094,442.77044677734375,290.4299011230469,489.6467590332031,396.7112121582031,0.9599108008573555,0.9339118531109145,-4.678964614868164e-05,0.02599894774644096,True,False
attack_05,293071,car,D:\project CS\Faster-RCNN-COCO-Attack\source_data\attack_05\clean_images\000000293071.jpg,D:\project CS\Faster-RCNN-COCO-Attack\source_data\attack_05\patched_images\000000293071.jpg,True,True,0.9967033267021179,0.9932960867881775,73.38241577148438,149.35487365722656,279.1780090332031,231.2130126953125,71.71739196777344,150.2570343017578,278.5542907714844,231.66903686523438,0.9804203053527725,0.9539236384692313,0.0034072399139404297,0.02649666688354113,True,False
attack_05,293300,person,D:\project CS\Faster-RCNN-COCO-Attack\source_data\attack_05\clean_images\000000293300.jpg,D:\project CS\Faster-RCNN-COCO-Attack\source_data\attack_05\patched_images\000000293300.jpg,True,True,0.9486911296844482,0.9463112354278564,0.6597375869750977,283.65716552734375,160.1547393798828,426.9847412109375,0.0,288.94647216796875,105.66964721679688,426.3005065917969,0.5409046536497212,0.7978645863328739,0.002379894256591797,-0.25695993268315276,True,False
attack_05,295420,car,D:\project CS\Faster-RCNN-COCO-Attack\source_data\attack_05\clean_images\000000295420.jpg,D:\project CS\Faster-RCNN-COCO-Attack\source_data\attack_05\patched_images\000000295420.jpg,True,True,0.9990988969802856,0.9988914132118225,59.50348663330078,290.04827880859375,91.5958251953125,318.1214904785156,58.90945053100586,290.0477600097656,91.69082641601562,318.2417907714844,0.9316708342562652,0.929856387529975,0.00020748376846313477,0.0018144467262901642,True,False
attack_05,295809,car,D:\project CS\Faster-RCNN-COCO-Attack\source_data\attack_05\clean_images\000000295809.jpg,D:\project CS\Faster-RCNN-COCO-Attack\source_data\attack_05\patched_images\000000295809.jpg,True,True,0.6863856911659241,0.6385378241539001,50.37861633300781,104.57826232910156,145.85263061523438,140.55441284179688,49.46901321411133,103.66230010986328,152.7825469970703,142.2804412841797,0.9045241879118193,0.9335414283286165,0.047847867012023926,-0.029017240416797208,True,False
attack_05,296649,car,D:\project CS\Faster-RCNN-COCO-Attack\source_data\attack_05\clean_images\000000296649.jpg,D:\project CS\Faster-RCNN-COCO-Attack\source_data\attack_05\patched_images\000000296649.jpg,True,True,0.9883753061294556,0.9890150427818298,421.1389465332031,327.9729309082031,639.1673583984375,427.0,423.4836120605469,328.41168212890625,639.503662109375,427.0,0.9093424743601136,0.9246600851195038,-0.0006397366523742676,-0.015317610759390199,True,False
attack_05,297578,car,D:\project CS\Faster-RCNN-COCO-Attack\source_data\attack_05\clean_images\000000297578.jpg,D:\project CS\Faster-RCNN-COCO-Attack\source_data\attack_05\patched_images\000000297578.jpg,False,True,,0.7476071119308472,,,,,415.8909606933594,93.62939453125,477.790771484375,204.61671447753906,,0.8313191961439802,,,False,False
attack_05,299887,person,D:\project CS\Faster-RCNN-COCO-Attack\source_data\attack_05\clean_images\000000299887.jpg,D:\project CS\Faster-RCNN-COCO-Attack\source_data\attack_05\patched_images\000000299887.jpg,True,True,0.998938262462616,0.9993571639060974,207.85101318359375,104.38273620605469,430.2219543457031,480.0000305175781,208.2664337158203,107.22525024414062,407.5473327636719,477.9782409667969,0.9198602916239818,0.8299320739952932,-0.0004189014434814453,0.08992821762868852,True,False
attack_05,301135,car,D:\project CS\Faster-RCNN-COCO-Attack\source_data\attack_05\clean_images\000000301135.jpg,D:\project CS\Faster-RCNN-COCO-Attack\source_data\attack_05\patched_images\000000301135.jpg,True,True,0.9965152740478516,0.9963734745979309,297.8616027832031,348.650146484375,409.148193359375,396.9283142089844,298.13446044921875,348.1954040527344,409.0993957519531,396.5725402832031,0.9285061973011041,0.928478441034854,0.0001417994499206543,2.775626625006744e-05,True,False
attack_05,301376,car,D:\project CS\Faster-RCNN-COCO-Attack\source_data\attack_05\clean_images\000000301376.jpg,D:\project CS\Faster-RCNN-COCO-Attack\source_data\attack_05\patched_images\000000301376.jpg,True,True,0.9967888593673706,0.9950630068778992,0.19602227210998535,384.83111572265625,95.5949478149414,478.4261169433594,0.02797505259513855,384.81939697265625,95.26506042480469,477.9622802734375,0.8829072728014788,0.8806150954977588,0.0017258524894714355,0.00229217730372,True,False
attack_05,303305,car,D:\project CS\Faster-RCNN-COCO-Attack\source_data\attack_05\clean_images\000000303305.jpg,D:\project CS\Faster-RCNN-COCO-Attack\source_data\attack_05\patched_images\000000303305.jpg,True,True,0.8699292540550232,0.753078043460846,592.6489868164062,203.19618225097656,640.0,253.427978515625,591.6707763671875,203.3260955810547,639.902587890625,253.4849090576172,0.9377053434975259,0.9585203041274822,0.11685121059417725,-0.02081496062995636,True,False
attack_05,309173,person,D:\project CS\Faster-RCNN-COCO-Attack\source_data\attack_05\clean_images\000000309173.jpg,D:\project CS\Faster-RCNN-COCO-Attack\source_data\attack_05\patched_images\000000309173.jpg,False,False,,,,,,,,,,,,,,,False,False
attack_05,309964,car,D:\project CS\Faster-RCNN-COCO-Attack\source_data\attack_05\clean_images\000000309964.jpg,D:\project CS\Faster-RCNN-COCO-Attack\source_data\attack_05\patched_images\000000309964.jpg,True,True,0.873966634273529,0.9237070679664612,541.3036499023438,99.2287826538086,639.9821166992188,231.20462036132812,542.1934814453125,102.27993774414062,639.7564086914062,197.66554260253906,0.9521254609405976,0.6931401658598854,-0.04974043369293213,0.2589852950807122,True,False
attack_05,310072,car,D:\project CS\Faster-RCNN-COCO-Attack\source_data\attack_05\clean_images\000000310072.jpg,D:\project CS\Faster-RCNN-COCO-Attack\source_data\attack_05\patched_images\000000310072.jpg,True,True,0.9954713582992554,0.9972084164619446,228.3988494873047,0.4941944479942322,480.38739013671875,68.61357879638672,228.74790954589844,0.23820456862449646,480.07830810546875,69.48978424072266,0.9600294691601476,0.9621346283337308,-0.001737058162689209,-0.0021051591735831154,True,False
attack_05,311394,person,D:\project CS\Faster-RCNN-COCO-Attack\source_data\attack_05\clean_images\000000311394.jpg,D:\project CS\Faster-RCNN-COCO-Attack\source_data\attack_05\patched_images\000000311394.jpg,True,True,0.9959133267402649,0.9929363131523132,3.3561220169067383,34.816890716552734,477.5198974609375,632.2633056640625,3.455749750137329,19.826892852783203,477.20440673828125,631.9290161132812,0.9354844171162734,0.9589485690122214,0.00297701358795166,-0.02346415189594797,True,False
attack_05,311928,person,D:\project CS\Faster-RCNN-COCO-Attack\source_data\attack_05\clean_images\000000311928.jpg,D:\project CS\Faster-RCNN-COCO-Attack\source_data\attack_05\patched_images\000000311928.jpg,True,True,0.9993882179260254,0.9995552897453308,80.11723327636719,34.63685607910156,258.20501708984375,397.7995300292969,70.65950775146484,36.06561279296875,251.56748962402344,397.414306640625,0.9345615006798139,0.9178931902218825,-0.00016707181930541992,0.01666831045793138,True,False
attack_05,313454,person,D:\project CS\Faster-RCNN-COCO-Attack\source_data\attack_05\clean_images\000000313454.jpg,D:\project CS\Faster-RCNN-COCO-Attack\source_data\attack_05\patched_images\000000313454.jpg,True,True,0.9980104565620422,0.9977660179138184,8.401598930358887,76.9183349609375,141.3702392578125,382.9365539550781,7.179866790771484,78.32347106933594,139.5968780517578,382.2145690917969,0.9651369386028513,0.9625678771716683,0.00024443864822387695,0.002569061431183073,True,False
attack_05,315187,car,D:\project CS\Faster-RCNN-COCO-Attack\source_data\attack_05\clean_images\000000315187.jpg,D:\project CS\Faster-RCNN-COCO-Attack\source_data\attack_05\patched_images\000000315187.jpg,True,True,0.9804178476333618,0.9898471236228943,193.64761352539062,349.5487365722656,316.94793701171875,401.3938293457031,193.71652221679688,349.5235595703125,316.61077880859375,401.3521423339844,0.9417193091185904,0.9384657683142681,-0.00942927598953247,0.0032535408043222747,True,False
attack_05,315450,car,D:\project CS\Faster-RCNN-COCO-Attack\source_data\attack_05\clean_images\000000315450.jpg,D:\project CS\Faster-RCNN-COCO-Attack\source_data\attack_05\patched_images\000000315450.jpg,True,True,0.9983144998550415,0.9974480867385864,47.300601959228516,229.83023071289062,148.3868865966797,299.4451599121094,46.908695220947266,229.94717407226562,149.17837524414062,299.00958251953125,0.9616197744470648,0.9755906201249883,0.0008664131164550781,-0.013970845677923505,True,False
attack_05,315492,person,D:\project CS\Faster-RCNN-COCO-Attack\source_data\attack_05\clean_images\000000315492.jpg,D:\project CS\Faster-RCNN-COCO-Attack\source_data\attack_05\patched_images\000000315492.jpg,False,True,,0.6803380250930786,,,,,147.9999542236328,129.48004150390625,337.9047546386719,469.3827209472656,,0.8380634412812106,,,False,False
attack_05,318138,person,D:\project CS\Faster-RCNN-COCO-Attack\source_data\attack_05\clean_images\000000318138.jpg,D:\project CS\Faster-RCNN-COCO-Attack\source_data\attack_05\patched_images\000000318138.jpg,True,True,0.9985912442207336,0.9988113641738892,125.94574737548828,43.737815856933594,480.0000305175781,639.8143920898438,116.61956787109375,44.320987701416016,480.0000305175781,634.52978515625,0.9633384891492338,0.9798964794331066,-0.00022011995315551758,-0.016557990283872837,True,False
attack_05,319607,car,D:\project CS\Faster-RCNN-COCO-Attack\source_data\attack_05\clean_images\000000319607.jpg,D:\project CS\Faster-RCNN-COCO-Attack\source_data\attack_05\patched_images\000000319607.jpg,False,False,,,,,,,,,,,,,,,False,False
attack_05,320490,person,D:\project CS\Faster-RCNN-COCO-Attack\source_data\attack_05\clean_images\000000320490.jpg,D:\project CS\Faster-RCNN-COCO-Attack\source_data\attack_05\patched_images\000000320490.jpg,True,True,0.9996299743652344,0.9998579025268555,312.9578857421875,203.95053100585938,471.52020263671875,425.9556579589844,314.15350341796875,205.3079376220703,467.6798400878906,426.0000305175781,0.94782229749449,0.9645866330777859,-0.00022792816162109375,-0.01676433558329593,True,False
attack_05,322163,person,D:\project CS\Faster-RCNN-COCO-Attack\source_data\attack_05\clean_images\000000322163.jpg,D:\project CS\Faster-RCNN-COCO-Attack\source_data\attack_05\patched_images\000000322163.jpg,True,True,0.9987221360206604,0.9993481040000916,17.023664474487305,58.66913604736328,263.5460510253906,407.2467956542969,17.655481338500977,56.74577713012695,258.62408447265625,417.5895690917969,0.8880022438826742,0.9119493244374605,-0.0006259679794311523,-0.023947080554786226,True,False
attack_05,323571,car,D:\project CS\Faster-RCNN-COCO-Attack\source_data\attack_05\clean_images\000000323571.jpg,D:\project CS\Faster-RCNN-COCO-Attack\source_data\attack_05\patched_images\000000323571.jpg,True,True,0.28802788257598877,0.7825594544410706,76.6630859375,594.6427612304688,151.93885803222656,628.9285278320312,74.58143615722656,593.1769409179688,150.92425537109375,627.2071533203125,0.9019259886609593,0.8996291314861359,-0.4945315718650818,0.002296857174823419,True,False
attack_05,324158,car,D:\project CS\Faster-RCNN-COCO-Attack\source_data\attack_05\clean_images\000000324158.jpg,D:\project CS\Faster-RCNN-COCO-Attack\source_data\attack_05\patched_images\000000324158.jpg,False,False,,,,,,,,,,,,,,,False,False
attack_05,325483,person,D:\project CS\Faster-RCNN-COCO-Attack\source_data\attack_05\clean_images\000000325483.jpg,D:\project CS\Faster-RCNN-COCO-Attack\source_data\attack_05\patched_images\000000325483.jpg,True,True,0.9994244575500488,0.9994682669639587,118.9916000366211,100.25782775878906,304.8733215332031,480.0000305175781,119.24697875976562,100.84513854980469,303.5410461425781,480.0000305175781,0.9771954707045395,0.9871405168480619,-4.380941390991211e-05,-0.009945046143522429,True,False
attack_05,326128,person,D:\project CS\Faster-RCNN-COCO-Attack\source_data\attack_05\clean_images\000000326128.jpg,D:\project CS\Faster-RCNN-COCO-Attack\source_data\attack_05\patched_images\000000326128.jpg,True,True,0.9993327260017395,0.9994198083877563,241.45237731933594,183.84930419921875,365.9437561035156,596.5950927734375,241.6887969970703,183.96728515625,365.4686279296875,596.3643188476562,0.9593510899988469,0.9546944656893444,-8.70823860168457e-05,0.004656624309502533,True,False
attack_05,326248,person,D:\project CS\Faster-RCNN-COCO-Attack\source_data\attack_05\clean_images\000000326248.jpg,D:\project CS\Faster-RCNN-COCO-Attack\source_data\attack_05\patched_images\000000326248.jpg,False,False,,,,,,,,,,,,,,,False,False
attack_05,326541,car,D:\project CS\Faster-RCNN-COCO-Attack\source_data\attack_05\clean_images\000000326541.jpg,D:\project CS\Faster-RCNN-COCO-Attack\source_data\attack_05\patched_images\000000326541.jpg,True,False,0.7939870953559875,,237.02914428710938,263.6367492675781,347.13592529296875,358.92156982421875,,,,,0.7635717944281558,,,,True,True
attack_05,326627,car,D:\project CS\Faster-RCNN-COCO-Attack\source_data\attack_05\clean_images\000000326627.jpg,D:\project CS\Faster-RCNN-COCO-Attack\source_data\attack_05\patched_images\000000326627.jpg,True,True,0.9492716193199158,0.8931000232696533,291.15045166015625,396.02734375,345.8642883300781,437.20849609375,291.6415100097656,396.6185607910156,348.87042236328125,437.39715576171875,0.9434824355484837,0.8958700662378216,0.05617159605026245,0.04761236931066204,True,False
attack_05,332901,person,D:\project CS\Faster-RCNN-COCO-Attack\source_data\attack_05\clean_images\000000332901.jpg,D:\project CS\Faster-RCNN-COCO-Attack\source_data\attack_05\patched_images\000000332901.jpg,True,True,0.9969848990440369,0.996142566204071,190.74954223632812,38.03786849975586,222.9257354736328,106.43106079101562,192.19281005859375,37.713951110839844,221.4705352783203,106.08470916748047,0.9602017971399542,0.9032722291549669,0.0008423328399658203,0.056929567984987384,True,False
attack_05,334006,car,D:\project CS\Faster-RCNN-COCO-Attack\source_data\attack_05\clean_images\000000334006.jpg,D:\project CS\Faster-RCNN-COCO-Attack\source_data\attack_05\patched_images\000000334006.jpg,True,True,0.9711243510246277,0.9812887907028198,1.040522813796997,211.9388885498047,181.4766387939453,332.63226318359375,1.3976064920425415,215.22084045410156,183.07168579101562,333.5948791503906,0.9530107513992214,0.9102382625993604,-0.010164439678192139,0.042772488799861064,True,False
attack_05,336232,car,D:\project CS\Faster-RCNN-COCO-Attack\source_data\attack_05\clean_images\000000336232.jpg,D:\project CS\Faster-RCNN-COCO-Attack\source_data\attack_05\patched_images\000000336232.jpg,False,False,,,,,,,,,,,,,,,False,False
attack_05,337055,person,D:\project CS\Faster-RCNN-COCO-Attack\source_data\attack_05\clean_images\000000337055.jpg,D:\project CS\Faster-RCNN-COCO-Attack\source_data\attack_05\patched_images\000000337055.jpg,True,True,0.9997528195381165,0.9993255138397217,133.9941864013672,3.1815853118896484,619.8121948242188,424.3995056152344,130.77523803710938,3.468853712081909,624.6744995117188,421.8572998046875,0.9732498752995195,0.9902846364930281,0.0004273056983947754,-0.017034761193508663,True,False
attack_05,338625,car,D:\project CS\Faster-RCNN-COCO-Attack\source_data\attack_05\clean_images\000000338625.jpg,D:\project CS\Faster-RCNN-COCO-Attack\source_data\attack_05\patched_images\000000338625.jpg,True,True,0.9989752769470215,0.9989032745361328,7.923842906951904,235.16943359375,123.93206787109375,280.0362548828125,7.976436138153076,235.091552734375,123.7956771850586,279.6607360839844,0.887139756891288,0.8923728219776209,7.200241088867188e-05,-0.005233065086332922,True,False
attack_05,338986,car,D:\project CS\Faster-RCNN-COCO-Attack\source_data\attack_05\clean_images\000000338986.jpg,D:\project CS\Faster-RCNN-COCO-Attack\source_data\attack_05\patched_images\000000338986.jpg,True,True,0.9739737510681152,0.9139857888221741,290.5728759765625,506.8013610839844,402.8290100097656,628.7437744140625,295.0877990722656,508.8113098144531,402.603515625,626.84619140625,0.8173725813746366,0.8751349896955137,0.05998796224594116,-0.05776240832087709,True,False
attack_05,340894,person,D:\project CS\Faster-RCNN-COCO-Attack\source_data\attack_05\clean_images\000000340894.jpg,D:\project CS\Faster-RCNN-COCO-Attack\source_data\attack_05\patched_images\000000340894.jpg,True,True,0.9915151596069336,0.9897099137306213,328.4710693359375,72.97026062011719,427.2344055175781,160.76199340820312,327.24688720703125,72.54141235351562,427.8475646972656,159.55186462402344,0.8522220907414939,0.8648169121672544,0.0018052458763122559,-0.012594821425760516,True,False
attack_05,341196,person,D:\project CS\Faster-RCNN-COCO-Attack\source_data\attack_05\clean_images\000000341196.jpg,D:\project CS\Faster-RCNN-COCO-Attack\source_data\attack_05\patched_images\000000341196.jpg,True,True,0.9996824264526367,0.9997791647911072,182.45706176757812,176.26693725585938,237.98414611816406,230.97549438476562,181.2878875732422,176.0001983642578,237.68910217285156,229.66253662109375,0.8822592068309576,0.8721473956657293,-9.673833847045898e-05,0.010111811165228302,True,False
attack_05,343496,car,D:\project CS\Faster-RCNN-COCO-Attack\source_data\attack_05\clean_images\000000343496.jpg,D:\project CS\Faster-RCNN-COCO-Attack\source_data\attack_05\patched_images\000000343496.jpg,True,True,0.8416069746017456,0.8994942903518677,256.0921936035156,197.9387969970703,307.38690185546875,226.00076293945312,258.0790100097656,198.24851989746094,307.9020080566406,225.48675537109375,0.9640113619818778,0.9101896292811804,-0.05788731575012207,0.053821732700697344,True,False
attack_05,344029,car,D:\project CS\Faster-RCNN-COCO-Attack\source_data\attack_05\clean_images\000000344029.jpg,D:\project CS\Faster-RCNN-COCO-Attack\source_data\attack_05\patched_images\000000344029.jpg,True,True,0.8442836403846741,0.8585821986198425,0.49490007758140564,224.90794372558594,41.34418869018555,275.32611083984375,0.6310943365097046,224.78062438964844,42.7631950378418,275.5075378417969,0.8443296300339416,0.8184030353555255,-0.014298558235168457,0.02592659467841607,True,False
attack_05,344909,car,D:\project CS\Faster-RCNN-COCO-Attack\source_data\attack_05\clean_images\000000344909.jpg,D:\project CS\Faster-RCNN-COCO-Attack\source_data\attack_05\patched_images\000000344909.jpg,True,True,0.971895158290863,0.9640872478485107,377.0018615722656,197.18458557128906,437.0889587402344,236.61898803710938,377.0208435058594,196.80526733398438,436.8820495605469,236.96368408203125,0.8832800781308932,0.8811229225196858,0.007807910442352295,0.0021571556112073287,True,False
attack_05,346232,car,D:\project CS\Faster-RCNN-COCO-Attack\source_data\attack_05\clean_images\000000346232.jpg,D:\project CS\Faster-RCNN-COCO-Attack\source_data\attack_05\patched_images\000000346232.jpg,False,True,,0.26447317004203796,,,,,339.5892028808594,316.1219177246094,423.2596130371094,374.6589660644531,,0.7750037727294963,,,False,False
attack_05,346968,person,D:\project CS\Faster-RCNN-COCO-Attack\source_data\attack_05\clean_images\000000346968.jpg,D:\project CS\Faster-RCNN-COCO-Attack\source_data\attack_05\patched_images\000000346968.jpg,True,True,0.9995495676994324,0.999428927898407,50.07062530517578,38.46776580810547,506.30633544921875,423.52593994140625,44.072532653808594,38.2311897277832,512.1419677734375,425.6651306152344,0.970954142819136,0.9489619507506442,0.00012063980102539062,0.02199219206849179,True,False
attack_05,349860,car,D:\project CS\Faster-RCNN-COCO-Attack\source_data\attack_05\clean_images\000000349860.jpg,D:\project CS\Faster-RCNN-COCO-Attack\source_data\attack_05\patched_images\000000349860.jpg,True,True,0.7744807600975037,0.7840396761894226,349.62139892578125,348.910888671875,386.88885498046875,378.5286865234375,351.03887939453125,349.50140380859375,386.7220764160156,377.568359375,0.9584482589771773,0.9276615862053187,-0.009558916091918945,0.030786672771858647,True,False
attack_05,351810,person,D:\project CS\Faster-RCNN-COCO-Attack\source_data\attack_05\clean_images\000000351810.jpg,D:\project CS\Faster-RCNN-COCO-Attack\source_data\attack_05\patched_images\000000351810.jpg,True,True,0.9922876358032227,0.9908062815666199,14.985655784606934,100.68632507324219,110.05406951904297,281.7081298828125,16.941743850708008,105.90000915527344,110.57056427001953,281.2438659667969,0.8301198850974527,0.8701774976651763,0.0014813542366027832,-0.040057612567723555,True,False
attack_05,352760,person,D:\project CS\Faster-RCNN-COCO-Attack\source_data\attack_05\clean_images\000000352760.jpg,D:\project CS\Faster-RCNN-COCO-Attack\source_data\attack_05\patched_images\000000352760.jpg,True,True,0.9998522996902466,0.9989499449729919,139.97555541992188,79.54928588867188,374.21307373046875,441.43438720703125,134.22607421875,75.74913787841797,374.5680236816406,441.22564697265625,0.9363494893862679,0.9067547546500696,0.0009023547172546387,0.029594734736198336,True,False
attack_05,354753,car,D:\project CS\Faster-RCNN-COCO-Attack\source_data\attack_05\clean_images\000000354753.jpg,D:\project CS\Faster-RCNN-COCO-Attack\source_data\attack_05\patched_images\000000354753.jpg,False,False,,,,,,,,,,,,,,,False,False
attack_05,354829,car,D:\project CS\Faster-RCNN-COCO-Attack\source_data\attack_05\clean_images\000000354829.jpg,D:\project CS\Faster-RCNN-COCO-Attack\source_data\attack_05\patched_images\000000354829.jpg,True,True,0.9913427829742432,0.9982619881629944,82.21172332763672,79.05091857910156,379.9917297363281,234.862548828125,83.53649139404297,78.12053680419922,382.28656005859375,234.95172119140625,0.9172290065812789,0.9016256789935944,-0.006919205188751221,0.015603327587684568,True,False
attack_05,356169,car,D:\project CS\Faster-RCNN-COCO-Attack\source_data\attack_05\clean_images\000000356169.jpg,D:\project CS\Faster-RCNN-COCO-Attack\source_data\attack_05\patched_images\000000356169.jpg,True,False,0.9605045914649963,,18.373455047607422,314.8937072753906,54.660430908203125,355.4172058105469,,,,,0.7872845289295907,,,,True,True
attack_05,357816,car,D:\project CS\Faster-RCNN-COCO-Attack\source_data\attack_05\clean_images\000000357816.jpg,D:\project CS\Faster-RCNN-COCO-Attack\source_data\attack_05\patched_images\000000357816.jpg,False,True,,0.9127128720283508,,,,,93.58341217041016,10.265461921691895,308.03936767578125,100.98817443847656,,0.5765285576495228,,,False,False
attack_05,360137,person,D:\project CS\Faster-RCNN-COCO-Attack\source_data\attack_05\clean_images\000000360137.jpg,D:\project CS\Faster-RCNN-COCO-Attack\source_data\attack_05\patched_images\000000360137.jpg,True,True,0.9372616410255432,0.9867312908172607,399.7146911621094,354.283935546875,632.9008178710938,637.0314331054688,372.42657470703125,361.97296142578125,634.14208984375,639.2214965820312,0.8938501671038867,0.7973350203472032,-0.04946964979171753,0.09651514675668349,True,False
attack_05,361103,person,D:\project CS\Faster-RCNN-COCO-Attack\source_data\attack_05\clean_images\000000361103.jpg,D:\project CS\Faster-RCNN-COCO-Attack\source_data\attack_05\patched_images\000000361103.jpg,True,True,0.9986360669136047,0.9977091550827026,272.89312744140625,295.9406433105469,332.0871887207031,419.13232421875,273.2745666503906,297.8536682128906,331.53460693359375,420.462158203125,0.9573241723925914,0.9798271644044462,0.0009269118309020996,-0.022502992011854794,True,False
attack_05,361586,person,D:\project CS\Faster-RCNN-COCO-Attack\source_data\attack_05\clean_images\000000361586.jpg,D:\project CS\Faster-RCNN-COCO-Attack\source_data\attack_05\patched_images\000000361586.jpg,False,False,,,,,,,,,,,,,,,False,False
attack_05,363188,car,D:\project CS\Faster-RCNN-COCO-Attack\source_data\attack_05\clean_images\000000363188.jpg,D:\project CS\Faster-RCNN-COCO-Attack\source_data\attack_05\patched_images\000000363188.jpg,True,True,0.895699679851532,0.9655646085739136,588.7870483398438,198.27967834472656,639.9999389648438,302.9162292480469,588.1843872070312,199.50604248046875,639.9999389648438,300.4130554199219,0.9483240345337307,0.9161115885865477,-0.06986492872238159,0.03221244594718298,True,False
attack_05,363666,person,D:\project CS\Faster-RCNN-COCO-Attack\source_data\attack_05\clean_images\000000363666.jpg,D:\project CS\Faster-RCNN-COCO-Attack\source_data\attack_05\patched_images\000000363666.jpg,True,True,0.9922873973846436,0.9938198924064636,16.19894790649414,38.867698669433594,215.88351440429688,301.7296447753906,11.970656394958496,32.89262771606445,218.05592346191406,304.190185546875,0.6845063503436667,0.6775212647465032,-0.0015324950218200684,0.006985085597163487,True,False
attack_05,365521,person,D:\project CS\Faster-RCNN-COCO-Attack\source_data\attack_05\clean_images\000000365521.jpg,D:\project CS\Faster-RCNN-COCO-Attack\source_data\attack_05\patched_images\000000365521.jpg,True,True,0.9989956021308899,0.9994427561759949,212.51553344726562,37.38725280761719,401.7861633300781,256.6742858886719,213.17401123046875,37.897621154785156,402.637939453125,258.54913330078125,0.9647416646412078,0.9646178844107393,-0.00044715404510498047,0.0001237802304685509,True,False
attack_05,365642,car,D:\project CS\Faster-RCNN-COCO-Attack\source_data\attack_05\clean_images\000000365642.jpg,D:\project CS\Faster-RCNN-COCO-Attack\source_data\attack_05\patched_images\000000365642.jpg,True,True,0.9050084352493286,0.6588347554206848,0.0,26.27574920654297,92.08516693115234,93.86102294921875,1.4191211462020874,26.341751098632812,91.68323516845703,93.78244018554688,0.9835880519593608,0.9658709298247614,0.2461736798286438,0.017717122134599417,True,False
attack_05,368335,car,D:\project CS\Faster-RCNN-COCO-Attack\source_data\attack_05\clean_images\000000368335.jpg,D:\project CS\Faster-RCNN-COCO-Attack\source_data\attack_05\patched_images\000000368335.jpg,True,True,0.6313736438751221,0.6157199740409851,0.0,130.8494110107422,111.48152923583984,543.9068603515625,0.1796627789735794,126.58663940429688,113.49568176269531,540.220703125,0.7700020260835592,0.799013663049566,0.015653669834136963,-0.029011636966006837,True,False
attack_05,369751,car,D:\project CS\Faster-RCNN-COCO-Attack\source_data\attack_05\clean_images\000000369751.jpg,D:\project CS\Faster-RCNN-COCO-Attack\source_data\attack_05\patched_images\000000369751.jpg,True,True,0.9212552905082703,0.6253494620323181,240.4072723388672,184.49713134765625,389.18829345703125,262.44183349609375,239.97335815429688,185.982666015625,385.25537109375,262.3369140625,0.7640733324769238,0.7326134359303129,0.29590582847595215,0.031459896546610855,True,False
attack_05,372260,car,D:\project CS\Faster-RCNN-COCO-Attack\source_data\attack_05\clean_images\000000372260.jpg,D:\project CS\Faster-RCNN-COCO-Attack\source_data\attack_05\patched_images\000000372260.jpg,True,True,0.9960916638374329,0.9895958304405212,1.0560245513916016,307.8033447265625,118.58589935302734,543.8135986328125,0.5242129564285278,309.6474304199219,118.47633361816406,540.4788818359375,0.8790706513261876,0.90321625421552,0.006495833396911621,-0.02414560288933243,True,False
attack_05,374545,person,D:\project CS\Faster-RCNN-COCO-Attack\source_data\attack_05\clean_images\000000374545.jpg,D:\project CS\Faster-RCNN-COCO-Attack\source_data\attack_05\patched_images\000000374545.jpg,False,False,,,,,,,,,,,,,,,False,False
attack_05,375278,person,D:\project CS\Faster-RCNN-COCO-Attack\source_data\attack_05\clean_images\000000375278.jpg,D:\project CS\Faster-RCNN-COCO-Attack\source_data\attack_05\patched_images\000000375278.jpg,True,True,0.5326871275901794,0.5816570520401001,0.5887241959571838,43.615196228027344,196.33567810058594,208.7213134765625,0.0,36.03376388549805,224.1479034423828,308.7884216308594,0.9632246169597848,0.5091888597947941,-0.048969924449920654,0.45403575716499067,True,False
attack_05,376093,person,D:\project CS\Faster-RCNN-COCO-Attack\source_data\attack_05\clean_images\000000376093.jpg,D:\project CS\Faster-RCNN-COCO-Attack\source_data\attack_05\patched_images\000000376093.jpg,True,True,0.9995049238204956,0.9994837045669556,412.1812744140625,103.47428131103516,589.0048217773438,479.54949951171875,409.228271484375,103.50282287597656,587.7105712890625,478.3917236328125,0.9492773150389524,0.9676219148169798,2.1219253540039062e-05,-0.01834459977802738,True,False
attack_05,379800,car,D:\project CS\Faster-RCNN-COCO-Attack\source_data\attack_05\clean_images\000000379800.jpg,D:\project CS\Faster-RCNN-COCO-Attack\source_data\attack_05\patched_images\000000379800.jpg,True,True,0.9911008477210999,0.9837144017219543,563.6756591796875,321.2770690917969,638.8377075195312,375.0875244140625,562.845458984375,321.16448974609375,639.8041381835938,373.9320068359375,0.9034716697125168,0.9065868301957829,0.007386445999145508,-0.0031151604832660995,True,False
attack_05,382009,person,D:\project CS\Faster-RCNN-COCO-Attack\source_data\attack_05\clean_images\000000382009.jpg,D:\project CS\Faster-RCNN-COCO-Attack\source_data\attack_05\patched_images\000000382009.jpg,True,True,0.9998409748077393,0.9997652173042297,156.1171875,13.556090354919434,453.9328308105469,426.2448425292969,171.8505859375,20.33136558532715,455.2809143066406,426.8537902832031,0.8459129479210284,0.8947722039952418,7.575750350952148e-05,-0.048859256074213375,True,False
attack_05,383289,car,D:\project CS\Faster-RCNN-COCO-Attack\source_data\attack_05\clean_images\000000383289.jpg,D:\project CS\Faster-RCNN-COCO-Attack\source_data\attack_05\patched_images\000000383289.jpg,True,True,0.993083119392395,0.9956272840499878,1.1748902797698975,162.21681213378906,459.9075012207031,434.8722229003906,2.7178590297698975,162.1349639892578,438.578125,434.9756774902344,0.7493476471563593,0.7818936780640473,-0.0025441646575927734,-0.03254603090768804,True,False
attack_05,384468,car,D:\project CS\Faster-RCNN-COCO-Attack\source_data\attack_05\clean_images\000000384468.jpg,D:\project CS\Faster-RCNN-COCO-Attack\source_data\attack_05\patched_images\000000384468.jpg,True,True,0.9778190851211548,0.9789944291114807,0.3609571158885956,261.2987976074219,94.2837905883789,381.3323974609375,0.0,260.3317565917969,95.01132202148438,381.33184814453125,0.8660983739082286,0.8556187812022081,-0.0011753439903259277,0.010479592706020502,True,False
attack_05,386210,car,D:\project CS\Faster-RCNN-COCO-Attack\source_data\attack_05\clean_images\000000386210.jpg,D:\project CS\Faster-RCNN-COCO-Attack\source_data\attack_05\patched_images\000000386210.jpg,True,True,0.9693788290023804,0.3679317533969879,0.4901435673236847,101.46939086914062,58.5762825012207,139.771240234375,6.645975112915039,101.27108764648438,58.52555465698242,141.56161499023438,0.7251157087584968,0.6812624623037412,0.6014470756053925,0.043853246454755634,True,False
attack_05,389566,car,D:\project CS\Faster-RCNN-COCO-Attack\source_data\attack_05\clean_images\000000389566.jpg,D:\project CS\Faster-RCNN-COCO-Attack\source_data\attack_05\patched_images\000000389566.jpg,True,True,0.9533790946006775,0.9506213665008545,457.48004150390625,160.79241943359375,504.5247802734375,197.4613037109375,457.72637939453125,160.53402709960938,504.70654296875,196.80661010742188,0.9119439000713776,0.9286866605133338,0.002757728099822998,-0.016742760441956217,True,False
attack_05,389684,person,D:\project CS\Faster-RCNN-COCO-Attack\source_data\attack_05\clean_images\000000389684.jpg,D:\project CS\Faster-RCNN-COCO-Attack\source_data\attack_05\patched_images\000000389684.jpg,True,True,0.9986151456832886,0.9995766282081604,116.12471771240234,214.5346221923828,171.34339904785156,382.293701171875,115.04544067382812,213.55209350585938,171.36219787597656,383.5412292480469,0.6951018547525978,0.6763206299029496,-0.0009614825248718262,0.01878122484964817,True,False
attack_05,390246,person,D:\project CS\Faster-RCNN-COCO-Attack\source_data\attack_05\clean_images\000000390246.jpg,D:\project CS\Faster-RCNN-COCO-Attack\source_data\attack_05\patched_images\000000390246.jpg,True,True,0.9996771812438965,0.9994561076164246,342.01568603515625,146.48880004882812,431.4569091796875,225.39845275878906,342.62298583984375,147.75404357910156,431.40093994140625,225.0939178466797,0.8732476436879025,0.8677795907330359,0.00022107362747192383,0.005468052954866631,True,False
attack_05,390555,person,D:\project CS\Faster-RCNN-COCO-Attack\source_data\attack_05\clean_images\000000390555.jpg,D:\project CS\Faster-RCNN-COCO-Attack\source_data\attack_05\patched_images\000000390555.jpg,False,False,,,,,,,,,,,,,,,False,False
attack_05,393093,car,D:\project CS\Faster-RCNN-COCO-Attack\source_data\attack_05\clean_images\000000393093.jpg,D:\project CS\Faster-RCNN-COCO-Attack\source_data\attack_05\patched_images\000000393093.jpg,True,True,0.9860144853591919,0.9372570514678955,280.6949462890625,355.5083923339844,359.6872863769531,401.4278564453125,279.9521484375,355.6043395996094,361.0,401.46795654296875,0.9485693832494363,0.9237168984137074,0.04875743389129639,0.024852484835728883,True,False
attack_05,394510,car,D:\project CS\Faster-RCNN-COCO-Attack\source_data\attack_05\clean_images\000000394510.jpg,D:\project CS\Faster-RCNN-COCO-Attack\source_data\attack_05\patched_images\000000394510.jpg,True,True,0.9923434853553772,0.995983362197876,0.018688438460230827,0.594158947467804,360.8031311035156,213.82730102539062,1.795134425163269,3.0713746547698975,362.1737365722656,224.24172973632812,0.920474394403486,0.866046663110826,-0.0036398768424987793,0.05442773129265999,True,False
attack_05,395903,person,D:\project CS\Faster-RCNN-COCO-Attack\source_data\attack_05\clean_images\000000395903.jpg,D:\project CS\Faster-RCNN-COCO-Attack\source_data\attack_05\patched_images\000000395903.jpg,True,True,0.9909210205078125,0.9933573603630066,473.52459716796875,121.9145736694336,573.962890625,281.5180358886719,472.1789855957031,117.2739486694336,573.753662109375,279.9885559082031,0.8695339551637383,0.9137626583173518,-0.002436339855194092,-0.04422870315361349,True,False
attack_05,396863,person,D:\project CS\Faster-RCNN-COCO-Attack\source_data\attack_05\clean_images\000000396863.jpg,D:\project CS\Faster-RCNN-COCO-Attack\source_data\attack_05\patched_images\000000396863.jpg,True,True,0.9964476823806763,0.9920660853385925,108.66990661621094,23.336828231811523,207.98316955566406,262.4123229980469,121.58536529541016,21.130807876586914,208.5861053466797,269.7000732421875,0.8039318499982134,0.7190126638933787,0.00438159704208374,0.08491918610483473,True,False
attack_05,401244,person,D:\project CS\Faster-RCNN-COCO-Attack\source_data\attack_05\clean_images\000000401244.jpg,D:\project CS\Faster-RCNN-COCO-Attack\source_data\attack_05\patched_images\000000401244.jpg,True,True,0.9997283816337585,0.9996927976608276,100.92705535888672,61.486209869384766,312.978271484375,546.5722045898438,100.39688110351562,60.89570236206055,317.145751953125,558.509033203125,0.9411257365034815,0.986817850097332,3.55839729309082e-05,-0.0456921135938505,True,False
attack_05,407083,car,D:\project CS\Faster-RCNN-COCO-Attack\source_data\attack_05\clean_images\000000407083.jpg,D:\project CS\Faster-RCNN-COCO-Attack\source_data\attack_05\patched_images\000000407083.jpg,True,False,0.4093519151210785,,8.46221923828125,10.9137544631958,477.7209167480469,640.0,,,,,0.9410322622394369,,,,True,True
attack_05,407943,person,D:\project CS\Faster-RCNN-COCO-Attack\source_data\attack_05\clean_images\000000407943.jpg,D:\project CS\Faster-RCNN-COCO-Attack\source_data\attack_05\patched_images\000000407943.jpg,True,True,0.8383004069328308,0.8157943487167358,290.96832275390625,225.445556640625,542.0384521484375,425.3330383300781,296.045654296875,228.72174072265625,540.7962646484375,427.0,0.630920872274574,0.6342020044868483,0.02250605821609497,-0.003281132212274218,True,False
attack_05,410496,person,D:\project CS\Faster-RCNN-COCO-Attack\source_data\attack_05\clean_images\000000410496.jpg,D:\project CS\Faster-RCNN-COCO-Attack\source_data\attack_05\patched_images\000000410496.jpg,True,True,0.9992308616638184,0.9993243217468262,34.79274368286133,89.0797119140625,250.13409423828125,627.3739013671875,35.417476654052734,89.19229125976562,250.56993103027344,631.32568359375,0.8839597841913451,0.8775470772478425,-9.34600830078125e-05,0.0064127069435026,True,False
attack_05,410880,car,D:\project CS\Faster-RCNN-COCO-Attack\source_data\attack_05\clean_images\000000410880.jpg,D:\project CS\Faster-RCNN-COCO-Attack\source_data\attack_05\patched_images\000000410880.jpg,False,False,,,,,,,,,,,,,,,False,False
attack_05,412531,car,D:\project CS\Faster-RCNN-COCO-Attack\source_data\attack_05\clean_images\000000412531.jpg,D:\project CS\Faster-RCNN-COCO-Attack\source_data\attack_05\patched_images\000000412531.jpg,True,True,0.9907254576683044,0.9895735383033752,459.3480529785156,255.25466918945312,636.6804809570312,355.7900085449219,458.6710205078125,255.73399353027344,635.07373046875,355.37982177734375,0.9650548901276735,0.9642689430005148,0.0011519193649291992,0.000785947127158737,True,False
attack_05,414510,person,D:\project CS\Faster-RCNN-COCO-Attack\source_data\attack_05\clean_images\000000414510.jpg,D:\project CS\Faster-RCNN-COCO-Attack\source_data\attack_05\patched_images\000000414510.jpg,True,True,0.34046852588653564,0.9917452931404114,60.06755828857422,251.0049285888672,202.22439575195312,398.7636413574219,104.09846496582031,245.43170166015625,257.2886962890625,397.2356262207031,0.5789110693216153,0.542923677008468,-0.6512767672538757,0.03598739231314729,True,False
attack_05,416451,person,D:\project CS\Faster-RCNN-COCO-Attack\source_data\attack_05\clean_images\000000416451.jpg,D:\project CS\Faster-RCNN-COCO-Attack\source_data\attack_05\patched_images\000000416451.jpg,True,True,0.9991341233253479,0.999103307723999,33.18575668334961,87.18978881835938,271.17724609375,477.8624572753906,33.99071502685547,86.8564453125,275.63616943359375,477.4033203125,0.8938209306015263,0.9057371090995288,3.081560134887695e-05,-0.011916178498002417,True,False
attack_05,419408,car,D:\project CS\Faster-RCNN-COCO-Attack\source_data\attack_05\clean_images\000000419408.jpg,D:\project CS\Faster-RCNN-COCO-Attack\source_data\attack_05\patched_images\000000419408.jpg,True,True,0.9942913055419922,0.9957078695297241,16.887372970581055,187.95050048828125,96.37195587158203,215.36451721191406,17.393230438232422,187.64178466796875,95.50919342041016,215.7428741455078,0.9243619663817902,0.9189284655066131,-0.0014165639877319336,0.005433500875177133,True,False
attack_05,421455,car,D:\project CS\Faster-RCNN-COCO-Attack\source_data\attack_05\clean_images\000000421455.jpg,D:\project CS\Faster-RCNN-COCO-Attack\source_data\attack_05\patched_images\000000421455.jpg,True,True,0.9005241990089417,0.8352487683296204,36.69594192504883,0.0,466.4158020019531,371.5422668457031,4.798460006713867,2.605891227722168,464.8979797363281,375.0,0.886294670564692,0.9512380803667461,0.06527543067932129,-0.06494340980205404,True,False
attack_05,422998,person,D:\project CS\Faster-RCNN-COCO-Attack\source_data\attack_05\clean_images\000000422998.jpg,D:\project CS\Faster-RCNN-COCO-Attack\source_data\attack_05\patched_images\000000422998.jpg,True,True,0.9976562261581421,0.9952552914619446,0.0,0.0,523.8848876953125,304.5921325683594,0.0,5.238040924072266,527.9342651367188,302.09869384765625,0.9337355929745649,0.9093847082137344,0.0024009346961975098,0.02435088476083047,True,False
attack_05,423617,car,D:\project CS\Faster-RCNN-COCO-Attack\source_data\attack_05\clean_images\000000423617.jpg,D:\project CS\Faster-RCNN-COCO-Attack\source_data\attack_05\patched_images\000000423617.jpg,True,True,0.9792811870574951,0.9871628880500793,407.0788879394531,339.6172180175781,570.042236328125,469.4593811035156,406.41668701171875,340.7840576171875,572.2661743164062,471.12408447265625,0.9256001870402599,0.9060187295711145,-0.007881700992584229,0.019581457469145414,True,False
attack_05,424642,person,D:\project CS\Faster-RCNN-COCO-Attack\source_data\attack_05\clean_images\000000424642.jpg,D:\project CS\Faster-RCNN-COCO-Attack\source_data\attack_05\patched_images\000000424642.jpg,True,True,0.9998420476913452,0.9996898174285889,22.99318504333496,125.80956268310547,101.5640869140625,341.33843994140625,23.48096466064453,125.86412048339844,102.39972686767578,338.9379577636719,0.9575748244465487,0.9667376204613916,0.00015223026275634766,-0.009162796014842822,True,False
attack_05,425925,car,D:\project CS\Faster-RCNN-COCO-Attack\source_data\attack_05\clean_images\000000425925.jpg,D:\project CS\Faster-RCNN-COCO-Attack\source_data\attack_05\patched_images\000000425925.jpg,True,True,0.7798272967338562,0.8110740780830383,52.77104187011719,415.0469055175781,132.94415283203125,462.8796691894531,54.72810363769531,414.6795654296875,132.44839477539062,462.7285461425781,0.9473381139785225,0.9590547391003694,-0.03124678134918213,-0.011716625121846902,True,False
attack_05,426372,car,D:\project CS\Faster-RCNN-COCO-Attack\source_data\attack_05\clean_images\000000426372.jpg,D:\project CS\Faster-RCNN-COCO-Attack\source_data\attack_05\patched_images\000000426372.jpg,True,True,0.6773356795310974,0.36038047075271606,82.30632781982422,98.2780532836914,294.1682434082031,242.7139434814453,78.4855728149414,97.83734893798828,278.21502685546875,247.22938537597656,0.5479923101864691,0.5873320607623963,0.31695520877838135,-0.0393397505759272,True,False
attack_05,427055,car,D:\project CS\Faster-RCNN-COCO-Attack\source_data\attack_05\clean_images\000000427055.jpg,D:\project CS\Faster-RCNN-COCO-Attack\source_data\attack_05\patched_images\000000427055.jpg,True,True,0.9428513646125793,0.7573895454406738,320.42022705078125,311.6733093261719,365.9979553222656,340.7568359375,316.6331481933594,310.5078430175781,365.2684631347656,341.2259826660156,0.8892502836926123,0.876611700515725,0.18546181917190552,0.012638583176887264,True,False
attack_05,427500,car,D:\project CS\Faster-RCNN-COCO-Attack\source_data\attack_05\clean_images\000000427500.jpg,D:\project CS\Faster-RCNN-COCO-Attack\source_data\attack_05\patched_images\000000427500.jpg,True,True,0.9851714968681335,0.968778669834137,0.0,5.549234390258789,41.66429901123047,162.18357849121094,0.6430127024650574,4.3251752853393555,43.70030212402344,145.35079956054688,0.8089911962209917,0.9091636276029692,0.016392827033996582,-0.10017243138197751,True,False
attack_05,427655,car,D:\project CS\Faster-RCNN-COCO-Attack\source_data\attack_05\clean_images\000000427655.jpg,D:\project CS\Faster-RCNN-COCO-Attack\source_data\attack_05\patched_images\000000427655.jpg,True,True,0.974428117275238,0.964655339717865,220.99240112304688,225.11260986328125,279.1962890625,265.71405029296875,221.57952880859375,225.35116577148438,278.88201904296875,265.548095703125,0.7396457696698994,0.7501623401854801,0.009772777557373047,-0.010516570515580748,True,False
attack_05,427997,person,D:\project CS\Faster-RCNN-COCO-Attack\source_data\attack_05\clean_images\000000427997.jpg,D:\project CS\Faster-RCNN-COCO-Attack\source_data\attack_05\patched_images\000000427997.jpg,False,False,,,,,,,,,,,,,,,False,False
attack_05,428218,person,D:\project CS\Faster-RCNN-COCO-Attack\source_data\attack_05\clean_images\000000428218.jpg,D:\project CS\Faster-RCNN-COCO-Attack\source_data\attack_05\patched_images\000000428218.jpg,True,True,0.9996614456176758,0.999618649482727,566.5623168945312,204.89454650878906,638.2008056640625,361.396728515625,567.2583618164062,204.9306640625,638.8358154296875,361.9862060546875,0.9364590701660286,0.9324974969906275,4.279613494873047e-05,0.003961573175401134,True,False
attack_05,430961,person,D:\project CS\Faster-RCNN-COCO-Attack\source_data\attack_05\clean_images\000000430961.jpg,D:\project CS\Faster-RCNN-COCO-Attack\source_data\attack_05\patched_images\000000430961.jpg,True,True,0.9998420476913452,0.9997474551200867,37.20331954956055,1.315492868423462,385.1956787109375,314.918701171875,44.49637222290039,2.4618382453918457,381.2613830566406,313.40899658203125,0.9780339404098872,0.9739081059589245,9.459257125854492e-05,0.0041258344509627065,True,False
attack_05,432898,person,D:\project CS\Faster-RCNN-COCO-Attack\source_data\attack_05\clean_images\000000432898.jpg,D:\project CS\Faster-RCNN-COCO-Attack\source_data\attack_05\patched_images\000000432898.jpg,True,True,0.9994131326675415,0.9991999268531799,346.6338806152344,264.491455078125,439.8904724121094,484.2754821777344,346.4982604980469,264.31890869140625,439.427490234375,484.8907470703125,0.9580999541826787,0.9580409776206127,0.00021320581436157227,5.897656206599322e-05,True,False
attack_05,436738,car,D:\project CS\Faster-RCNN-COCO-Attack\source_data\attack_05\clean_images\000000436738.jpg,D:\project CS\Faster-RCNN-COCO-Attack\source_data\attack_05\patched_images\000000436738.jpg,True,True,0.996137797832489,0.9926159381866455,260.755615234375,346.2197265625,397.1073913574219,404.968505859375,261.0999450683594,346.9895935058594,396.9796142578125,404.7050476074219,0.9229048909327855,0.9426923791785248,0.003521859645843506,-0.019787488245739282,True,False
attack_05,438017,car,D:\project CS\Faster-RCNN-COCO-Attack\source_data\attack_05\clean_images\000000438017.jpg,D:\project CS\Faster-RCNN-COCO-Attack\source_data\attack_05\patched_images\000000438017.jpg,True,True,0.9861329793930054,0.9765430092811584,72.75137329101562,406.6158447265625,122.14191436767578,494.1623840332031,72.09649658203125,407.85882568359375,122.40708923339844,495.5539245605469,0.787326918202658,0.7955145301956483,0.009589970111846924,-0.00818761199299034,True,False
attack_05,438774,person,D:\project CS\Faster-RCNN-COCO-Attack\source_data\attack_05\clean_images\000000438774.jpg,D:\project CS\Faster-RCNN-COCO-Attack\source_data\attack_05\patched_images\000000438774.jpg,True,True,0.9993048906326294,0.9989914298057556,157.4528350830078,44.06317138671875,284.3235168457031,375.1559143066406,157.72482299804688,47.01387405395508,285.2771911621094,377.5886535644531,0.9008575375413058,0.8955447421313519,0.0003134608268737793,0.0053127954099538854,True,False
attack_05,441468,car,D:\project CS\Faster-RCNN-COCO-Attack\source_data\attack_05\clean_images\000000441468.jpg,D:\project CS\Faster-RCNN-COCO-Attack\source_data\attack_05\patched_images\000000441468.jpg,True,True,0.9813712239265442,0.9828649759292603,97.12385559082031,136.60081481933594,157.23851013183594,183.2464141845703,96.84783172607422,137.14462280273438,157.23434448242188,183.10025024414062,0.9508597615200329,0.9545853891087521,-0.0014937520027160645,-0.0037256275887191936,True,False
attack_05,441586,person,D:\project CS\Faster-RCNN-COCO-Attack\source_data\attack_05\clean_images\000000441586.jpg,D:\project CS\Faster-RCNN-COCO-Attack\source_data\attack_05\patched_images\000000441586.jpg,True,True,0.9992377758026123,0.9994485974311829,306.4316101074219,16.257728576660156,410.9063415527344,273.95477294921875,306.6636962890625,15.872471809387207,410.60162353515625,276.01434326171875,0.9572968079483706,0.9489478010080232,-0.00021082162857055664,0.008349006940347348,True,False
attack_05,442306,person,D:\project CS\Faster-RCNN-COCO-Attack\source_data\attack_05\clean_images\000000442306.jpg,D:\project CS\Faster-RCNN-COCO-Attack\source_data\attack_05\patched_images\000000442306.jpg,True,True,0.9991990923881531,0.9991967082023621,247.3397674560547,144.0526123046875,422.3810729980469,605.1480712890625,245.53123474121094,145.936767578125,420.5684509277344,605.1876831054688,0.9502165069170319,0.9510519606507123,2.384185791015625e-06,-0.0008354537336804357,True,False
attack_05,443969,person,D:\project CS\Faster-RCNN-COCO-Attack\source_data\attack_05\clean_images\000000443969.jpg,D:\project CS\Faster-RCNN-COCO-Attack\source_data\attack_05\patched_images\000000443969.jpg,True,True,0.3900855779647827,0.39124467968940735,183.5968780517578,30.97770118713379,397.5324401855469,272.9336853027344,185.2901153564453,108.30511474609375,476.4739074707031,272.2140808105469,0.6329588448837317,0.5822429210236757,-0.0011591017246246338,0.05071592386005597,True,False
attack_05,445834,person,D:\project CS\Faster-RCNN-COCO-Attack\source_data\attack_05\clean_images\000000445834.jpg,D:\project CS\Faster-RCNN-COCO-Attack\source_data\attack_05\patched_images\000000445834.jpg,True,True,0.9988064765930176,0.9982597231864929,424.7876892089844,181.8524169921875,515.4739379882812,414.2844543457031,424.1988830566406,182.47348022460938,517.5357055664062,414.87066650390625,0.9638357284310523,0.9816299025083715,0.0005467534065246582,-0.017794174077319203,True,False
attack_05,448256,person,D:\project CS\Faster-RCNN-COCO-Attack\source_data\attack_05\clean_images\000000448256.jpg,D:\project CS\Faster-RCNN-COCO-Attack\source_data\attack_05\patched_images\000000448256.jpg,True,True,0.9996040463447571,0.500158429145813,270.47174072265625,83.22090148925781,476.8460388183594,330.7033386230469,270.99609375,84.08650207519531,471.1150207519531,297.5620422363281,0.9451658251283728,0.7905772333978844,0.4994456171989441,0.15458859173048833,True,False
attack_05,449432,person,D:\project CS\Faster-RCNN-COCO-Attack\source_data\attack_05\clean_images\000000449432.jpg,D:\project CS\Faster-RCNN-COCO-Attack\source_data\attack_05\patched_images\000000449432.jpg,True,True,0.9907650947570801,0.9916832447052002,289.8023376464844,185.65560913085938,358.3585510253906,358.1270751953125,290.04913330078125,184.5061798095703,359.96466064453125,358.3015441894531,0.9547537691671893,0.9419494625948189,-0.0009181499481201172,0.012804306572370416,True,False
attack_05,450303,person,D:\project CS\Faster-RCNN-COCO-Attack\source_data\attack_05\clean_images\000000450303.jpg,D:\project CS\Faster-RCNN-COCO-Attack\source_data\attack_05\patched_images\000000450303.jpg,True,True,0.9940798878669739,0.995851993560791,452.2420654296875,226.51663208007812,596.2830810546875,349.3897399902344,452.1417236328125,225.83604431152344,594.7597045898438,348.550048828125,0.9459110055635933,0.9466333279070922,-0.0017721056938171387,-0.0007223223434988935,True,False
attack_05,453841,car,D:\project CS\Faster-RCNN-COCO-Attack\source_data\attack_05\clean_images\000000453841.jpg,D:\project CS\Faster-RCNN-COCO-Attack\source_data\attack_05\patched_images\000000453841.jpg,True,True,0.9990106821060181,0.997978150844574,203.10943603515625,161.45469665527344,394.1455993652344,317.0616455078125,201.8389892578125,160.77743530273438,394.0256042480469,317.9219665527344,0.8850901133837621,0.8918767398276749,0.0010325312614440918,-0.006786626443912813,True,False
attack_05,454661,car,D:\project CS\Faster-RCNN-COCO-Attack\source_data\attack_05\clean_images\000000454661.jpg,D:\project CS\Faster-RCNN-COCO-Attack\source_data\attack_05\patched_images\000000454661.jpg,True,True,0.9976100921630859,0.9983025789260864,250.87965393066406,177.6375274658203,640.0,354.91424560546875,249.03927612304688,177.1408233642578,640.0,353.2616882324219,0.9207064359651117,0.9133733303653694,-0.0006924867630004883,0.007333105599742318,True,False
attack_05,454798,person,D:\project CS\Faster-RCNN-COCO-Attack\source_data\attack_05\clean_images\000000454798.jpg,D:\project CS\Faster-RCNN-COCO-Attack\source_data\attack_05\patched_images\000000454798.jpg,True,True,0.9966623783111572,0.9950022101402283,267.3367004394531,61.63386917114258,343.5443420410156,233.88011169433594,267.1040954589844,62.82707214355469,343.1471862792969,235.7442169189453,0.8611786293141646,0.8651244617339321,0.001660168170928955,-0.0039458324197675365,True,False
attack_05,455301,person,D:\project CS\Faster-RCNN-COCO-Attack\source_data\attack_05\clean_images\000000455301.jpg,D:\project CS\Faster-RCNN-COCO-Attack\source_data\attack_05\patched_images\000000455301.jpg,True,True,0.9647433161735535,0.9890304207801819,100.52291870117188,34.156368255615234,497.03033447265625,478.8006591796875,107.7680892944336,38.999122619628906,512.3767700195312,475.24609375,0.7731435695806717,0.7587375126019444,-0.024287104606628418,0.01440605697872721,True,False
attack_05,456303,person,D:\project CS\Faster-RCNN-COCO-Attack\source_data\attack_05\clean_images\000000456303.jpg,D:\project CS\Faster-RCNN-COCO-Attack\source_data\attack_05\patched_images\000000456303.jpg,True,True,0.9196155667304993,0.720106303691864,56.94427490234375,49.51228332519531,214.0794677734375,327.6192626953125,53.26740264892578,53.72083282470703,211.1019744873047,342.67169189453125,0.5661434674795464,0.5424824903095296,0.19950926303863525,0.023660977170016806,True,False
attack_05,456394,car,D:\project CS\Faster-RCNN-COCO-Attack\source_data\attack_05\clean_images\000000456394.jpg,D:\project CS\Faster-RCNN-COCO-Attack\source_data\attack_05\patched_images\000000456394.jpg,True,True,0.886117160320282,0.7543083429336548,88.75009155273438,0.0,203.90298461914062,21.047664642333984,86.8118896484375,0.0,203.838134765625,20.8581600189209,0.9464966496898006,0.9388087949999359,0.1318088173866272,0.00768785468986477,True,False
attack_05,456496,person,D:\project CS\Faster-RCNN-COCO-Attack\source_data\attack_05\clean_images\000000456496.jpg,D:\project CS\Faster-RCNN-COCO-Attack\source_data\attack_05\patched_images\000000456496.jpg,True,True,0.9986085295677185,0.9980092644691467,147.78030395507812,64.98237609863281,289.565673828125,302.65924072265625,148.60743713378906,66.26863861083984,290.7554626464844,304.3450012207031,0.9534567939181315,0.979073884278233,0.0005992650985717773,-0.025617090360101513,True,False
attack_05,458045,person,D:\project CS\Faster-RCNN-COCO-Attack\source_data\attack_05\clean_images\000000458045.jpg,D:\project CS\Faster-RCNN-COCO-Attack\source_data\attack_05\patched_images\000000458045.jpg,True,True,0.999240517616272,0.9937228560447693,65.53649139404297,132.45570373535156,200.11114501953125,270.8630065917969,68.87511444091797,134.1324462890625,198.06610107421875,271.0709228515625,0.958150347935465,0.9142249352928427,0.0055176615715026855,0.0439254126426224,True,False
attack_05,458109,person,D:\project CS\Faster-RCNN-COCO-Attack\source_data\attack_05\clean_images\000000458109.jpg,D:\project CS\Faster-RCNN-COCO-Attack\source_data\attack_05\patched_images\000000458109.jpg,True,True,0.8881015181541443,0.9262242317199707,77.6207046508789,21.975820541381836,126.26669311523438,125.109619140625,80.58329772949219,22.882823944091797,125.72016143798828,125.92390441894531,0.6135791379186818,0.6498458951698677,-0.038122713565826416,-0.03626675725118589,True,False
attack_05,458325,car,D:\project CS\Faster-RCNN-COCO-Attack\source_data\attack_05\clean_images\000000458325.jpg,D:\project CS\Faster-RCNN-COCO-Attack\source_data\attack_05\patched_images\000000458325.jpg,True,True,0.951127827167511,0.8956020474433899,5.694124698638916,168.1923370361328,181.93565368652344,334.2898864746094,5.6188178062438965,168.82472229003906,180.963134765625,330.5029602050781,0.9056409632889694,0.8970214827226073,0.055525779724121094,0.008619480566362081,True,False
attack_05,458702,car,D:\project CS\Faster-RCNN-COCO-Attack\source_data\attack_05\clean_images\000000458702.jpg,D:\project CS\Faster-RCNN-COCO-Attack\source_data\attack_05\patched_images\000000458702.jpg,True,True,0.966093897819519,0.9763066172599792,0.39848408102989197,446.4359436035156,118.41065216064453,502.4632873535156,0.13394245505332947,446.8352355957031,119.5985336303711,502.9790954589844,0.6995022540500501,0.7038290914720703,-0.010212719440460205,-0.004326837422020224,True,False
attack_05,460147,car,D:\project CS\Faster-RCNN-COCO-Attack\source_data\attack_05\clean_images\000000460147.jpg,D:\project CS\Faster-RCNN-COCO-Attack\source_data\attack_05\patched_images\000000460147.jpg,False,False,,,,,,,,,,,,,,,False,False
attack_05,460347,car,D:\project CS\Faster-RCNN-COCO-Attack\source_data\attack_05\clean_images\000000460347.jpg,D:\project CS\Faster-RCNN-COCO-Attack\source_data\attack_05\patched_images\000000460347.jpg,True,True,0.9844894409179688,0.9857390522956848,329.171142578125,67.57698059082031,383.72259521484375,114.21501922607422,329.0943298339844,67.74177551269531,383.66485595703125,114.00712585449219,0.9268480691914177,0.9280878663275424,-0.0012496113777160645,-0.001239797136124654,True,False
attack_05,463618,person,D:\project CS\Faster-RCNN-COCO-Attack\source_data\attack_05\clean_images\000000463618.jpg,D:\project CS\Faster-RCNN-COCO-Attack\source_data\attack_05\patched_images\000000463618.jpg,True,True,0.996559202671051,0.9949260950088501,218.9038543701172,16.476268768310547,523.7444458007812,448.9365539550781,208.22433471679688,12.472418785095215,528.173583984375,451.0000305175781,0.9176747819295376,0.8781732390695208,0.0016331076622009277,0.039501542860016725,True,False
attack_05,463802,person,D:\project CS\Faster-RCNN-COCO-Attack\source_data\attack_05\clean_images\000000463802.jpg,D:\project CS\Faster-RCNN-COCO-Attack\source_data\attack_05\patched_images\000000463802.jpg,True,True,0.9826106429100037,0.9924634695053101,277.1151123046875,0.3375915586948395,635.307373046875,478.71044921875,320.66412353515625,0.0,634.6956787109375,463.95001220703125,0.8122803386433102,0.8961373116899592,-0.009852826595306396,-0.08385697304664907,True,False
attack_05,464786,person,D:\project CS\Faster-RCNN-COCO-Attack\source_data\attack_05\clean_images\000000464786.jpg,D:\project CS\Faster-RCNN-COCO-Attack\source_data\attack_05\patched_images\000000464786.jpg,True,True,0.5576322674751282,0.42876869440078735,2.6144602298736572,0.0,146.826416015625,406.8896484375,0.45331767201423645,15.328923225402832,157.73350524902344,415.1160583496094,0.8717979985248053,0.9287773259378439,0.12886357307434082,-0.05697932741303857,True,False
attack_05,464824,car,D:\project CS\Faster-RCNN-COCO-Attack\source_data\attack_05\clean_images\000000464824.jpg,D:\project CS\Faster-RCNN-COCO-Attack\source_data\attack_05\patched_images\000000464824.jpg,True,True,0.9329202175140381,0.9397023320198059,408.34356689453125,1.4763683080673218,479.6406555175781,83.98873901367188,400.9483642578125,0.6202866435050964,478.9920349121094,93.66796875,0.5491166765128405,0.5599431431474013,-0.006782114505767822,-0.010826466634560883,True,False
attack_05,465179,person,D:\project CS\Faster-RCNN-COCO-Attack\source_data\attack_05\clean_images\000000465179.jpg,D:\project CS\Faster-RCNN-COCO-Attack\source_data\attack_05\patched_images\000000465179.jpg,True,True,0.9995837807655334,0.9995138645172119,7.464563369750977,96.05679321289062,373.8094177246094,499.07415771484375,7.18721342086792,96.15967559814453,374.0,499.9060363769531,0.9657991114891287,0.9643166371439363,6.99162483215332e-05,0.0014824743451923306,True,False
attack_05,465180,person,D:\project CS\Faster-RCNN-COCO-Attack\source_data\attack_05\clean_images\000000465180.jpg,D:\project CS\Faster-RCNN-COCO-Attack\source_data\attack_05\patched_images\000000465180.jpg,True,True,0.9986554384231567,0.997974693775177,280.97967529296875,260.5541076660156,408.74578857421875,374.3991394042969,278.82037353515625,261.71783447265625,412.2387390136719,378.2261657714844,0.9093314597922845,0.9193089334459857,0.0006807446479797363,-0.009977473653701274,True,False
attack_05,466156,car,D:\project CS\Faster-RCNN-COCO-Attack\source_data\attack_05\clean_images\000000466156.jpg,D:\project CS\Faster-RCNN-COCO-Attack\source_data\attack_05\patched_images\000000466156.jpg,True,True,0.7187098264694214,0.6956719160079956,3.7057387828826904,0.0,500.0,375.0,3.5368900299072266,0.0,500.0,373.34112548828125,0.8738343269926698,0.8779556395719585,0.02303791046142578,-0.004121312579288716,True,False
attack_05,474164,car,D:\project CS\Faster-RCNN-COCO-Attack\source_data\attack_05\clean_images\000000474164.jpg,D:\project CS\Faster-RCNN-COCO-Attack\source_data\attack_05\patched_images\000000474164.jpg,True,True,0.9123814105987549,0.842545747756958,37.51618194580078,377.40478515625,117.07910919189453,429.14947509765625,36.12540054321289,378.4750061035156,120.9192123413086,428.6866760253906,0.8195739546774325,0.8954766854231936,0.06983566284179688,-0.07590273074576104,True,False
attack_05,475484,car,D:\project CS\Faster-RCNN-COCO-Attack\source_data\attack_05\clean_images\000000475484.jpg,D:\project CS\Faster-RCNN-COCO-Attack\source_data\attack_05\patched_images\000000475484.jpg,True,True,0.936154305934906,0.955674409866333,139.1446990966797,335.4908447265625,270.9830322265625,388.5906066894531,140.11276245117188,332.1147766113281,268.95306396484375,387.9594421386719,0.9409985335948223,0.8683644046114666,-0.019520103931427002,0.07263412898335575,True,False
attack_05,476119,car,D:\project CS\Faster-RCNN-COCO-Attack\source_data\attack_05\clean_images\000000476119.jpg,D:\project CS\Faster-RCNN-COCO-Attack\source_data\attack_05\patched_images\000000476119.jpg,True,True,0.9994497895240784,0.9992812275886536,242.77882385253906,76.65155029296875,442.8441467285156,196.10862731933594,242.5847930908203,76.59548950195312,443.8470458984375,195.9661407470703,0.9703753893042003,0.9745198889073146,0.0001685619354248047,-0.004144499603114249,True,False
attack_05,477288,person,D:\project CS\Faster-RCNN-COCO-Attack\source_data\attack_05\clean_images\000000477288.jpg,D:\project CS\Faster-RCNN-COCO-Attack\source_data\attack_05\patched_images\000000477288.jpg,True,True,0.9924631118774414,0.9871534705162048,191.24127197265625,70.93572235107422,381.6186218261719,592.4227294921875,193.92356872558594,75.01116180419922,385.1885070800781,590.251220703125,0.9450519724034818,0.964569858818092,0.005309641361236572,-0.019517886414610164,True,False
attack_05,478721,car,D:\project CS\Faster-RCNN-COCO-Attack\source_data\attack_05\clean_images\000000478721.jpg,D:\project CS\Faster-RCNN-COCO-Attack\source_data\attack_05\patched_images\000000478721.jpg,True,True,0.966301441192627,0.9281232357025146,368.4789123535156,237.03622436523438,434.0003662109375,282.955078125,368.032958984375,237.048095703125,434.21331787109375,285.3520202636719,0.925070226696643,0.931497358198439,0.038178205490112305,-0.0064271315017960795,True,False
attack_05,480021,car,D:\project CS\Faster-RCNN-COCO-Attack\source_data\attack_05\clean_images\000000480021.jpg,D:\project CS\Faster-RCNN-COCO-Attack\source_data\attack_05\patched_images\000000480021.jpg,True,True,0.9712932109832764,0.9538823962211609,301.7514343261719,91.6153793334961,438.8467102050781,157.04454040527344,306.0809631347656,81.35420989990234,461.39166259765625,158.15333557128906,0.7963768014520467,0.7079251692466917,0.01741081476211548,0.08845163220535501,True,False
attack_05,480944,car,D:\project CS\Faster-RCNN-COCO-Attack\source_data\attack_05\clean_images\000000480944.jpg,D:\project CS\Faster-RCNN-COCO-Attack\source_data\attack_05\patched_images\000000480944.jpg,True,True,0.994418740272522,0.9953448176383972,20.90917205810547,355.42169189453125,124.7667465209961,397.8053894042969,21.15325164794922,355.4214782714844,124.57362365722656,397.7859802246094,0.9592910002384274,0.9612675106139498,-0.0009260773658752441,-0.001976510375522378,True,False
attack_05,481390,person,D:\project CS\Faster-RCNN-COCO-Attack\source_data\attack_05\clean_images\000000481390.jpg,D:\project CS\Faster-RCNN-COCO-Attack\source_data\attack_05\patched_images\000000481390.jpg,False,False,,,,,,,,,,,,,,,False,False
attack_05,482800,person,D:\project CS\Faster-RCNN-COCO-Attack\source_data\attack_05\clean_images\000000482800.jpg,D:\project CS\Faster-RCNN-COCO-Attack\source_data\attack_05\patched_images\000000482800.jpg,True,True,0.9995198249816895,0.999377429485321,335.54620361328125,80.45211029052734,499.0274353027344,452.2455749511719,327.6219787597656,82.96485900878906,502.8375244140625,452.43853759765625,0.9772920305569519,0.9342850961821275,0.0001423954963684082,0.04300693437482439,True,False
attack_05,482917,person,D:\project CS\Faster-RCNN-COCO-Attack\source_data\attack_05\clean_images\000000482917.jpg,D:\project CS\Faster-RCNN-COCO-Attack\source_data\attack_05\patched_images\000000482917.jpg,True,True,0.9153138399124146,0.932546079158783,6.598023891448975,95.69332122802734,431.7164306640625,372.8857727050781,16.041425704956055,129.60000610351562,470.7167053222656,372.56304931640625,0.8034003575373518,0.8754009885791312,-0.017232239246368408,-0.07200063104177934,True,False
attack_05,484978,person,D:\project CS\Faster-RCNN-COCO-Attack\source_data\attack_05\clean_images\000000484978.jpg,D:\project CS\Faster-RCNN-COCO-Attack\source_data\attack_05\patched_images\000000484978.jpg,True,True,0.9993718266487122,0.9993852376937866,78.73601531982422,62.864139556884766,325.6752624511719,319.9535827636719,79.44205474853516,62.484375,326.19964599609375,321.9115905761719,0.9148978223093893,0.9073208703412354,-1.341104507446289e-05,0.007576951968153889,True,False
attack_05,485027,person,D:\project CS\Faster-RCNN-COCO-Attack\source_data\attack_05\clean_images\000000485027.jpg,D:\project CS\Faster-RCNN-COCO-Attack\source_data\attack_05\patched_images\000000485027.jpg,True,True,0.9994674324989319,0.9992430210113525,81.32386779785156,182.60618591308594,243.19322204589844,621.7062377929688,81.86043548583984,180.1726837158203,243.71754455566406,621.86328125,0.9616047838301789,0.9665472023649939,0.0002244114875793457,-0.00494241853481503,True,False
attack_05,485237,car,D:\project CS\Faster-RCNN-COCO-Attack\source_data\attack_05\clean_images\000000485237.jpg,D:\project CS\Faster-RCNN-COCO-Attack\source_data\attack_05\patched_images\000000485237.jpg,True,True,0.3892104923725128,0.40590813755989075,0.26381656527519226,139.7930908203125,41.53434753417969,159.03738403320312,0.1316106617450714,140.14019775390625,41.65461730957031,158.84088134765625,0.933036907529225,0.9348796134527229,-0.01669764518737793,-0.0018427059234978893,True,False
attack_05,489339,person,D:\project CS\Faster-RCNN-COCO-Attack\source_data\attack_05\clean_images\000000489339.jpg,D:\project CS\Faster-RCNN-COCO-Attack\source_data\attack_05\patched_images\000000489339.jpg,True,True,0.9929416179656982,0.9818063974380493,46.526100158691406,89.80426025390625,373.6688232421875,636.518798828125,48.61155700683594,89.34539794921875,373.4963684082031,632.978271484375,0.9513722736766931,0.9511478293961642,0.011135220527648926,0.00022444428052892373,True,False
attack_05,490936,car,D:\project CS\Faster-RCNN-COCO-Attack\source_data\attack_05\clean_images\000000490936.jpg,D:\project CS\Faster-RCNN-COCO-Attack\source_data\attack_05\patched_images\000000490936.jpg,True,True,0.7930157780647278,0.8642293810844421,357.2965087890625,83.9042739868164,454.138427734375,163.4608612060547,354.51593017578125,83.42716979980469,453.7937316894531,163.74302673339844,0.7245031917333176,0.7130765607116893,-0.07121360301971436,0.01142663102162822,True,False
attack_05,492758,person,D:\project CS\Faster-RCNN-COCO-Attack\source_data\attack_05\clean_images\000000492758.jpg,D:\project CS\Faster-RCNN-COCO-Attack\source_data\attack_05\patched_images\000000492758.jpg,True,True,0.9725621342658997,0.9486876130104065,445.7711181640625,189.550048828125,508.3358154296875,268.77716064453125,445.4544372558594,190.6522216796875,514.04052734375,272.2879943847656,0.8416155135777948,0.8865499279113226,0.023874521255493164,-0.04493441433352774,True,False
attack_05,495146,car,D:\project CS\Faster-RCNN-COCO-Attack\source_data\attack_05\clean_images\000000495146.jpg,D:\project CS\Faster-RCNN-COCO-Attack\source_data\attack_05\patched_images\000000495146.jpg,True,True,0.9975927472114563,0.9981101751327515,226.1409149169922,372.48480224609375,440.56610107421875,480.0000305175781,227.4648895263672,373.3995666503906,441.85015869140625,479.9172058105469,0.8874906787127028,0.8946077847111386,-0.000517427921295166,-0.0071171059984357354,True,False
attack_05,498286,car,D:\project CS\Faster-RCNN-COCO-Attack\source_data\attack_05\clean_images\000000498286.jpg,D:\project CS\Faster-RCNN-COCO-Attack\source_data\attack_05\patched_images\000000498286.jpg,True,True,0.9707029461860657,0.9554969668388367,427.8805236816406,336.4893798828125,614.0964965820312,420.3863220214844,428.4330749511719,336.27484130859375,611.854736328125,419.8149719238281,0.9612569305644499,0.9569683817608756,0.015205979347229004,0.004288548803574321,True,False
attack_05,498709,car,D:\project CS\Faster-RCNN-COCO-Attack\source_data\attack_05\clean_images\000000498709.jpg,D:\project CS\Faster-RCNN-COCO-Attack\source_data\attack_05\patched_images\000000498709.jpg,True,False,0.9908156394958496,,23.994613647460938,152.37225341796875,102.56205749511719,246.265380859375,,,,,0.5185303906265917,,,,True,True
attack_05,498747,person,D:\project CS\Faster-RCNN-COCO-Attack\source_data\attack_05\clean_images\000000498747.jpg,D:\project CS\Faster-RCNN-COCO-Attack\source_data\attack_05\patched_images\000000498747.jpg,True,True,0.9983553290367126,0.9945279955863953,128.77940368652344,25.547700881958008,533.7052001953125,476.6504211425781,112.105712890625,28.54499053955078,519.2266845703125,480.0000305175781,0.8176168301065959,0.7719441699354527,0.003827333450317383,0.04567266017114324,True,False
attack_05,500613,car,D:\project CS\Faster-RCNN-COCO-Attack\source_data\attack_05\clean_images\000000500613.jpg,D:\project CS\Faster-RCNN-COCO-Attack\source_data\attack_05\patched_images\000000500613.jpg,True,True,0.8505240082740784,0.8228280544281006,576.5789794921875,203.87347412109375,639.6641235351562,284.7374267578125,577.3475341796875,204.27732849121094,639.8397827148438,283.86224365234375,0.7252026972006161,0.7204874925914819,0.027695953845977783,0.004715204609134216,True,False
attack_05,502168,person,D:\project CS\Faster-RCNN-COCO-Attack\source_data\attack_05\clean_images\000000502168.jpg,D:\project CS\Faster-RCNN-COCO-Attack\source_data\attack_05\patched_images\000000502168.jpg,True,True,0.9983217120170593,0.9980623126029968,434.02374267578125,337.09942626953125,518.36279296875,458.0,433.9810791015625,339.366943359375,518.3688354492188,458.0,0.8974859607659124,0.8883036746530123,0.0002593994140625,0.009182286112900062,True,False
attack_05,504074,person,D:\project CS\Faster-RCNN-COCO-Attack\source_data\attack_05\clean_images\000000504074.jpg,D:\project CS\Faster-RCNN-COCO-Attack\source_data\attack_05\patched_images\000000504074.jpg,True,True,0.9992720484733582,0.9989423155784607,250.95648193359375,87.92762756347656,552.3948364257812,421.9309387207031,263.8255615234375,90.57604217529297,552.2714233398438,419.6758117675781,0.9488259905164423,0.9520491721279517,0.00032973289489746094,-0.0032231816115093626,True,False
attack_05,504415,car,D:\project CS\Faster-RCNN-COCO-Attack\source_data\attack_05\clean_images\000000504415.jpg,D:\project CS\Faster-RCNN-COCO-Attack\source_data\attack_05\patched_images\000000504415.jpg,True,True,0.9961020946502686,0.9954347014427185,79.04237365722656,178.46067810058594,284.9158630371094,240.2536163330078,80.42526245117188,177.9378662109375,285.8109436035156,240.25936889648438,0.9562187999199294,0.9589144957948529,0.0006673932075500488,-0.002695695874923465,True,False
attack_05,505942,car,D:\project CS\Faster-RCNN-COCO-Attack\source_data\attack_05\clean_images\000000505942.jpg,D:\project CS\Faster-RCNN-COCO-Attack\source_data\attack_05\patched_images\000000505942.jpg,True,True,0.9077816605567932,0.8884711861610413,458.05609130859375,162.91400146484375,499.8175354003906,205.91082763671875,459.5982971191406,159.626708984375,499.7664794921875,204.151123046875,0.9533147793490276,0.8862738176427437,0.019310474395751953,0.06704096170628393,True,False
attack_05,506707,car,D:\project CS\Faster-RCNN-COCO-Attack\source_data\attack_05\clean_images\000000506707.jpg,D:\project CS\Faster-RCNN-COCO-Attack\source_data\attack_05\patched_images\000000506707.jpg,True,True,0.5757731795310974,0.7233283519744873,143.33096313476562,155.52560424804688,274.8863830566406,277.4884338378906,173.72447204589844,156.97821044921875,277.63720703125,274.68365478515625,0.7055446646473059,0.8996790521553237,-0.1475551724433899,-0.1941343875080178,True,False
attack_05,508602,car,D:\project CS\Faster-RCNN-COCO-Attack\source_data\attack_05\clean_images\000000508602.jpg,D:\project CS\Faster-RCNN-COCO-Attack\source_data\attack_05\patched_images\000000508602.jpg,True,True,0.9753233790397644,0.979044497013092,0.0,252.54710388183594,499.9999694824219,425.2887268066406,0.0,253.72738647460938,499.9999694824219,427.41522216796875,0.9879462307899287,0.9692974351746229,-0.0037211179733276367,0.018648795615305858,True,False
attack_05,513524,person,D:\project CS\Faster-RCNN-COCO-Attack\source_data\attack_05\clean_images\000000513524.jpg,D:\project CS\Faster-RCNN-COCO-Attack\source_data\attack_05\patched_images\000000513524.jpg,True,True,0.9997166991233826,0.9995971322059631,285.18548583984375,16.25745391845703,507.5908203125,336.783203125,290.4468078613281,13.992263793945312,504.8393249511719,340.634033203125,0.9524978034451673,0.9796638678670715,0.0001195669174194336,-0.027166064421904168,True,False
attack_05,514586,car,D:\project CS\Faster-RCNN-COCO-Attack\source_data\attack_05\clean_images\000000514586.jpg,D:\project CS\Faster-RCNN-COCO-Attack\source_data\attack_05\patched_images\000000514586.jpg,True,True,0.8547673225402832,0.8741291165351868,266.5325012207031,107.69241333007812,314.6891174316406,153.43492126464844,273.6342468261719,119.47991180419922,312.21246337890625,153.87832641601562,0.5341210506317413,0.869001658872748,-0.019361793994903564,-0.33488060824100674,True,False
attack_05,515266,car,D:\project CS\Faster-RCNN-COCO-Attack\source_data\attack_05\clean_images\000000515266.jpg,D:\project CS\Faster-RCNN-COCO-Attack\source_data\attack_05\patched_images\000000515266.jpg,True,True,0.9544885158538818,0.9589990377426147,593.813720703125,105.27296447753906,635.3101196289062,130.2605438232422,593.43505859375,105.27810668945312,635.3096923828125,130.45863342285156,0.8764536561489016,0.861557499734558,-0.00451052188873291,0.014896156414343609,True,False
attack_05,516677,person,D:\project CS\Faster-RCNN-COCO-Attack\source_data\attack_05\clean_images\000000516677.jpg,D:\project CS\Faster-RCNN-COCO-Attack\source_data\attack_05\patched_images\000000516677.jpg,True,True,0.9986000657081604,0.9988603591918945,333.0227966308594,259.6812438964844,454.1194763183594,388.05218505859375,322.5574645996094,259.531494140625,453.03558349609375,386.8089294433594,0.8738727612833717,0.9298291615006824,-0.00026029348373413086,-0.05595640021731074,True,False
attack_05,518770,person,D:\project CS\Faster-RCNN-COCO-Attack\source_data\attack_05\clean_images\000000518770.jpg,D:\project CS\Faster-RCNN-COCO-Attack\source_data\attack_05\patched_images\000000518770.jpg,True,True,0.988142192363739,0.98093581199646,106.267578125,87.4244384765625,201.70248413085938,366.82611083984375,115.34917449951172,88.97602844238281,201.18896484375,363.082763671875,0.8509392634025351,0.9368264070260583,0.007206380367279053,-0.08588714362352323,True,False
attack_05,520009,car,D:\project CS\Faster-RCNN-COCO-Attack\source_data\attack_05\clean_images\000000520009.jpg,D:\project CS\Faster-RCNN-COCO-Attack\source_data\attack_05\patched_images\000000520009.jpg,True,True,0.9966623783111572,0.9959993362426758,0.0,333.18914794921875,215.64418029785156,412.0,0.0,333.3317565917969,215.3468017578125,412.0,0.9819645135079933,0.9824015114787303,0.0006630420684814453,-0.00043699797073704083,True,False
attack_05,520910,person,D:\project CS\Faster-RCNN-COCO-Attack\source_data\attack_05\clean_images\000000520910.jpg,D:\project CS\Faster-RCNN-COCO-Attack\source_data\attack_05\patched_images\000000520910.jpg,True,True,0.9993206262588501,0.9992783665657043,156.6460723876953,163.6970977783203,246.79476928710938,464.3612365722656,155.08677673339844,161.33653259277344,248.33648681640625,469.5165100097656,0.8843674775524569,0.8692353861675967,4.225969314575195e-05,0.015132091384860269,True,False
attack_05,521141,car,D:\project CS\Faster-RCNN-COCO-Attack\source_data\attack_05\clean_images\000000521141.jpg,D:\project CS\Faster-RCNN-COCO-Attack\source_data\attack_05\patched_images\000000521141.jpg,True,True,0.9948704242706299,0.9923315048217773,304.8529357910156,241.56907653808594,375.0,273.00299072265625,305.16180419921875,241.363525390625,375.0,272.88446044921875,0.9795480833681799,0.9695864551604878,0.002538919448852539,0.009961628207692086,True,False
attack_05,521259,car,D:\project CS\Faster-RCNN-COCO-Attack\source_data\attack_05\clean_images\000000521259.jpg,D:\project CS\Faster-RCNN-COCO-Attack\source_data\attack_05\patched_images\000000521259.jpg,True,True,0.9562495946884155,0.8788008689880371,0.0,120.29996490478516,56.44365310668945,202.33917236328125,0.0,121.38509368896484,55.5864372253418,201.4724578857422,0.7680822856073466,0.7392180933070109,0.07744872570037842,0.028864192300335656,True,False
attack_05,521819,car,D:\project CS\Faster-RCNN-COCO-Attack\source_data\attack_05\clean_images\000000521819.jpg,D:\project CS\Faster-RCNN-COCO-Attack\source_data\attack_05\patched_images\000000521819.jpg,True,True,0.9835720658302307,0.9599612355232239,538.6162719726562,360.87103271484375,602.0127563476562,387.1094665527344,555.7404174804688,361.168212890625,602.4298095703125,386.818603515625,0.6432190318850914,0.8682644982486024,0.023610830307006836,-0.22504546636351097,True,False
attack_05,521956,person,D:\project CS\Faster-RCNN-COCO-Attack\source_data\attack_05\clean_images\000000521956.jpg,D:\project CS\Faster-RCNN-COCO-Attack\source_data\attack_05\patched_images\000000521956.jpg,True,True,0.999427318572998,0.9977389574050903,0.8762975931167603,1.0644458532333374,347.86053466796875,329.1179504394531,4.084193706512451,3.771023988723755,345.2080993652344,328.7409973144531,0.9853646661954285,0.9680685654995914,0.0016883611679077148,0.01729610069583709,True,False
attack_05,523241,car,D:\project CS\Faster-RCNN-COCO-Attack\source_data\attack_05\clean_images\000000523241.jpg,D:\project CS\Faster-RCNN-COCO-Attack\source_data\attack_05\patched_images\000000523241.jpg,True,True,0.9990087747573853,0.9988276362419128,364.0172119140625,203.42416381835938,478.5889892578125,235.27362060546875,364.3011169433594,203.37387084960938,478.6450500488281,235.73028564453125,0.9591281634704563,0.9725508321017604,0.0001811385154724121,-0.013422668631304147,True,False
attack_05,523957,person,D:\project CS\Faster-RCNN-COCO-Attack\source_data\attack_05\clean_images\000000523957.jpg,D:\project CS\Faster-RCNN-COCO-Attack\source_data\attack_05\patched_images\000000523957.jpg,True,True,0.9995813965797424,0.9995065927505493,58.38972854614258,80.87641906738281,322.9881286621094,341.2177734375,56.02570724487305,77.70264434814453,322.2884826660156,341.98968505859375,0.9154290617108397,0.9181345389081851,7.480382919311523e-05,-0.002705477197345374,True,False
attack_05,524456,person,D:\project CS\Faster-RCNN-COCO-Attack\source_data\attack_05\clean_images\000000524456.jpg,D:\project CS\Faster-RCNN-COCO-Attack\source_data\attack_05\patched_images\000000524456.jpg,True,True,0.9956497550010681,0.9847254157066345,156.51539611816406,2.5824830532073975,640.0,435.0675964355469,136.05096435546875,1.20025634765625,640.0,440.3002014160156,0.6430445643880578,0.657430386272939,0.010924339294433594,-0.014385821884881245,True,False
attack_05,524850,person,D:\project CS\Faster-RCNN-COCO-Attack\source_data\attack_05\clean_images\000000524850.jpg,D:\project CS\Faster-RCNN-COCO-Attack\source_data\attack_05\patched_images\000000524850.jpg,False,False,,,,,,,,,,,,,,,False,False
attack_05,525155,person,D:\project CS\Faster-RCNN-COCO-Attack\source_data\attack_05\clean_images\000000525155.jpg,D:\project CS\Faster-RCNN-COCO-Attack\source_data\attack_05\patched_images\000000525155.jpg,True,True,0.979754626750946,0.9628833532333374,251.8447723388672,75.32797241210938,592.5076904296875,422.0528869628906,250.45472717285156,66.0396728515625,599.9038696289062,423.84869384765625,0.831346614723185,0.8229600402821812,0.016871273517608643,0.00838657444100388,True,False
attack_05,527029,person,D:\project CS\Faster-RCNN-COCO-Attack\source_data\attack_05\clean_images\000000527029.jpg,D:\project CS\Faster-RCNN-COCO-Attack\source_data\attack_05\patched_images\000000527029.jpg,True,True,0.999168872833252,0.9987275004386902,19.174280166625977,207.4029083251953,376.8405456542969,634.32373046875,18.33350944519043,214.51646423339844,385.9258728027344,634.8950805664062,0.7883883162708847,0.7782879405672904,0.0004413723945617676,0.010100375703594233,True,False
attack_05,527220,car,D:\project CS\Faster-RCNN-COCO-Attack\source_data\attack_05\clean_images\000000527220.jpg,D:\project CS\Faster-RCNN-COCO-Attack\source_data\attack_05\patched_images\000000527220.jpg,True,True,0.9812970757484436,0.9692106246948242,3.105736017227173,1.2680788040161133,177.4857940673828,160.81997680664062,2.2173893451690674,3.470484972000122,167.54562377929688,155.59173583984375,0.9040252472454009,0.9705771797256341,0.012086451053619385,-0.06655193248023317,True,False
attack_05,528980,car,D:\project CS\Faster-RCNN-COCO-Attack\source_data\attack_05\clean_images\000000528980.jpg,D:\project CS\Faster-RCNN-COCO-Attack\source_data\attack_05\patched_images\000000528980.jpg,True,True,0.9788540601730347,0.9591363072395325,81.39169311523438,606.2023315429688,185.0200958251953,639.3355102539062,83.92662048339844,605.6697387695312,184.919677734375,639.1332397460938,0.957096815343194,0.9233873769117504,0.019717752933502197,0.033709438431443584,True,False
attack_05,530099,car,D:\project CS\Faster-RCNN-COCO-Attack\source_data\attack_05\clean_images\000000530099.jpg,D:\project CS\Faster-RCNN-COCO-Attack\source_data\attack_05\patched_images\000000530099.jpg,True,True,0.9300735592842102,0.971453070640564,93.99951171875,232.233154296875,500.0,374.6180725097656,65.66266632080078,233.48191833496094,500.0,374.5908203125,0.8980120502694422,0.8470150693917426,-0.04137951135635376,0.05099698087769955,True,False
attack_05,532690,person,D:\project CS\Faster-RCNN-COCO-Attack\source_data\attack_05\clean_images\000000532690.jpg,D:\project CS\Faster-RCNN-COCO-Attack\source_data\attack_05\patched_images\000000532690.jpg,True,True,0.9978431463241577,0.9981599450111389,54.83567428588867,32.46883773803711,492.1598205566406,627.0902099609375,55.9949836730957,34.84308624267578,496.8338317871094,633.5211791992188,0.9527184509579752,0.9727136050573968,-0.00031679868698120117,-0.01999515409942154,True,False
attack_05,534394,car,D:\project CS\Faster-RCNN-COCO-Attack\source_data\attack_05\clean_images\000000534394.jpg,D:\project CS\Faster-RCNN-COCO-Attack\source_data\attack_05\patched_images\000000534394.jpg,True,True,0.7936742305755615,0.9031724333763123,0.5852781534194946,228.5877227783203,82.69711303710938,348.1405334472656,0.6705716848373413,231.0825653076172,83.57859802246094,350.4905700683594,0.8394854256641336,0.8171979320760223,-0.10949820280075073,0.02228749358811133,True,False
attack_05,537270,person,D:\project CS\Faster-RCNN-COCO-Attack\source_data\attack_05\clean_images\000000537270.jpg,D:\project CS\Faster-RCNN-COCO-Attack\source_data\attack_05\patched_images\000000537270.jpg,True,True,0.999517560005188,0.9988435506820679,110.25605010986328,4.094861030578613,419.828369140625,464.9637756347656,7.992238998413086,0.0,418.9582214355469,473.8601989746094,0.6465632384428617,0.874983412812592,0.0006740093231201172,-0.22842017436973028,True,False
attack_05,537506,car,D:\project CS\Faster-RCNN-COCO-Attack\source_data\attack_05\clean_images\000000537506.jpg,D:\project CS\Faster-RCNN-COCO-Attack\source_data\attack_05\patched_images\000000537506.jpg,True,True,0.9711664915084839,0.7616211175918579,123.79728698730469,57.3324089050293,253.43907165527344,176.3750457763672,120.54434204101562,53.122711181640625,257.0267639160156,172.11859130859375,0.5264269533405396,0.575038059336083,0.20954537391662598,-0.04861110599554341,True,False
attack_05,541123,person,D:\project CS\Faster-RCNN-COCO-Attack\source_data\attack_05\clean_images\000000541123.jpg,D:\project CS\Faster-RCNN-COCO-Attack\source_data\attack_05\patched_images\000000541123.jpg,False,False,,,,,,,,,,,,,,,False,False
attack_05,542625,car,D:\project CS\Faster-RCNN-COCO-Attack\source_data\attack_05\clean_images\000000542625.jpg,D:\project CS\Faster-RCNN-COCO-Attack\source_data\attack_05\patched_images\000000542625.jpg,True,True,0.9976900815963745,0.9970531463623047,293.31964111328125,218.2496795654297,640.0,478.4908142089844,280.2017517089844,222.99496459960938,640.0,479.1497802734375,0.9668517144991324,0.976245633834246,0.0006369352340698242,-0.009393919335113576,True,False
attack_05,549220,person,D:\project CS\Faster-RCNN-COCO-Attack\source_data\attack_05\clean_images\000000549220.jpg,D:\project CS\Faster-RCNN-COCO-Attack\source_data\attack_05\patched_images\000000549220.jpg,True,True,0.9844676852226257,0.9710606932640076,197.84735107421875,1.0350463390350342,391.4795837402344,242.3038787841797,189.48004150390625,0.31533992290496826,391.3514404296875,232.9011993408203,0.6766364853561387,0.6732497297256305,0.013406991958618164,0.0033867556305082758,True,False
attack_05,550691,car,D:\project CS\Faster-RCNN-COCO-Attack\source_data\attack_05\clean_images\000000550691.jpg,D:\project CS\Faster-RCNN-COCO-Attack\source_data\attack_05\patched_images\000000550691.jpg,True,True,0.9979350566864014,0.9980376362800598,115.25297546386719,285.9089660644531,198.2523956298828,353.94818115234375,115.77462768554688,285.5744934082031,197.93251037597656,354.47467041015625,0.9139528390148175,0.9201193701823945,-0.00010257959365844727,-0.0061665311675770385,True,False
attack_05,551794,person,D:\project CS\Faster-RCNN-COCO-Attack\source_data\attack_05\clean_images\000000551794.jpg,D:\project CS\Faster-RCNN-COCO-Attack\source_data\attack_05\patched_images\000000551794.jpg,True,True,0.9919413328170776,0.9875260591506958,177.66383361816406,204.42640686035156,312.13140869140625,432.5480041503906,172.59417724609375,206.2727508544922,309.4649658203125,436.5288391113281,0.8849515806397225,0.9431524629698268,0.004415273666381836,-0.05820088233010434,True,False
attack_05,553788,person,D:\project CS\Faster-RCNN-COCO-Attack\source_data\attack_05\clean_images\000000553788.jpg,D:\project CS\Faster-RCNN-COCO-Attack\source_data\attack_05\patched_images\000000553788.jpg,True,True,0.9758013486862183,0.9954372048377991,0.0,23.864715576171875,377.2291259765625,320.26971435546875,7.767518043518066,23.903648376464844,375.7899169921875,318.6474304199219,0.9632585006060804,0.9566596802470771,-0.01963585615158081,0.006598820359003277,True,False
attack_05,555597,car,D:\project CS\Faster-RCNN-COCO-Attack\source_data\attack_05\clean_images\000000555597.jpg,D:\project CS\Faster-RCNN-COCO-Attack\source_data\attack_05\patched_images\000000555597.jpg,True,True,0.988088071346283,0.9873518943786621,61.635555267333984,424.3395690917969,444.8664855957031,510.01544189453125,62.54405212402344,423.5221252441406,441.42913818359375,510.2867126464844,0.6631221524387597,0.673456391782415,0.0007361769676208496,-0.010334239343655294,True,False
attack_05,557916,person,D:\project CS\Faster-RCNN-COCO-Attack\source_data\attack_05\clean_images\000000557916.jpg,D:\project CS\Faster-RCNN-COCO-Attack\source_data\attack_05\patched_images\000000557916.jpg,True,True,0.997649610042572,0.9986447691917419,151.99937438964844,75.8556137084961,524.7852783203125,420.0534973144531,149.53390502929688,75.55486297607422,524.8500366210938,419.96746826171875,0.9361820828033943,0.9435807810007147,-0.0009951591491699219,-0.007398698197320419,True,False
attack_05,559348,person,D:\project CS\Faster-RCNN-COCO-Attack\source_data\attack_05\clean_images\000000559348.jpg,D:\project CS\Faster-RCNN-COCO-Attack\source_data\attack_05\patched_images\000000559348.jpg,False,False,,,,,,,,,,,,,,,False,False
attack_05,561679,car,D:\project CS\Faster-RCNN-COCO-Attack\source_data\attack_05\clean_images\000000561679.jpg,D:\project CS\Faster-RCNN-COCO-Attack\source_data\attack_05\patched_images\000000561679.jpg,True,True,0.9534304141998291,0.897800862789154,245.419677734375,322.8412780761719,291.642578125,351.40704345703125,244.9966278076172,322.774658203125,295.33123779296875,351.4263610839844,0.9011722893135192,0.857413159744572,0.05562955141067505,0.04375912956894723,True,False
attack_05,561958,person,D:\project CS\Faster-RCNN-COCO-Attack\source_data\attack_05\clean_images\000000561958.jpg,D:\project CS\Faster-RCNN-COCO-Attack\source_data\attack_05\patched_images\000000561958.jpg,False,False,,,,,,,,,,,,,,,False,False
attack_05,562243,person,D:\project CS\Faster-RCNN-COCO-Attack\source_data\attack_05\clean_images\000000562243.jpg,D:\project CS\Faster-RCNN-COCO-Attack\source_data\attack_05\patched_images\000000562243.jpg,True,True,0.9996131062507629,0.9995885491371155,87.0451431274414,65.90510559082031,570.0406494140625,634.1232299804688,96.9107894897461,61.99567794799805,572.5016479492188,636.9577026367188,0.969455863237834,0.9467319904323155,2.4557113647460938e-05,0.022723872805518464,True,False
attack_05,565391,car,D:\project CS\Faster-RCNN-COCO-Attack\source_data\attack_05\clean_images\000000565391.jpg,D:\project CS\Faster-RCNN-COCO-Attack\source_data\attack_05\patched_images\000000565391.jpg,True,True,0.9892571568489075,0.9878708720207214,1.3021820783615112,500.7957763671875,101.12239837646484,633.7884521484375,0.6663482785224915,501.85308837890625,98.92875671386719,640.0,0.9047398133772461,0.8490227005058676,0.0013862848281860352,0.05571711287137848,True,False
attack_05,565563,car,D:\project CS\Faster-RCNN-COCO-Attack\source_data\attack_05\clean_images\000000565563.jpg,D:\project CS\Faster-RCNN-COCO-Attack\source_data\attack_05\patched_images\000000565563.jpg,True,True,0.9886959791183472,0.989657461643219,79.73703002929688,223.19598388671875,265.616455078125,331.948974609375,82.30070495605469,222.40419006347656,269.07037353515625,331.4915466308594,0.6260573565856004,0.6166766965909077,-0.0009614825248718262,0.00938065999469262,True,False
attack_05,566758,car,D:\project CS\Faster-RCNN-COCO-Attack\source_data\attack_05\clean_images\000000566758.jpg,D:\project CS\Faster-RCNN-COCO-Attack\source_data\attack_05\patched_images\000000566758.jpg,True,True,0.913189172744751,0.8377115726470947,527.5750732421875,176.58677673339844,637.4129638671875,227.8273468017578,538.8115234375,177.62608337402344,634.06884765625,227.56930541992188,0.8360170526024095,0.9770218571286933,0.07547760009765625,-0.14100480452628372,True,False
attack_05,566923,person,D:\project CS\Faster-RCNN-COCO-Attack\source_data\attack_05\clean_images\000000566923.jpg,D:\project CS\Faster-RCNN-COCO-Attack\source_data\attack_05\patched_images\000000566923.jpg,True,True,0.999485969543457,0.9967087507247925,146.2047882080078,17.2491455078125,568.7025756835938,426.0000305175781,210.5893096923828,19.410900115966797,567.0589599609375,426.0000305175781,0.9544826995119061,0.8027013992174648,0.0027772188186645508,0.15178130029444137,True,False
attack_05,567197,car,D:\project CS\Faster-RCNN-COCO-Attack\source_data\attack_05\clean_images\000000567197.jpg,D:\project CS\Faster-RCNN-COCO-Attack\source_data\attack_05\patched_images\000000567197.jpg,True,True,0.6515803337097168,0.5762142539024353,70.9535903930664,297.5158996582031,117.24916076660156,334.3354187011719,70.90906524658203,297.3323669433594,116.6430892944336,334.3141784667969,0.9162153833950493,0.9233950305661215,0.0753660798072815,-0.007179647171072223,True,False
attack_05,567640,car,D:\project CS\Faster-RCNN-COCO-Attack\source_data\attack_05\clean_images\000000567640.jpg,D:\project CS\Faster-RCNN-COCO-Attack\source_data\attack_05\patched_images\000000567640.jpg,True,True,0.9035534262657166,0.7475528120994568,304.8172912597656,58.04734420776367,404.041748046875,130.9269561767578,304.01611328125,57.638004302978516,406.1022033691406,127.85099792480469,0.9260226508885667,0.8715586603534273,0.15600061416625977,0.054463990535139395,True,False
attack_05,567886,person,D:\project CS\Faster-RCNN-COCO-Attack\source_data\attack_05\clean_images\000000567886.jpg,D:\project CS\Faster-RCNN-COCO-Attack\source_data\attack_05\patched_images\000000567886.jpg,True,True,0.7909950017929077,0.7081316709518433,0.0,62.29378128051758,239.93414306640625,375.0,0.0,66.9367904663086,231.36593627929688,373.4971008300781,0.7095189397570739,0.7505458336069137,0.08286333084106445,-0.04102689384983982,True,False
attack_05,568290,car,D:\project CS\Faster-RCNN-COCO-Attack\source_data\attack_05\clean_images\000000568290.jpg,D:\project CS\Faster-RCNN-COCO-Attack\source_data\attack_05\patched_images\000000568290.jpg,True,True,0.9883479475975037,0.9660307168960571,538.88671875,202.39920043945312,574.7156982421875,225.58187866210938,538.9677124023438,202.30316162109375,574.9384765625,225.3778076171875,0.8714596377151752,0.8635633838698803,0.022317230701446533,0.00789625384529491,True,False
attack_05,568981,person,D:\project CS\Faster-RCNN-COCO-Attack\source_data\attack_05\clean_images\000000568981.jpg,D:\project CS\Faster-RCNN-COCO-Attack\source_data\attack_05\patched_images\000000568981.jpg,True,True,0.9927576780319214,0.9708375334739685,20.65001106262207,149.87966918945312,254.02987670898438,369.00555419921875,35.90650177001953,160.36782836914062,245.80999755859375,367.3224182128906,0.9074793533537369,0.8422861359510064,0.02192014455795288,0.06519321740273043,True,False
attack_05,575081,person,D:\project CS\Faster-RCNN-COCO-Attack\source_data\attack_05\clean_images\000000575081.jpg,D:\project CS\Faster-RCNN-COCO-Attack\source_data\attack_05\patched_images\000000575081.jpg,True,True,0.9995245933532715,0.9996386766433716,213.2801055908203,5.794790744781494,327.3750915527344,403.908935546875,211.23861694335938,3.632506847381592,325.85089111328125,406.0265808105469,0.8778570900197746,0.8646001014981815,-0.00011408329010009766,0.013256988521593183,True,False
attack_05,575243,car,D:\project CS\Faster-RCNN-COCO-Attack\source_data\attack_05\clean_images\000000575243.jpg,D:\project CS\Faster-RCNN-COCO-Attack\source_data\attack_05\patched_images\000000575243.jpg,True,True,0.9893584251403809,0.9937022924423218,522.5450439453125,129.1732635498047,638.5193481445312,362.77899169921875,520.0845336914062,129.6447296142578,640.0,360.66156005859375,0.9678507430291649,0.9543384607632419,-0.004343867301940918,0.013512282265922937,True,False
attack_05,577932,car,D:\project CS\Faster-RCNN-COCO-Attack\source_data\attack_05\clean_images\000000577932.jpg,D:\project CS\Faster-RCNN-COCO-Attack\source_data\attack_05\patched_images\000000577932.jpg,True,True,0.9795153737068176,0.9807019829750061,501.1446533203125,260.7978515625,639.205322265625,539.0670776367188,500.445556640625,254.19203186035156,639.6023559570312,539.9074096679688,0.8938544947535513,0.919970401847205,-0.0011866092681884766,-0.026115907093653745,True,False
attack_05,579902,car,D:\project CS\Faster-RCNN-COCO-Attack\source_data\attack_05\clean_images\000000579902.jpg,D:\project CS\Faster-RCNN-COCO-Attack\source_data\attack_05\patched_images\000000579902.jpg,True,True,0.9825496673583984,0.9897968173027039,390.8653259277344,180.52874755859375,555.8944702148438,632.525634765625,389.667724609375,187.52699279785156,556.0,628.8825073242188,0.9370928365645661,0.9375930065631667,-0.00724714994430542,-0.0005001699986005859,True,False
attack_05,581206,person,D:\project CS\Faster-RCNN-COCO-Attack\source_data\attack_05\clean_images\000000581206.jpg,D:\project CS\Faster-RCNN-COCO-Attack\source_data\attack_05\patched_images\000000581206.jpg,True,True,0.9702109694480896,0.9787117838859558,0.3079264760017395,1.5097490549087524,474.6342468261719,234.95843505859375,4.398550510406494,1.8214627504348755,473.4861755371094,240.08912658691406,0.9116186854002303,0.8882932937095737,-0.008500814437866211,0.023325391690656616,True,False
