attack_id,image_id,target_class,clean_image,patched_image,clean_detected,patched_detected,clean_confidence,patched_confidence,clean_bbox_x1,clean_bbox_y1,clean_bbox_x2,clean_bbox_y2,patched_bbox_x1,patched_bbox_y1,patched_bbox_x2,patched_bbox_y2,clean_iou,patched_iou,confidence_drop,iou_drop,eligible,attack_success
attack_02,1296,person,D:\project CS\Faster-RCNN-COCO-Attack\source_data\attack_02\clean_images\000000001296.jpg,D:\project CS\Faster-RCNN-COCO-Attack\source_data\attack_02\patched_images\000000001296.jpg,True,True,0.9993643164634705,0.9992081522941589,1.181684136390686,0.0,427.0,640.0,6.17988920211792,9.626999855041504,423.83502197265625,610.2329711914062,0.9771329801916545,0.9377134482065665,0.00015616416931152344,0.03941953198508796,True,False
attack_02,1353,person,D:\project CS\Faster-RCNN-COCO-Attack\source_data\attack_02\clean_images\000000001353.jpg,D:\project CS\Faster-RCNN-COCO-Attack\source_data\attack_02\patched_images\000000001353.jpg,True,True,0.9444759488105774,0.9787570834159851,142.26817321777344,178.42254638671875,264.9278259277344,381.8006896972656,143.46156311035156,182.71356201171875,263.4705810546875,377.87530517578125,0.8650896678151949,0.8467465374922837,-0.034281134605407715,0.01834313032291124,True,False
attack_02,1532,car,D:\project CS\Faster-RCNN-COCO-Attack\source_data\attack_02\clean_images\000000001532.jpg,D:\project CS\Faster-RCNN-COCO-Attack\source_data\attack_02\patched_images\000000001532.jpg,True,True,0.9553494453430176,0.9618535041809082,219.98497009277344,353.9073181152344,425.8625183105469,480.0000305175781,222.18031311035156,357.79998779296875,418.58892822265625,479.46832275390625,0.8904060513744173,0.9411263755314655,-0.006504058837890625,-0.05072032415704819,True,False
attack_02,5001,person,D:\project CS\Faster-RCNN-COCO-Attack\source_data\attack_02\clean_images\000000005001.jpg,D:\project CS\Faster-RCNN-COCO-Attack\source_data\attack_02\patched_images\000000005001.jpg,True,True,0.9962729215621948,0.9949440360069275,363.3580627441406,93.38005828857422,522.2603759765625,480.0000305175781,355.97381591796875,91.17800903320312,522.596923828125,480.0000305175781,0.896562320862012,0.9393813283989809,0.001328885555267334,-0.04281900753696888,True,False
attack_02,5193,person,D:\project CS\Faster-RCNN-COCO-Attack\source_data\attack_02\clean_images\000000005193.jpg,D:\project CS\Faster-RCNN-COCO-Attack\source_data\attack_02\patched_images\000000005193.jpg,True,True,0.9986143112182617,0.9906909465789795,0.48983854055404663,76.03256225585938,229.6869354248047,425.0,0.0,86.96977996826172,224.7599334716797,425.0,0.8956903068252561,0.9429256902820794,0.007923364639282227,-0.04723538345682332,True,False
attack_02,9590,person,D:\project CS\Faster-RCNN-COCO-Attack\source_data\attack_02\clean_images\000000009590.jpg,D:\project CS\Faster-RCNN-COCO-Attack\source_data\attack_02\patched_images\000000009590.jpg,True,True,0.9992978572845459,0.9975149631500244,0.0,44.64965057373047,378.677734375,425.0585632324219,0.5513790845870972,56.01475524902344,248.67623901367188,421.92926025390625,0.6105612105566265,0.9307347238284551,0.0017828941345214844,-0.32017351327182864,True,False
attack_02,12120,person,D:\project CS\Faster-RCNN-COCO-Attack\source_data\attack_02\clean_images\000000012120.jpg,D:\project CS\Faster-RCNN-COCO-Attack\source_data\attack_02\patched_images\000000012120.jpg,False,False,,,,,,,,,,,,,,,False,False
attack_02,15338,car,D:\project CS\Faster-RCNN-COCO-Attack\source_data\attack_02\clean_images\000000015338.jpg,D:\project CS\Faster-RCNN-COCO-Attack\source_data\attack_02\patched_images\000000015338.jpg,True,True,0.6818952560424805,0.6942813992500305,0.16037732362747192,188.1228485107422,32.72197341918945,217.03550720214844,0.41028568148612976,187.8485870361328,32.62868881225586,217.36666870117188,0.88055431841486,0.8751559291451636,-0.012386143207550049,0.00539838926969638,True,False
attack_02,17207,car,D:\project CS\Faster-RCNN-COCO-Attack\source_data\attack_02\clean_images\000000017207.jpg,D:\project CS\Faster-RCNN-COCO-Attack\source_data\attack_02\patched_images\000000017207.jpg,True,True,0.357791930437088,0.29135313630104065,481.0859069824219,85.64977264404297,638.0460815429688,317.543701171875,481.9154968261719,82.13545989990234,637.8043823242188,320.7996826171875,0.9734807377658364,0.9822763581551148,0.06643879413604736,-0.008795620389278391,True,False
attack_02,18770,person,D:\project CS\Faster-RCNN-COCO-Attack\source_data\attack_02\clean_images\000000018770.jpg,D:\project CS\Faster-RCNN-COCO-Attack\source_data\attack_02\patched_images\000000018770.jpg,True,True,0.9992569088935852,0.9993700385093689,202.9010009765625,2.367841958999634,639.9999389648438,428.0000305175781,193.5714874267578,3.040445327758789,639.9999389648438,428.0000305175781,0.9237367390928257,0.9417204353004986,-0.0001131296157836914,-0.017983696207672928,True,False
attack_02,18837,car,D:\project CS\Faster-RCNN-COCO-Attack\source_data\attack_02\clean_images\000000018837.jpg,D:\project CS\Faster-RCNN-COCO-Attack\source_data\attack_02\patched_images\000000018837.jpg,True,True,0.976914644241333,0.9507279396057129,588.4569091796875,257.5858154296875,624.6384887695312,300.9652099609375,588.6530151367188,257.6981201171875,624.5740966796875,298.5460510253906,0.8565779209706023,0.8151121866590967,0.026186704635620117,0.041465734311505575,True,False
attack_02,21839,car,D:\project CS\Faster-RCNN-COCO-Attack\source_data\attack_02\clean_images\000000021839.jpg,D:\project CS\Faster-RCNN-COCO-Attack\source_data\attack_02\patched_images\000000021839.jpg,True,True,0.9332336783409119,0.6648365259170532,0.29685747623443604,460.8902587890625,27.497516632080078,520.7026977539062,0.3916923701763153,467.1213073730469,24.59649658203125,519.2149658203125,0.7571144581548239,0.613500775040862,0.26839715242385864,0.14361368311396194,True,False
attack_02,24243,person,D:\project CS\Faster-RCNN-COCO-Attack\source_data\attack_02\clean_images\000000024243.jpg,D:\project CS\Faster-RCNN-COCO-Attack\source_data\attack_02\patched_images\000000024243.jpg,True,True,0.9997221827507019,0.999784529209137,43.38642883300781,65.98068237304688,311.8115234375,473.650146484375,41.85870361328125,67.15739440917969,311.972900390625,472.6743469238281,0.9636454427716421,0.9634804583952596,-6.23464584350586e-05,0.00016498437638245989,True,False
attack_02,25393,car,D:\project CS\Faster-RCNN-COCO-Attack\source_data\attack_02\clean_images\000000025393.jpg,D:\project CS\Faster-RCNN-COCO-Attack\source_data\attack_02\patched_images\000000025393.jpg,True,True,0.9733790755271912,0.9764596819877625,0.8378123044967651,196.75526428222656,68.70540618896484,238.42434692382812,0.2281111627817154,195.5552520751953,69.69803619384766,240.96595764160156,0.6677167577208664,0.6676690401356111,-0.003080606460571289,4.771758525523584e-05,True,False
attack_02,26926,car,D:\project CS\Faster-RCNN-COCO-Attack\source_data\attack_02\clean_images\000000026926.jpg,D:\project CS\Faster-RCNN-COCO-Attack\source_data\attack_02\patched_images\000000026926.jpg,True,True,0.9223635792732239,0.9738767147064209,133.18377685546875,163.56349182128906,209.78262329101562,255.7722930908203,133.6232452392578,158.85861206054688,208.92913818359375,254.75607299804688,0.8276755835981008,0.879294086525812,-0.05151313543319702,-0.051618502927711196,True,False
attack_02,33759,person,D:\project CS\Faster-RCNN-COCO-Attack\source_data\attack_02\clean_images\000000033759.jpg,D:\project CS\Faster-RCNN-COCO-Attack\source_data\attack_02\patched_images\000000033759.jpg,True,True,0.9999241828918457,0.9999240636825562,72.542236328125,62.61073303222656,269.3797607421875,457.0000305175781,70.84690856933594,62.92219161987305,270.24786376953125,457.0000305175781,0.9435793334749434,0.9309052442522757,1.1920928955078125e-07,0.012674089222667662,True,False
attack_02,33854,car,D:\project CS\Faster-RCNN-COCO-Attack\source_data\attack_02\clean_images\000000033854.jpg,D:\project CS\Faster-RCNN-COCO-Attack\source_data\attack_02\patched_images\000000033854.jpg,True,True,0.33694568276405334,0.7573328614234924,0.0,169.79531860351562,274.774658203125,427.0,0.0,206.2753143310547,273.8277282714844,426.51580810546875,0.770410784634716,0.902824432155164,-0.4203871786594391,-0.13241364752044793,True,False
attack_02,35682,person,D:\project CS\Faster-RCNN-COCO-Attack\source_data\attack_02\clean_images\000000035682.jpg,D:\project CS\Faster-RCNN-COCO-Attack\source_data\attack_02\patched_images\000000035682.jpg,True,True,0.9992634654045105,0.9989320635795593,86.69168090820312,3.9726672172546387,361.29559326171875,328.8619079589844,84.52476501464844,1.774815320968628,362.471923828125,329.20355224609375,0.878535190981764,0.8665641196213462,0.0003314018249511719,0.011971071360417862,True,False
attack_02,40083,car,D:\project CS\Faster-RCNN-COCO-Attack\source_data\attack_02\clean_images\000000040083.jpg,D:\project CS\Faster-RCNN-COCO-Attack\source_data\attack_02\patched_images\000000040083.jpg,True,True,0.9983624815940857,0.9986270666122437,133.8673553466797,137.5106964111328,252.51539611816406,209.99246215820312,133.68165588378906,137.99635314941406,252.5939178466797,210.13291931152344,0.9591329501160762,0.9500735385351626,-0.000264585018157959,0.009059411580913612,True,False
attack_02,41633,car,D:\project CS\Faster-RCNN-COCO-Attack\source_data\attack_02\clean_images\000000041633.jpg,D:\project CS\Faster-RCNN-COCO-Attack\source_data\attack_02\patched_images\000000041633.jpg,True,True,0.7813463807106018,0.9078150987625122,558.6903686523438,326.3670654296875,615.2726440429688,372.3603820800781,561.62353515625,328.1646423339844,611.486572265625,371.94384765625,0.7563530604136384,0.7173651116891522,-0.1264687180519104,0.03898794872448619,True,False
attack_02,50380,person,D:\project CS\Faster-RCNN-COCO-Attack\source_data\attack_02\clean_images\000000050380.jpg,D:\project CS\Faster-RCNN-COCO-Attack\source_data\attack_02\patched_images\000000050380.jpg,True,True,0.999555766582489,0.9994602799415588,328.91607666015625,0.0,553.7442016601562,427.0,325.72918701171875,0.7611899375915527,553.8256225585938,427.0,0.9702361096485524,0.9546642947847095,9.548664093017578e-05,0.015571814863842959,True,False
attack_02,53626,person,D:\project CS\Faster-RCNN-COCO-Attack\source_data\attack_02\clean_images\000000053626.jpg,D:\project CS\Faster-RCNN-COCO-Attack\source_data\attack_02\patched_images\000000053626.jpg,True,True,0.9995094537734985,0.9993732571601868,122.99735260009766,135.6511688232422,223.10728454589844,391.0431823730469,122.2268295288086,135.57566833496094,224.15223693847656,391.5890197753906,0.9421732321974597,0.923145525021876,0.00013619661331176758,0.019027707175583775,True,False
attack_02,54967,car,D:\project CS\Faster-RCNN-COCO-Attack\source_data\attack_02\clean_images\000000054967.jpg,D:\project CS\Faster-RCNN-COCO-Attack\source_data\attack_02\patched_images\000000054967.jpg,False,False,,,,,,,,,,,,,,,False,False
attack_02,65350,car,D:\project CS\Faster-RCNN-COCO-Attack\source_data\attack_02\clean_images\000000065350.jpg,D:\project CS\Faster-RCNN-COCO-Attack\source_data\attack_02\patched_images\000000065350.jpg,True,True,0.9820951819419861,0.9734771251678467,44.621646881103516,2.013990879058838,272.56280517578125,88.02462005615234,9.697134971618652,0.0,246.0930633544922,87.13239288330078,0.8984061382756597,0.7272552566206999,0.008618056774139404,0.17115088165495984,True,False
attack_02,65485,car,D:\project CS\Faster-RCNN-COCO-Attack\source_data\attack_02\clean_images\000000065485.jpg,D:\project CS\Faster-RCNN-COCO-Attack\source_data\attack_02\patched_images\000000065485.jpg,False,False,,,,,,,,,,,,,,,False,False
attack_02,66706,person,D:\project CS\Faster-RCNN-COCO-Attack\source_data\attack_02\clean_images\000000066706.jpg,D:\project CS\Faster-RCNN-COCO-Attack\source_data\attack_02\patched_images\000000066706.jpg,False,False,,,,,,,,,,,,,,,False,False
attack_02,67616,car,D:\project CS\Faster-RCNN-COCO-Attack\source_data\attack_02\clean_images\000000067616.jpg,D:\project CS\Faster-RCNN-COCO-Attack\source_data\attack_02\patched_images\000000067616.jpg,True,True,0.9645891189575195,0.9655802845954895,391.1781005859375,340.4507141113281,538.0093383789062,444.3345947265625,391.8857421875,340.70330810546875,538.8028564453125,444.29559326171875,0.9872729386155463,0.9762754675634856,-0.0009911656379699707,0.010997471052060726,True,False
attack_02,73533,person,D:\project CS\Faster-RCNN-COCO-Attack\source_data\attack_02\clean_images\000000073533.jpg,D:\project CS\Faster-RCNN-COCO-Attack\source_data\attack_02\patched_images\000000073533.jpg,True,True,0.9937613606452942,0.9819236397743225,8.61982250213623,25.613269805908203,502.2364501953125,475.3587646484375,1.7329494953155518,27.879987716674805,505.116455078125,480.0000305175781,0.901084219324311,0.9046871738117886,0.01183772087097168,-0.0036029544874776054,True,False
attack_02,74058,person,D:\project CS\Faster-RCNN-COCO-Attack\source_data\attack_02\clean_images\000000074058.jpg,D:\project CS\Faster-RCNN-COCO-Attack\source_data\attack_02\patched_images\000000074058.jpg,True,True,0.9777896404266357,0.9658443331718445,27.859148025512695,162.14584350585938,106.95071411132812,319.9309387207031,23.88703155517578,160.46759033203125,106.19749450683594,329.2326965332031,0.8440136798708576,0.869637751719845,0.01194530725479126,-0.025624071848987406,True,False
attack_02,78823,car,D:\project CS\Faster-RCNN-COCO-Attack\source_data\attack_02\clean_images\000000078823.jpg,D:\project CS\Faster-RCNN-COCO-Attack\source_data\attack_02\patched_images\000000078823.jpg,True,True,0.9513883590698242,0.9388112425804138,15.437492370605469,135.3245849609375,489.6471862792969,478.89007568359375,35.59312057495117,152.08592224121094,485.06170654296875,478.7781982421875,0.8793201132884876,0.8936145996937259,0.0125771164894104,-0.014294486405238338,True,False
attack_02,82085,person,D:\project CS\Faster-RCNN-COCO-Attack\source_data\attack_02\clean_images\000000082085.jpg,D:\project CS\Faster-RCNN-COCO-Attack\source_data\attack_02\patched_images\000000082085.jpg,True,True,0.9925521612167358,0.9927942156791687,70.45003509521484,193.7132110595703,105.8495864868164,334.454833984375,69.79605865478516,195.0744171142578,103.88813781738281,334.2579650878906,0.6945952506980447,0.6615350932933631,-0.00024205446243286133,0.0330601574046816,True,False
attack_02,86220,car,D:\project CS\Faster-RCNN-COCO-Attack\source_data\attack_02\clean_images\000000086220.jpg,D:\project CS\Faster-RCNN-COCO-Attack\source_data\attack_02\patched_images\000000086220.jpg,True,True,0.9991946816444397,0.9990538954734802,135.87525939941406,211.63768005371094,446.66986083984375,335.3861999511719,140.46717834472656,210.45553588867188,449.0362243652344,332.2672424316406,0.9692391730623215,0.9331680583634687,0.00014078617095947266,0.036071114698852824,True,False
attack_02,93353,person,D:\project CS\Faster-RCNN-COCO-Attack\source_data\attack_02\clean_images\000000093353.jpg,D:\project CS\Faster-RCNN-COCO-Attack\source_data\attack_02\patched_images\000000093353.jpg,True,True,0.9565012454986572,0.8948918581008911,0.0,100.76904296875,397.98907470703125,476.3175354003906,0.26999297738075256,89.70059204101562,317.26806640625,475.6365661621094,0.7419052999795549,0.9136389061367929,0.06160938739776611,-0.17173360615723798,True,False
attack_02,96825,person,D:\project CS\Faster-RCNN-COCO-Attack\source_data\attack_02\clean_images\000000096825.jpg,D:\project CS\Faster-RCNN-COCO-Attack\source_data\attack_02\patched_images\000000096825.jpg,True,True,0.9993295669555664,0.9991519451141357,287.13360595703125,240.45257568359375,375.2977294921875,398.7882385253906,286.6178283691406,240.01907348632812,375.3179931640625,400.57843017578125,0.7291061151341427,0.7323965543903216,0.00017762184143066406,-0.0032904392561788898,True,False
attack_02,97679,person,D:\project CS\Faster-RCNN-COCO-Attack\source_data\attack_02\clean_images\000000097679.jpg,D:\project CS\Faster-RCNN-COCO-Attack\source_data\attack_02\patched_images\000000097679.jpg,True,True,0.9262086749076843,0.9415539503097534,272.11041259765625,211.22959899902344,318.6504821777344,256.04974365234375,271.7997131347656,211.03717041015625,318.73468017578125,256.65643310546875,0.7101237063101005,0.7007480420288891,-0.015345275402069092,0.009375664281211393,True,False
attack_02,97924,person,D:\project CS\Faster-RCNN-COCO-Attack\source_data\attack_02\clean_images\000000097924.jpg,D:\project CS\Faster-RCNN-COCO-Attack\source_data\attack_02\patched_images\000000097924.jpg,True,True,0.9990719556808472,0.9986262321472168,116.43975067138672,128.46871948242188,224.82034301757812,349.7927551269531,114.95094299316406,128.79827880859375,226.27198791503906,347.2239685058594,0.8166555915836221,0.8278274613117538,0.0004457235336303711,-0.011171869728131667,True,False
attack_02,98853,person,D:\project CS\Faster-RCNN-COCO-Attack\source_data\attack_02\clean_images\000000098853.jpg,D:\project CS\Faster-RCNN-COCO-Attack\source_data\attack_02\patched_images\000000098853.jpg,False,False,,,,,,,,,,,,,,,False,False
attack_02,99024,person,D:\project CS\Faster-RCNN-COCO-Attack\source_data\attack_02\clean_images\000000099024.jpg,D:\project CS\Faster-RCNN-COCO-Attack\source_data\attack_02\patched_images\000000099024.jpg,True,True,0.9970903396606445,0.9972555041313171,1.4307467937469482,1.2306772470474243,327.45953369140625,200.74588012695312,3.2877235412597656,0.0,329.7722473144531,203.85414123535156,0.9417844200532433,0.9560291027402192,-0.00016516447067260742,-0.014244682686975985,True,False
attack_02,102411,car,D:\project CS\Faster-RCNN-COCO-Attack\source_data\attack_02\clean_images\000000102411.jpg,D:\project CS\Faster-RCNN-COCO-Attack\source_data\attack_02\patched_images\000000102411.jpg,True,True,0.947566568851471,0.9653631448745728,0.05636614188551903,197.44432067871094,37.17995834350586,317.619873046875,0.0,196.46446228027344,36.85686111450195,315.46429443359375,0.7450238155208647,0.7455462866497347,-0.017796576023101807,-0.0005224711288699391,True,False
attack_02,111036,car,D:\project CS\Faster-RCNN-COCO-Attack\source_data\attack_02\clean_images\000000111036.jpg,D:\project CS\Faster-RCNN-COCO-Attack\source_data\attack_02\patched_images\000000111036.jpg,True,True,0.99700528383255,0.9923499226570129,251.8126983642578,0.0,425.0,140.0715789794922,248.63401794433594,0.8912673592567444,425.0,142.0128173828125,0.9645961355260333,0.9639727554066825,0.004655361175537109,0.0006233801193508137,True,False
attack_02,111086,car,D:\project CS\Faster-RCNN-COCO-Attack\source_data\attack_02\clean_images\000000111086.jpg,D:\project CS\Faster-RCNN-COCO-Attack\source_data\attack_02\patched_images\000000111086.jpg,True,True,0.9795615077018738,0.9978768825531006,300.15655517578125,209.39932250976562,453.0218505859375,303.552490234375,298.74212646484375,210.1067657470703,453.0596618652344,301.1003723144531,0.8904931652666264,0.8589706502496935,-0.018315374851226807,0.03152251501693282,True,False
attack_02,114770,car,D:\project CS\Faster-RCNN-COCO-Attack\source_data\attack_02\clean_images\000000114770.jpg,D:\project CS\Faster-RCNN-COCO-Attack\source_data\attack_02\patched_images\000000114770.jpg,False,False,,,,,,,,,,,,,,,False,False
attack_02,115870,person,D:\project CS\Faster-RCNN-COCO-Attack\source_data\attack_02\clean_images\000000115870.jpg,D:\project CS\Faster-RCNN-COCO-Attack\source_data\attack_02\patched_images\000000115870.jpg,True,True,0.7907829284667969,0.8605708479881287,145.4591827392578,239.89871215820312,627.4124145507812,423.3887634277344,151.0674591064453,256.38232421875,622.986572265625,419.1744384765625,0.87539835430257,0.8276392329646566,-0.06978791952133179,0.04775912133791338,True,False
attack_02,122166,car,D:\project CS\Faster-RCNN-COCO-Attack\source_data\attack_02\clean_images\000000122166.jpg,D:\project CS\Faster-RCNN-COCO-Attack\source_data\attack_02\patched_images\000000122166.jpg,True,True,0.9783954620361328,0.982790470123291,161.65200805664062,265.4981689453125,325.0710754394531,415.7546691894531,161.25833129882812,266.62908935546875,326.4900207519531,415.9147033691406,0.9502186789269201,0.9386626571643716,-0.004395008087158203,0.011556021762548552,True,False
attack_02,126592,car,D:\project CS\Faster-RCNN-COCO-Attack\source_data\attack_02\clean_images\000000126592.jpg,D:\project CS\Faster-RCNN-COCO-Attack\source_data\attack_02\patched_images\000000126592.jpg,True,True,0.999454915523529,0.9993963241577148,329.6846618652344,268.87841796875,508.4277038574219,328.924072265625,334.426025390625,268.8186950683594,508.1785888671875,328.4680480957031,0.8941548876788449,0.8753577873021443,5.8591365814208984e-05,0.01879710037670057,True,False
attack_02,127263,car,D:\project CS\Faster-RCNN-COCO-Attack\source_data\attack_02\clean_images\000000127263.jpg,D:\project CS\Faster-RCNN-COCO-Attack\source_data\attack_02\patched_images\000000127263.jpg,True,True,0.9919277429580688,0.9773871302604675,501.9617004394531,100.2950210571289,639.3551025390625,172.35841369628906,504.56298828125,105.56881713867188,640.0,174.637451171875,0.8767488920368566,0.9559604610907122,0.014540612697601318,-0.07921156905385562,True,False
attack_02,131556,person,D:\project CS\Faster-RCNN-COCO-Attack\source_data\attack_02\clean_images\000000131556.jpg,D:\project CS\Faster-RCNN-COCO-Attack\source_data\attack_02\patched_images\000000131556.jpg,False,False,,,,,,,,,,,,,,,False,False
attack_02,134886,car,D:\project CS\Faster-RCNN-COCO-Attack\source_data\attack_02\clean_images\000000134886.jpg,D:\project CS\Faster-RCNN-COCO-Attack\source_data\attack_02\patched_images\000000134886.jpg,True,True,0.9552255272865295,0.9697062969207764,429.76446533203125,374.5067138671875,493.94390869140625,433.9169921875,429.5765075683594,373.4155578613281,493.41802978515625,433.94561767578125,0.9592317292037739,0.9862397878070865,-0.014480769634246826,-0.02700805860331268,True,False
attack_02,135410,car,D:\project CS\Faster-RCNN-COCO-Attack\source_data\attack_02\clean_images\000000135410.jpg,D:\project CS\Faster-RCNN-COCO-Attack\source_data\attack_02\patched_images\000000135410.jpg,True,True,0.7828317284584045,0.829662561416626,153.21376037597656,219.9362335205078,350.1329040527344,314.0438232421875,152.4539337158203,221.30770874023438,370.9216613769531,333.8959655761719,0.8351475082591228,0.8012033082657211,-0.046830832958221436,0.0339441999934017,True,False
attack_02,136715,car,D:\project CS\Faster-RCNN-COCO-Attack\source_data\attack_02\clean_images\000000136715.jpg,D:\project CS\Faster-RCNN-COCO-Attack\source_data\attack_02\patched_images\000000136715.jpg,False,False,,,,,,,,,,,,,,,False,False
attack_02,137727,car,D:\project CS\Faster-RCNN-COCO-Attack\source_data\attack_02\clean_images\000000137727.jpg,D:\project CS\Faster-RCNN-COCO-Attack\source_data\attack_02\patched_images\000000137727.jpg,True,True,0.30101317167282104,0.6175228357315063,582.7695922851562,195.14051818847656,615.151123046875,223.4055633544922,582.3902587890625,195.9036407470703,616.1560668945312,223.29263305664062,0.9672835548569744,0.9112427983360958,-0.3165096640586853,0.05604075652087859,True,False
attack_02,138979,car,D:\project CS\Faster-RCNN-COCO-Attack\source_data\attack_02\clean_images\000000138979.jpg,D:\project CS\Faster-RCNN-COCO-Attack\source_data\attack_02\patched_images\000000138979.jpg,True,True,0.9308944344520569,0.9290146231651306,315.18707275390625,178.68528747558594,637.9188842773438,426.0000305175781,312.48126220703125,179.58082580566406,639.0550537109375,426.0000305175781,0.9458545060216202,0.9533257498366051,0.0018798112869262695,-0.007471243814984874,True,False
attack_02,142620,person,D:\project CS\Faster-RCNN-COCO-Attack\source_data\attack_02\clean_images\000000142620.jpg,D:\project CS\Faster-RCNN-COCO-Attack\source_data\attack_02\patched_images\000000142620.jpg,True,True,0.9995570778846741,0.9993185997009277,273.63128662109375,6.510888576507568,629.2559814453125,421.3041076660156,275.36126708984375,5.417937755584717,629.400634765625,422.4967956542969,0.9836982276816192,0.9776433425204507,0.0002384781837463379,0.006054885161168477,True,False
attack_02,142790,person,D:\project CS\Faster-RCNN-COCO-Attack\source_data\attack_02\clean_images\000000142790.jpg,D:\project CS\Faster-RCNN-COCO-Attack\source_data\attack_02\patched_images\000000142790.jpg,True,True,0.9987175464630127,0.9986830353736877,257.97650146484375,143.9210968017578,426.57977294921875,267.24847412109375,255.0087890625,142.5749053955078,429.4967346191406,265.2460021972656,0.9744511756929748,0.9254999809775161,3.451108932495117e-05,0.048951194715458723,True,False
attack_02,147223,car,D:\project CS\Faster-RCNN-COCO-Attack\source_data\attack_02\clean_images\000000147223.jpg,D:\project CS\Faster-RCNN-COCO-Attack\source_data\attack_02\patched_images\000000147223.jpg,True,True,0.9901028871536255,0.9936113953590393,0.22619180381298065,153.95982360839844,148.16253662109375,297.124755859375,0.008827890269458294,150.53074645996094,149.00006103515625,298.8013610839844,0.9409662741029136,0.912367856453231,-0.0035085082054138184,0.028598417649682517,True,False
attack_02,150265,person,D:\project CS\Faster-RCNN-COCO-Attack\source_data\attack_02\clean_images\000000150265.jpg,D:\project CS\Faster-RCNN-COCO-Attack\source_data\attack_02\patched_images\000000150265.jpg,True,True,0.9993283748626709,0.999448835849762,120.89962005615234,366.57562255859375,314.4833679199219,635.7877197265625,122.43339538574219,366.6937561035156,314.454345703125,636.7332763671875,0.9050417003114399,0.9075289332370051,-0.00012046098709106445,-0.002487232925565186,True,False
attack_02,151820,person,D:\project CS\Faster-RCNN-COCO-Attack\source_data\attack_02\clean_images\000000151820.jpg,D:\project CS\Faster-RCNN-COCO-Attack\source_data\attack_02\patched_images\000000151820.jpg,True,True,0.9912994503974915,0.9952751398086548,360.7449951171875,156.9795684814453,532.6256103515625,379.04693603515625,358.5002746582031,157.64222717285156,533.7979736328125,401.88153076171875,0.7376668902094405,0.8216641658295719,-0.00397568941116333,-0.08399727562013137,True,False
attack_02,152771,car,D:\project CS\Faster-RCNN-COCO-Attack\source_data\attack_02\clean_images\000000152771.jpg,D:\project CS\Faster-RCNN-COCO-Attack\source_data\attack_02\patched_images\000000152771.jpg,True,True,0.9860514402389526,0.9501135945320129,1.7801965475082397,260.7287902832031,65.06037139892578,290.74151611328125,1.2560395002365112,260.4060974121094,65.24232482910156,291.1654052734375,0.9227553940685883,0.9479953180532489,0.0359378457069397,-0.025239923984660573,True,False
attack_02,153011,car,D:\project CS\Faster-RCNN-COCO-Attack\source_data\attack_02\clean_images\000000153011.jpg,D:\project CS\Faster-RCNN-COCO-Attack\source_data\attack_02\patched_images\000000153011.jpg,True,True,0.9947094917297363,0.998079776763916,313.08306884765625,215.5298614501953,398.42138671875,254.4478302001953,314.4789123535156,215.7632293701172,397.830810546875,254.3609161376953,0.7878266097635722,0.8013364078760128,-0.0033702850341796875,-0.013509798112440574,True,False
attack_02,155145,person,D:\project CS\Faster-RCNN-COCO-Attack\source_data\attack_02\clean_images\000000155145.jpg,D:\project CS\Faster-RCNN-COCO-Attack\source_data\attack_02\patched_images\000000155145.jpg,True,True,0.9911513924598694,0.9785134792327881,119.02888488769531,194.1510772705078,145.38282775878906,226.06106567382812,118.67579650878906,193.74085998535156,145.83815002441406,226.04742431640625,0.9380882584014482,0.9235166250664366,0.012637913227081299,0.014571633335011547,True,False
attack_02,157928,car,D:\project CS\Faster-RCNN-COCO-Attack\source_data\attack_02\clean_images\000000157928.jpg,D:\project CS\Faster-RCNN-COCO-Attack\source_data\attack_02\patched_images\000000157928.jpg,True,True,0.9774190187454224,0.9609565734863281,0.3073606789112091,99.87157440185547,108.21210479736328,247.95286560058594,0.3390989601612091,99.54688262939453,108.22269439697266,250.32772827148438,0.9842129897516274,0.9708058737605321,0.01646244525909424,0.013407115991095342,True,False
attack_02,158956,person,D:\project CS\Faster-RCNN-COCO-Attack\source_data\attack_02\clean_images\000000158956.jpg,D:\project CS\Faster-RCNN-COCO-Attack\source_data\attack_02\patched_images\000000158956.jpg,True,True,0.9984334111213684,0.9987233281135559,167.07791137695312,43.03929138183594,499.91619873046875,423.451904296875,169.6048126220703,35.27873992919922,498.2001647949219,425.0,0.9501807326615144,0.9553185883576163,-0.0002899169921875,-0.005137855696101923,True,False
attack_02,160012,car,D:\project CS\Faster-RCNN-COCO-Attack\source_data\attack_02\clean_images\000000160012.jpg,D:\project CS\Faster-RCNN-COCO-Attack\source_data\attack_02\patched_images\000000160012.jpg,True,True,0.9879818558692932,0.9933949112892151,500.9664611816406,8.050252914428711,617.1978149414062,67.85161590576172,501.47344970703125,7.9180169105529785,620.27294921875,65.38107299804688,0.8175984345368621,0.773287341689812,-0.005413055419921875,0.04431109284705015,True,False
attack_02,161609,person,D:\project CS\Faster-RCNN-COCO-Attack\source_data\attack_02\clean_images\000000161609.jpg,D:\project CS\Faster-RCNN-COCO-Attack\source_data\attack_02\patched_images\000000161609.jpg,True,True,0.9904899597167969,0.9878635406494141,65.60986328125,53.68562698364258,638.2667236328125,479.4867248535156,68.35847473144531,55.48330307006836,640.0,479.2823791503906,0.6001902816631406,0.6087646250460022,0.0026264190673828125,-0.00857434338286156,True,False
attack_02,161781,person,D:\project CS\Faster-RCNN-COCO-Attack\source_data\attack_02\clean_images\000000161781.jpg,D:\project CS\Faster-RCNN-COCO-Attack\source_data\attack_02\patched_images\000000161781.jpg,True,True,0.999539852142334,0.999736487865448,261.95391845703125,18.653032302856445,466.80145263671875,361.93963623046875,259.82574462890625,15.447064399719238,468.7169494628906,357.3651123046875,0.9818338454370565,0.9536239072417151,-0.00019663572311401367,0.028209938195341455,True,False
attack_02,162858,car,D:\project CS\Faster-RCNN-COCO-Attack\source_data\attack_02\clean_images\000000162858.jpg,D:\project CS\Faster-RCNN-COCO-Attack\source_data\attack_02\patched_images\000000162858.jpg,True,True,0.9980928301811218,0.9978055357933044,48.33915710449219,333.8689880371094,204.0757598876953,477.1623229980469,48.49397659301758,332.8223571777344,203.94834899902344,476.6322326660156,0.8869307061433958,0.8773374975084528,0.0002872943878173828,0.009593208634942951,True,False
attack_02,166391,car,D:\project CS\Faster-RCNN-COCO-Attack\source_data\attack_02\clean_images\000000166391.jpg,D:\project CS\Faster-RCNN-COCO-Attack\source_data\attack_02\patched_images\000000166391.jpg,True,True,0.7476122975349426,0.5477005839347839,578.6242065429688,336.6416931152344,639.118896484375,379.4924621582031,578.103515625,336.9479675292969,639.0913696289062,379.1914978027344,0.9210536554945433,0.9154035906505088,0.1999117136001587,0.005650064844034519,True,False
attack_02,167067,person,D:\project CS\Faster-RCNN-COCO-Attack\source_data\attack_02\clean_images\000000167067.jpg,D:\project CS\Faster-RCNN-COCO-Attack\source_data\attack_02\patched_images\000000167067.jpg,True,True,0.9990249872207642,0.9992152452468872,1.312551498413086,5.568084239959717,374.6798095703125,498.4987487792969,1.7981672286987305,0.18342038989067078,375.0,500.0,0.9721650772874699,0.9820012460111571,-0.00019025802612304688,-0.0098361687236872,True,False
attack_02,171382,car,D:\project CS\Faster-RCNN-COCO-Attack\source_data\attack_02\clean_images\000000171382.jpg,D:\project CS\Faster-RCNN-COCO-Attack\source_data\attack_02\patched_images\000000171382.jpg,True,True,0.980442464351654,0.9727171659469604,10.074530601501465,174.7134246826172,191.36227416992188,276.8080749511719,4.938535690307617,175.44696044921875,200.57949829101562,275.1215515136719,0.651176745740065,0.694310800017081,0.0077252984046936035,-0.043134054277016,True,False
attack_02,172330,car,D:\project CS\Faster-RCNN-COCO-Attack\source_data\attack_02\clean_images\000000172330.jpg,D:\project CS\Faster-RCNN-COCO-Attack\source_data\attack_02\patched_images\000000172330.jpg,True,True,0.9943669438362122,0.9970851540565491,57.40806198120117,1.1388977766036987,640.0,316.7664794921875,63.23280715942383,0.13401490449905396,640.0,314.1475524902344,0.9763762697769036,0.9857075775424401,-0.002718210220336914,-0.009331307765536478,True,False
attack_02,173799,person,D:\project CS\Faster-RCNN-COCO-Attack\source_data\attack_02\clean_images\000000173799.jpg,D:\project CS\Faster-RCNN-COCO-Attack\source_data\attack_02\patched_images\000000173799.jpg,True,True,0.9994089603424072,0.9993545413017273,6.775175094604492,170.6248779296875,173.26910400390625,513.2916259765625,6.170065879821777,172.31394958496094,181.57754516601562,514.7013549804688,0.954639558717217,0.9384833096774517,5.441904067993164e-05,0.016156249039765203,True,False
attack_02,174123,person,D:\project CS\Faster-RCNN-COCO-Attack\source_data\attack_02\clean_images\000000174123.jpg,D:\project CS\Faster-RCNN-COCO-Attack\source_data\attack_02\patched_images\000000174123.jpg,True,True,0.2663712203502655,0.6400890946388245,114.83878326416016,347.0473937988281,309.685546875,398.2984619140625,107.74773406982422,345.91082763671875,331.54498291015625,398.6974792480469,0.7537099120220615,0.6720645622566722,-0.37371787428855896,0.08164534976538929,True,False
attack_02,174482,car,D:\project CS\Faster-RCNN-COCO-Attack\source_data\attack_02\clean_images\000000174482.jpg,D:\project CS\Faster-RCNN-COCO-Attack\source_data\attack_02\patched_images\000000174482.jpg,True,True,0.987434446811676,0.9807857871055603,149.33905029296875,71.86204528808594,238.76031494140625,113.28673553466797,149.31118774414062,71.44903564453125,238.93885803222656,113.30162048339844,0.9095000514430124,0.9163362168692252,0.006648659706115723,-0.0068361654262127924,True,False
attack_02,175438,car,D:\project CS\Faster-RCNN-COCO-Attack\source_data\attack_02\clean_images\000000175438.jpg,D:\project CS\Faster-RCNN-COCO-Attack\source_data\attack_02\patched_images\000000175438.jpg,False,False,,,,,,,,,,,,,,,False,False
attack_02,176606,car,D:\project CS\Faster-RCNN-COCO-Attack\source_data\attack_02\clean_images\000000176606.jpg,D:\project CS\Faster-RCNN-COCO-Attack\source_data\attack_02\patched_images\000000176606.jpg,True,True,0.9925861954689026,0.9967793822288513,62.914127349853516,196.18740844726562,126.8188247680664,249.4204864501953,63.27116394042969,195.76158142089844,127.11092376708984,249.82640075683594,0.9493120341652622,0.9594447619344069,-0.0041931867599487305,-0.010132727769144645,True,False
attack_02,177489,person,D:\project CS\Faster-RCNN-COCO-Attack\source_data\attack_02\clean_images\000000177489.jpg,D:\project CS\Faster-RCNN-COCO-Attack\source_data\attack_02\patched_images\000000177489.jpg,True,True,0.9994871616363525,0.9991998076438904,48.41238021850586,112.37026977539062,344.2445068359375,474.2862548828125,45.54904556274414,114.68123626708984,347.4230651855469,475.28741455078125,0.9259133221431592,0.9305692289628276,0.0002873539924621582,-0.004655906819668321,True,False
attack_02,177893,car,D:\project CS\Faster-RCNN-COCO-Attack\source_data\attack_02\clean_images\000000177893.jpg,D:\project CS\Faster-RCNN-COCO-Attack\source_data\attack_02\patched_images\000000177893.jpg,True,True,0.9255131483078003,0.5754863619804382,579.907958984375,199.6775360107422,615.6550903320312,233.2501678466797,580.1500854492188,201.4572296142578,615.1904296875,231.2609100341797,0.638624034545218,0.6362144462609196,0.35002678632736206,0.0024095882842983807,True,False
attack_02,181499,person,D:\project CS\Faster-RCNN-COCO-Attack\source_data\attack_02\clean_images\000000181499.jpg,D:\project CS\Faster-RCNN-COCO-Attack\source_data\attack_02\patched_images\000000181499.jpg,True,True,0.7568619251251221,0.36908695101737976,162.975341796875,383.0805969238281,287.8978576660156,512.2675170898438,159.64260864257812,380.92559814453125,291.72308349609375,509.58203125,0.9156940397410258,0.8786136385349478,0.3877749741077423,0.03708040120607803,True,False
attack_02,181542,car,D:\project CS\Faster-RCNN-COCO-Attack\source_data\attack_02\clean_images\000000181542.jpg,D:\project CS\Faster-RCNN-COCO-Attack\source_data\attack_02\patched_images\000000181542.jpg,True,True,0.9915860891342163,0.9939815402030945,1.8035151958465576,126.40514373779297,123.70899963378906,202.10372924804688,2.6522200107574463,126.0850830078125,122.81780242919922,203.7750244140625,0.9339528173934732,0.9149192762914253,-0.002395451068878174,0.019033541102047913,True,False
attack_02,182155,person,D:\project CS\Faster-RCNN-COCO-Attack\source_data\attack_02\clean_images\000000182155.jpg,D:\project CS\Faster-RCNN-COCO-Attack\source_data\attack_02\patched_images\000000182155.jpg,True,True,0.9990463852882385,0.379491925239563,241.61790466308594,55.65224838256836,583.6016235351562,423.6662292480469,108.08106994628906,35.44715118408203,575.34130859375,424.6731262207031,0.6264949995020084,0.8996116654994177,0.6195544600486755,-0.27311666599740936,True,False
attack_02,188296,car,D:\project CS\Faster-RCNN-COCO-Attack\source_data\attack_02\clean_images\000000188296.jpg,D:\project CS\Faster-RCNN-COCO-Attack\source_data\attack_02\patched_images\000000188296.jpg,True,True,0.9247851967811584,0.9133952260017395,0.1019461527466774,289.6606750488281,123.57687377929688,387.6966552734375,1.2209995985031128,289.9481506347656,122.93231964111328,388.21575927734375,0.9360933066754373,0.9515814383589718,0.011389970779418945,-0.015488131683534467,True,False
attack_02,191845,person,D:\project CS\Faster-RCNN-COCO-Attack\source_data\attack_02\clean_images\000000191845.jpg,D:\project CS\Faster-RCNN-COCO-Attack\source_data\attack_02\patched_images\000000191845.jpg,False,False,,,,,,,,,,,,,,,False,False
attack_02,193717,car,D:\project CS\Faster-RCNN-COCO-Attack\source_data\attack_02\clean_images\000000193717.jpg,D:\project CS\Faster-RCNN-COCO-Attack\source_data\attack_02\patched_images\000000193717.jpg,True,True,0.5646333694458008,0.6119004487991333,0.04063232243061066,173.3883056640625,41.21166229248047,221.40240478515625,0.16006484627723694,173.8806610107422,41.32127380371094,221.5479278564453,0.9739602783585742,0.9757259031020794,-0.04726707935333252,-0.0017656247435051675,True,False
attack_02,194716,car,D:\project CS\Faster-RCNN-COCO-Attack\source_data\attack_02\clean_images\000000194716.jpg,D:\project CS\Faster-RCNN-COCO-Attack\source_data\attack_02\patched_images\000000194716.jpg,False,True,,0.5014835000038147,,,,,568.2216186523438,0.29659485816955566,640.0,28.898515701293945,,0.7071254934914651,,,False,False
attack_02,206487,car,D:\project CS\Faster-RCNN-COCO-Attack\source_data\attack_02\clean_images\000000206487.jpg,D:\project CS\Faster-RCNN-COCO-Attack\source_data\attack_02\patched_images\000000206487.jpg,True,True,0.9968259334564209,0.9925127029418945,0.0998915359377861,240.6574249267578,248.3592987060547,479.1786193847656,0.9060778021812439,237.9818878173828,242.7775421142578,480.0000305175781,0.8560114770198449,0.8800199342992477,0.004313230514526367,-0.024008457279402817,True,False
attack_02,207844,person,D:\project CS\Faster-RCNN-COCO-Attack\source_data\attack_02\clean_images\000000207844.jpg,D:\project CS\Faster-RCNN-COCO-Attack\source_data\attack_02\patched_images\000000207844.jpg,False,False,,,,,,,,,,,,,,,False,False
attack_02,213255,car,D:\project CS\Faster-RCNN-COCO-Attack\source_data\attack_02\clean_images\000000213255.jpg,D:\project CS\Faster-RCNN-COCO-Attack\source_data\attack_02\patched_images\000000213255.jpg,True,True,0.9976673722267151,0.9969266057014465,190.75039672851562,138.27554321289062,341.2392883300781,224.81739807128906,190.71368408203125,138.71051025390625,342.5994567871094,226.16049194335938,0.880614619009574,0.8703488045838484,0.0007407665252685547,0.010265814425725606,True,False
attack_02,213605,car,D:\project CS\Faster-RCNN-COCO-Attack\source_data\attack_02\clean_images\000000213605.jpg,D:\project CS\Faster-RCNN-COCO-Attack\source_data\attack_02\patched_images\000000213605.jpg,True,True,0.9933105707168579,0.9900049567222595,358.7698974609375,444.95947265625,479.41290283203125,593.4027709960938,358.1844787597656,448.62274169921875,480.0000305175781,592.4595336914062,0.9871241367722687,0.9707158073664316,0.0033056139945983887,0.01640832940583714,True,False
attack_02,214539,person,D:\project CS\Faster-RCNN-COCO-Attack\source_data\attack_02\clean_images\000000214539.jpg,D:\project CS\Faster-RCNN-COCO-Attack\source_data\attack_02\patched_images\000000214539.jpg,False,False,,,,,,,,,,,,,,,False,False
attack_02,217872,person,D:\project CS\Faster-RCNN-COCO-Attack\source_data\attack_02\clean_images\000000217872.jpg,D:\project CS\Faster-RCNN-COCO-Attack\source_data\attack_02\patched_images\000000217872.jpg,True,True,0.9971204996109009,0.9968069791793823,167.79541015625,167.07864379882812,300.0594787597656,242.88075256347656,161.6466827392578,167.24237060546875,301.6810607910156,240.88699340820312,0.8603175271564825,0.8741343544428956,0.0003135204315185547,-0.013816827286413091,True,False
attack_02,220732,car,D:\project CS\Faster-RCNN-COCO-Attack\source_data\attack_02\clean_images\000000220732.jpg,D:\project CS\Faster-RCNN-COCO-Attack\source_data\attack_02\patched_images\000000220732.jpg,False,False,,,,,,,,,,,,,,,False,False
attack_02,222094,car,D:\project CS\Faster-RCNN-COCO-Attack\source_data\attack_02\clean_images\000000222094.jpg,D:\project CS\Faster-RCNN-COCO-Attack\source_data\attack_02\patched_images\000000222094.jpg,True,True,0.6081722378730774,0.6422886848449707,26.285175323486328,213.44187927246094,110.69696044921875,242.82345581054688,27.529483795166016,213.8924102783203,110.69593811035156,243.023193359375,0.8754290339583621,0.8702383583430979,-0.03411644697189331,0.005190675615264206,True,False
attack_02,225532,car,D:\project CS\Faster-RCNN-COCO-Attack\source_data\attack_02\clean_images\000000225532.jpg,D:\project CS\Faster-RCNN-COCO-Attack\source_data\attack_02\patched_images\000000225532.jpg,True,True,0.9842219352722168,0.9893357157707214,367.8751525878906,219.42391967773438,500.0,372.5387878417969,369.63116455078125,218.98870849609375,498.8251037597656,370.08465576171875,0.8478180822575213,0.850728308272549,-0.005113780498504639,-0.0029102260150276615,True,False
attack_02,227511,car,D:\project CS\Faster-RCNN-COCO-Attack\source_data\attack_02\clean_images\000000227511.jpg,D:\project CS\Faster-RCNN-COCO-Attack\source_data\attack_02\patched_images\000000227511.jpg,True,True,0.999275267124176,0.9993558526039124,66.94937133789062,285.57086181640625,223.74545288085938,375.0,65.68594360351562,286.3821716308594,224.18150329589844,375.0,0.9628992655670693,0.981442557584296,-8.058547973632812e-05,-0.01854329201722671,True,False
attack_02,228436,car,D:\project CS\Faster-RCNN-COCO-Attack\source_data\attack_02\clean_images\000000228436.jpg,D:\project CS\Faster-RCNN-COCO-Attack\source_data\attack_02\patched_images\000000228436.jpg,False,False,,,,,,,,,,,,,,,False,False
attack_02,230819,person,D:\project CS\Faster-RCNN-COCO-Attack\source_data\attack_02\clean_images\000000230819.jpg,D:\project CS\Faster-RCNN-COCO-Attack\source_data\attack_02\patched_images\000000230819.jpg,True,True,0.9996731281280518,0.9996718168258667,201.06427001953125,154.91893005371094,282.9965515136719,275.0316162109375,200.8788604736328,153.5358123779297,282.6695556640625,275.2101135253906,0.9683969743567126,0.9789376073327505,1.3113021850585938e-06,-0.010540632976037911,True,False
attack_02,236599,person,D:\project CS\Faster-RCNN-COCO-Attack\source_data\attack_02\clean_images\000000236599.jpg,D:\project CS\Faster-RCNN-COCO-Attack\source_data\attack_02\patched_images\000000236599.jpg,True,True,0.9744805097579956,0.9635655283927917,413.5169677734375,264.3445129394531,438.80780029296875,303.17620849609375,413.1286315917969,264.78631591796875,438.60247802734375,302.8862609863281,0.7870411885886192,0.8181836066455552,0.010914981365203857,-0.031142418056936072,True,False
attack_02,237118,person,D:\project CS\Faster-RCNN-COCO-Attack\source_data\attack_02\clean_images\000000237118.jpg,D:\project CS\Faster-RCNN-COCO-Attack\source_data\attack_02\patched_images\000000237118.jpg,True,True,0.9994250535964966,0.9993034601211548,225.7311248779297,157.02603149414062,459.767578125,614.7119750976562,220.83982849121094,157.33938598632812,461.8276672363281,613.548583984375,0.8961053764876837,0.8841859761203971,0.00012159347534179688,0.01191940036728667,True,False
attack_02,238410,person,D:\project CS\Faster-RCNN-COCO-Attack\source_data\attack_02\clean_images\000000238410.jpg,D:\project CS\Faster-RCNN-COCO-Attack\source_data\attack_02\patched_images\000000238410.jpg,True,True,0.9815347194671631,0.9862086772918701,377.9617004394531,199.319580078125,629.0816040039062,394.5419006347656,373.4578857421875,211.95082092285156,565.9605102539062,413.82928466796875,0.7644831954508329,0.6218399352177836,-0.004673957824707031,0.1426432602330493,True,False
attack_02,249180,person,D:\project CS\Faster-RCNN-COCO-Attack\source_data\attack_02\clean_images\000000249180.jpg,D:\project CS\Faster-RCNN-COCO-Attack\source_data\attack_02\patched_images\000000249180.jpg,True,True,0.9958890080451965,0.9915653467178345,135.96792602539062,208.74432373046875,208.58934020996094,420.7474670410156,136.23236083984375,210.31417846679688,208.47000122070312,422.3288269042969,0.802240387664787,0.8064586502204277,0.0043236613273620605,-0.004218262555640728,True,False
attack_02,255917,car,D:\project CS\Faster-RCNN-COCO-Attack\source_data\attack_02\clean_images\000000255917.jpg,D:\project CS\Faster-RCNN-COCO-Attack\source_data\attack_02\patched_images\000000255917.jpg,False,False,,,,,,,,,,,,,,,False,False
attack_02,261318,person,D:\project CS\Faster-RCNN-COCO-Attack\source_data\attack_02\clean_images\000000261318.jpg,D:\project CS\Faster-RCNN-COCO-Attack\source_data\attack_02\patched_images\000000261318.jpg,True,True,0.9928717017173767,0.9888190627098083,91.8091812133789,179.21096801757812,294.4082946777344,474.5853271484375,86.36695098876953,182.1902618408203,291.4395446777344,567.7432861328125,0.707075267493722,0.8891786906512532,0.004052639007568359,-0.18210342315753125,True,False
attack_02,263594,car,D:\project CS\Faster-RCNN-COCO-Attack\source_data\attack_02\clean_images\000000263594.jpg,D:\project CS\Faster-RCNN-COCO-Attack\source_data\attack_02\patched_images\000000263594.jpg,True,True,0.9993715882301331,0.9991858601570129,36.36952209472656,142.80453491210938,461.492919921875,284.27545166015625,32.89493942260742,143.13327026367188,458.0109558105469,284.9488830566406,0.9442842194531323,0.9501693319710489,0.0001857280731201172,-0.005885112517916569,True,False
attack_02,263969,person,D:\project CS\Faster-RCNN-COCO-Attack\source_data\attack_02\clean_images\000000263969.jpg,D:\project CS\Faster-RCNN-COCO-Attack\source_data\attack_02\patched_images\000000263969.jpg,True,True,0.9998195767402649,0.8975275158882141,223.31634521484375,57.855220794677734,632.9521484375,605.0137939453125,309.4296569824219,62.188907623291016,633.239990234375,605.0089111328125,0.9736800101721875,0.770416276883148,0.10229206085205078,0.20326373328903957,True,False
attack_02,269942,car,D:\project CS\Faster-RCNN-COCO-Attack\source_data\attack_02\clean_images\000000269942.jpg,D:\project CS\Faster-RCNN-COCO-Attack\source_data\attack_02\patched_images\000000269942.jpg,True,True,0.9979945421218872,0.9963212013244629,92.23323822021484,461.04278564453125,152.5902862548828,509.09075927734375,92.30319213867188,460.6779479980469,153.1061553955078,509.2220764160156,0.9610333864171017,0.9586689266628612,0.0016733407974243164,0.002364459754240489,True,False
attack_02,270122,person,D:\project CS\Faster-RCNN-COCO-Attack\source_data\attack_02\clean_images\000000270122.jpg,D:\project CS\Faster-RCNN-COCO-Attack\source_data\attack_02\patched_images\000000270122.jpg,True,True,0.9826377034187317,0.9883195161819458,309.63922119140625,181.2930908203125,339.6937561035156,229.82553100585938,307.68450927734375,179.84103393554688,339.618408203125,228.6576385498047,0.7953027990702548,0.8856096685060133,-0.005681812763214111,-0.0903068694357585,True,False
attack_02,271997,person,D:\project CS\Faster-RCNN-COCO-Attack\source_data\attack_02\clean_images\000000271997.jpg,D:\project CS\Faster-RCNN-COCO-Attack\source_data\attack_02\patched_images\000000271997.jpg,True,True,0.9993088245391846,0.9994933605194092,4.586616516113281,0.0,480.98016357421875,638.6022338867188,3.193397045135498,0.0,482.95404052734375,640.0,0.9654926319146446,0.9700885647951895,-0.00018453598022460938,-0.0045959328805448285,True,False
attack_02,273198,car,D:\project CS\Faster-RCNN-COCO-Attack\source_data\attack_02\clean_images\000000273198.jpg,D:\project CS\Faster-RCNN-COCO-Attack\source_data\attack_02\patched_images\000000273198.jpg,True,True,0.938864529132843,0.9371470808982849,255.16944885253906,0.5436551570892334,386.98907470703125,36.13294219970703,255.48028564453125,0.0,386.4246826171875,34.34092330932617,0.8865646957099268,0.9543550061666523,0.0017174482345581055,-0.06779031045672546,True,False
attack_02,275392,person,D:\project CS\Faster-RCNN-COCO-Attack\source_data\attack_02\clean_images\000000275392.jpg,D:\project CS\Faster-RCNN-COCO-Attack\source_data\attack_02\patched_images\000000275392.jpg,True,True,0.9992097616195679,0.9988246560096741,229.9801483154297,90.92800903320312,341.6996765136719,464.1336364746094,230.80914306640625,91.54283905029297,341.5277404785156,461.4925842285156,0.5378858398166877,0.5308796430526614,0.00038510560989379883,0.007006196764026251,True,False
attack_02,276720,car,D:\project CS\Faster-RCNN-COCO-Attack\source_data\attack_02\clean_images\000000276720.jpg,D:\project CS\Faster-RCNN-COCO-Attack\source_data\attack_02\patched_images\000000276720.jpg,True,True,0.6447155475616455,0.42086660861968994,269.4693908691406,281.73406982421875,309.8323059082031,315.56268310546875,269.3594665527344,281.8165283203125,309.8700866699219,315.4201965332031,0.7518642946965299,0.7467089026550237,0.22384893894195557,0.005155392041506279,True,False
attack_02,277005,person,D:\project CS\Faster-RCNN-COCO-Attack\source_data\attack_02\clean_images\000000277005.jpg,D:\project CS\Faster-RCNN-COCO-Attack\source_data\attack_02\patched_images\000000277005.jpg,False,False,,,,,,,,,,,,,,,False,False
attack_02,278705,car,D:\project CS\Faster-RCNN-COCO-Attack\source_data\attack_02\clean_images\000000278705.jpg,D:\project CS\Faster-RCNN-COCO-Attack\source_data\attack_02\patched_images\000000278705.jpg,True,True,0.996826708316803,0.9981510043144226,6.3190741539001465,130.4029541015625,315.18145751953125,274.29937744140625,3.8040499687194824,129.7594451904297,313.1766052246094,275.1611633300781,0.944229480975914,0.9224139275887118,-0.001324295997619629,0.021815553387202202,True,False
attack_02,279714,car,D:\project CS\Faster-RCNN-COCO-Attack\source_data\attack_02\clean_images\000000279714.jpg,D:\project CS\Faster-RCNN-COCO-Attack\source_data\attack_02\patched_images\000000279714.jpg,True,True,0.9997493624687195,0.9993534684181213,221.3460693359375,430.4640197753906,423.37957763671875,610.64501953125,221.0137481689453,431.6192626953125,424.849609375,610.69921875,0.9436701644697315,0.9545182527524635,0.00039589405059814453,-0.010848088282731982,True,False
attack_02,284725,car,D:\project CS\Faster-RCNN-COCO-Attack\source_data\attack_02\clean_images\000000284725.jpg,D:\project CS\Faster-RCNN-COCO-Attack\source_data\attack_02\patched_images\000000284725.jpg,True,True,0.9993588328361511,0.9991737008094788,146.0795135498047,285.02825927734375,378.81365966796875,374.6063232421875,145.64968872070312,286.2068176269531,378.1871032714844,374.6380310058594,0.9177229276081459,0.9298173102462199,0.00018513202667236328,-0.012094382638074053,True,False
attack_02,289594,person,D:\project CS\Faster-RCNN-COCO-Attack\source_data\attack_02\clean_images\000000289594.jpg,D:\project CS\Faster-RCNN-COCO-Attack\source_data\attack_02\patched_images\000000289594.jpg,True,True,0.9990469813346863,0.9990411400794983,332.1883850097656,225.36837768554688,402.1609802246094,467.795166015625,331.57672119140625,225.0137176513672,402.1854553222656,467.6531677246094,0.8910545157830254,0.8829387032219546,5.841255187988281e-06,0.008115812561070856,True,False
attack_02,291619,person,D:\project CS\Faster-RCNN-COCO-Attack\source_data\attack_02\clean_images\000000291619.jpg,D:\project CS\Faster-RCNN-COCO-Attack\source_data\attack_02\patched_images\000000291619.jpg,True,True,0.999792754650116,0.9998235106468201,134.75221252441406,135.12989807128906,225.7160186767578,320.5024719238281,134.5017547607422,134.9683837890625,226.18995666503906,321.02252197265625,0.8771301852288714,0.8873659147022808,-3.075599670410156e-05,-0.010235729473409338,True,False
attack_02,292236,person,D:\project CS\Faster-RCNN-COCO-Attack\source_data\attack_02\clean_images\000000292236.jpg,D:\project CS\Faster-RCNN-COCO-Attack\source_data\attack_02\patched_images\000000292236.jpg,True,True,0.9993475079536438,0.9995025396347046,101.18746185302734,91.01060485839844,212.62794494628906,486.634033203125,102.40304565429688,90.2044906616211,214.29437255859375,483.5778503417969,0.9908750110243781,0.9739371085241048,-0.00015503168106079102,0.016937902500273383,True,False
attack_02,295478,person,D:\project CS\Faster-RCNN-COCO-Attack\source_data\attack_02\clean_images\000000295478.jpg,D:\project CS\Faster-RCNN-COCO-Attack\source_data\attack_02\patched_images\000000295478.jpg,True,True,0.999417781829834,0.9994124174118042,146.672607421875,29.4942569732666,350.7082824707031,613.1018676757812,148.7550506591797,29.54214859008789,349.39215087890625,626.1466064453125,0.9495309582370861,0.9509093877947908,5.364418029785156e-06,-0.00137842955770473,True,False
attack_02,295809,car,D:\project CS\Faster-RCNN-COCO-Attack\source_data\attack_02\clean_images\000000295809.jpg,D:\project CS\Faster-RCNN-COCO-Attack\source_data\attack_02\patched_images\000000295809.jpg,True,True,0.6863856911659241,0.6787204146385193,50.37861633300781,104.57826232910156,145.85263061523438,140.55441284179688,49.20404052734375,103.780517578125,152.6410369873047,142.17002868652344,0.9045241879118193,0.9321821575694282,0.007665276527404785,-0.027657969657608916,True,False
attack_02,296649,car,D:\project CS\Faster-RCNN-COCO-Attack\source_data\attack_02\clean_images\000000296649.jpg,D:\project CS\Faster-RCNN-COCO-Attack\source_data\attack_02\patched_images\000000296649.jpg,True,True,0.9883753061294556,0.9872674345970154,421.1389465332031,327.9729309082031,639.1673583984375,427.0,424.9674987792969,328.3235778808594,639.68603515625,427.0,0.9093424743601136,0.9309707429828175,0.0011078715324401855,-0.02162826862270384,True,False
attack_02,296657,person,D:\project CS\Faster-RCNN-COCO-Attack\source_data\attack_02\clean_images\000000296657.jpg,D:\project CS\Faster-RCNN-COCO-Attack\source_data\attack_02\patched_images\000000296657.jpg,True,True,0.9997089505195618,0.9995998740196228,153.3634796142578,84.6061782836914,348.2491149902344,338.9007263183594,150.5275115966797,82.3546142578125,342.49066162109375,337.7476806640625,0.9722040435273559,0.9565127107139626,0.00010907649993896484,0.0156913328133933,True,False
attack_02,302107,person,D:\project CS\Faster-RCNN-COCO-Attack\source_data\attack_02\clean_images\000000302107.jpg,D:\project CS\Faster-RCNN-COCO-Attack\source_data\attack_02\patched_images\000000302107.jpg,True,True,0.9995788931846619,0.9992772936820984,90.65550231933594,175.93695068359375,352.7369079589844,517.33544921875,89.38240051269531,175.3528594970703,349.2596435546875,518.8700561523438,0.9596097150556533,0.9735354615389693,0.00030159950256347656,-0.013925746483316015,True,False
attack_02,303566,car,D:\project CS\Faster-RCNN-COCO-Attack\source_data\attack_02\clean_images\000000303566.jpg,D:\project CS\Faster-RCNN-COCO-Attack\source_data\attack_02\patched_images\000000303566.jpg,True,True,0.8324496150016785,0.8842067122459412,207.0853729248047,85.99925994873047,249.11001586914062,124.23200988769531,207.83628845214844,84.88546752929688,249.5352325439453,121.89241027832031,0.8421890691750935,0.8473917391149461,-0.051757097244262695,-0.005202669939852633,True,False
attack_02,309964,car,D:\project CS\Faster-RCNN-COCO-Attack\source_data\attack_02\clean_images\000000309964.jpg,D:\project CS\Faster-RCNN-COCO-Attack\source_data\attack_02\patched_images\000000309964.jpg,True,True,0.873966634273529,0.8802007436752319,541.3036499023438,99.2287826538086,639.9821166992188,231.20462036132812,542.0396118164062,101.9906997680664,640.0,219.11312866210938,0.9521254609405976,0.8527785959939435,-0.006234109401702881,0.09934686494665412,True,False
attack_02,310072,car,D:\project CS\Faster-RCNN-COCO-Attack\source_data\attack_02\clean_images\000000310072.jpg,D:\project CS\Faster-RCNN-COCO-Attack\source_data\attack_02\patched_images\000000310072.jpg,True,True,0.9954713582992554,0.9969954490661621,228.3988494873047,0.4941944479942322,480.38739013671875,68.61357879638672,227.6289520263672,1.815972924232483,479.4069519042969,69.72969818115234,0.9600294691601476,0.9385955905234958,-0.0015240907669067383,0.021433878636651804,True,False
attack_02,310862,person,D:\project CS\Faster-RCNN-COCO-Attack\source_data\attack_02\clean_images\000000310862.jpg,D:\project CS\Faster-RCNN-COCO-Attack\source_data\attack_02\patched_images\000000310862.jpg,True,True,0.9994020462036133,0.9993788003921509,0.0,0.08843444287776947,588.57568359375,607.8634643554688,1.0482330322265625,0.0,588.1185913085938,612.0,0.956791720874397,0.9526228679097086,2.3245811462402344e-05,0.004168852964688385,True,False
attack_02,312192,person,D:\project CS\Faster-RCNN-COCO-Attack\source_data\attack_02\clean_images\000000312192.jpg,D:\project CS\Faster-RCNN-COCO-Attack\source_data\attack_02\patched_images\000000312192.jpg,True,True,0.9849804639816284,0.9833884239196777,275.2536315917969,6.081921577453613,640.0,220.30194091796875,278.62237548828125,1.843743920326233,637.966796875,228.1178741455078,0.8987196159183954,0.8833280085573416,0.0015920400619506836,0.015391607361053827,True,False
attack_02,315187,car,D:\project CS\Faster-RCNN-COCO-Attack\source_data\attack_02\clean_images\000000315187.jpg,D:\project CS\Faster-RCNN-COCO-Attack\source_data\attack_02\patched_images\000000315187.jpg,True,True,0.9804178476333618,0.9850386381149292,193.64761352539062,349.5487365722656,316.94793701171875,401.3938293457031,193.70399475097656,349.72802734375,316.8883361816406,401.37457275390625,0.9417193091185904,0.9444914805415239,-0.004620790481567383,-0.0027721714229335115,True,False
attack_02,315450,car,D:\project CS\Faster-RCNN-COCO-Attack\source_data\attack_02\clean_images\000000315450.jpg,D:\project CS\Faster-RCNN-COCO-Attack\source_data\attack_02\patched_images\000000315450.jpg,True,True,0.9983144998550415,0.9969741106033325,47.300601959228516,229.83023071289062,148.3868865966797,299.4451599121094,47.727561950683594,230.1327362060547,148.84036254882812,297.8390197753906,0.9616197744470648,0.95064095569016,0.0013403892517089844,0.010978818756904762,True,False
attack_02,322864,car,D:\project CS\Faster-RCNN-COCO-Attack\source_data\attack_02\clean_images\000000322864.jpg,D:\project CS\Faster-RCNN-COCO-Attack\source_data\attack_02\patched_images\000000322864.jpg,True,True,0.9951120018959045,0.993328332901001,0.0,367.7161865234375,426.15155029296875,612.890625,3.3357419967651367,375.0998229980469,420.7596740722656,591.5839233398438,0.8823485142445554,0.937314129365049,0.0017836689949035645,-0.05496561512049358,True,False
attack_02,323571,car,D:\project CS\Faster-RCNN-COCO-Attack\source_data\attack_02\clean_images\000000323571.jpg,D:\project CS\Faster-RCNN-COCO-Attack\source_data\attack_02\patched_images\000000323571.jpg,True,True,0.28802788257598877,0.8039716482162476,76.6630859375,594.6427612304688,151.93885803222656,628.9285278320312,74.43958282470703,593.3240356445312,150.32354736328125,626.9777221679688,0.9019259886609593,0.8916503583135914,-0.5159437656402588,0.010275630347367892,True,False
attack_02,324158,car,D:\project CS\Faster-RCNN-COCO-Attack\source_data\attack_02\clean_images\000000324158.jpg,D:\project CS\Faster-RCNN-COCO-Attack\source_data\attack_02\patched_images\000000324158.jpg,False,False,,,,,,,,,,,,,,,False,False
attack_02,326541,car,D:\project CS\Faster-RCNN-COCO-Attack\source_data\attack_02\clean_images\000000326541.jpg,D:\project CS\Faster-RCNN-COCO-Attack\source_data\attack_02\patched_images\000000326541.jpg,True,True,0.7939870953559875,0.41494059562683105,237.02914428710938,263.6367492675781,347.13592529296875,358.92156982421875,238.11709594726562,265.3775634765625,342.027099609375,357.76275634765625,0.7635717944281558,0.8345030614021434,0.3790464997291565,-0.07093126697398755,True,False
attack_02,326627,car,D:\project CS\Faster-RCNN-COCO-Attack\source_data\attack_02\clean_images\000000326627.jpg,D:\project CS\Faster-RCNN-COCO-Attack\source_data\attack_02\patched_images\000000326627.jpg,True,True,0.9492716193199158,0.9284119009971619,291.15045166015625,396.02734375,345.8642883300781,437.20849609375,291.7554931640625,397.1897277832031,344.8751525878906,437.17578125,0.9434824355484837,0.9731571488487244,0.020859718322753906,-0.02967471330024074,True,False
attack_02,327617,person,D:\project CS\Faster-RCNN-COCO-Attack\source_data\attack_02\clean_images\000000327617.jpg,D:\project CS\Faster-RCNN-COCO-Attack\source_data\attack_02\patched_images\000000327617.jpg,True,True,0.9989959597587585,0.9994528889656067,76.75120544433594,116.98682403564453,243.52919006347656,632.43408203125,74.0086898803711,118.54413604736328,242.71583557128906,627.3697509765625,0.8636789894326051,0.8703257005060376,-0.00045692920684814453,-0.00664671107343251,True,False
attack_02,331604,person,D:\project CS\Faster-RCNN-COCO-Attack\source_data\attack_02\clean_images\000000331604.jpg,D:\project CS\Faster-RCNN-COCO-Attack\source_data\attack_02\patched_images\000000331604.jpg,True,True,0.9997517466545105,0.999151349067688,295.954345703125,151.2057647705078,366.8647155761719,290.3898620605469,294.6923828125,150.7920684814453,367.08160400390625,267.9459228515625,0.9621457656979497,0.7987509470559931,0.0006003975868225098,0.1633948186419566,True,False
attack_02,333402,person,D:\project CS\Faster-RCNN-COCO-Attack\source_data\attack_02\clean_images\000000333402.jpg,D:\project CS\Faster-RCNN-COCO-Attack\source_data\attack_02\patched_images\000000333402.jpg,True,True,0.9998084902763367,0.9998751878738403,476.1150207519531,170.03102111816406,564.8070068359375,395.48870849609375,476.3381652832031,169.81777954101562,563.8963623046875,396.3346252441406,0.968835387807813,0.9643309762063121,-6.669759750366211e-05,0.004504411601500835,True,False
attack_02,334006,car,D:\project CS\Faster-RCNN-COCO-Attack\source_data\attack_02\clean_images\000000334006.jpg,D:\project CS\Faster-RCNN-COCO-Attack\source_data\attack_02\patched_images\000000334006.jpg,True,True,0.9711243510246277,0.9842554926872253,1.040522813796997,211.9388885498047,181.4766387939453,332.63226318359375,1.5302270650863647,215.67811584472656,183.27682495117188,333.3934326171875,0.9530107513992214,0.9065360059309793,-0.013131141662597656,0.04647474546824215,True,False
attack_02,334309,car,D:\project CS\Faster-RCNN-COCO-Attack\source_data\attack_02\clean_images\000000334309.jpg,D:\project CS\Faster-RCNN-COCO-Attack\source_data\attack_02\patched_images\000000334309.jpg,True,True,0.9005246758460999,0.950249433517456,302.8576965332031,81.76669311523438,375.50457763671875,119.14132690429688,302.5176696777344,81.81282806396484,376.3577880859375,119.04656219482422,0.9434222069845642,0.9261745032714093,-0.0497247576713562,0.017247703713154983,True,False
attack_02,334483,person,D:\project CS\Faster-RCNN-COCO-Attack\source_data\attack_02\clean_images\000000334483.jpg,D:\project CS\Faster-RCNN-COCO-Attack\source_data\attack_02\patched_images\000000334483.jpg,True,True,0.9955022931098938,0.9962660670280457,0.44410401582717896,93.5511703491211,228.6095428466797,420.2806091308594,0.2998809814453125,91.81622314453125,225.08811950683594,434.0455627441406,0.9456016822082784,0.9265507791344548,-0.0007637739181518555,0.019050903073823622,True,False
attack_02,336232,person,D:\project CS\Faster-RCNN-COCO-Attack\source_data\attack_02\clean_images\000000336232.jpg,D:\project CS\Faster-RCNN-COCO-Attack\source_data\attack_02\patched_images\000000336232.jpg,True,True,0.997590184211731,0.9981348514556885,88.438232421875,135.36134338378906,173.83517456054688,302.2874755859375,86.60002899169922,135.5579071044922,174.191650390625,302.4555358886719,0.9085531048808545,0.9317435572468957,-0.0005446672439575195,-0.023190452366041225,True,False
attack_02,338219,person,D:\project CS\Faster-RCNN-COCO-Attack\source_data\attack_02\clean_images\000000338219.jpg,D:\project CS\Faster-RCNN-COCO-Attack\source_data\attack_02\patched_images\000000338219.jpg,False,False,,,,,,,,,,,,,,,False,False
attack_02,338718,car,D:\project CS\Faster-RCNN-COCO-Attack\source_data\attack_02\clean_images\000000338718.jpg,D:\project CS\Faster-RCNN-COCO-Attack\source_data\attack_02\patched_images\000000338718.jpg,True,True,0.9981034994125366,0.9970000386238098,72.60334014892578,9.240950584411621,482.49615478515625,194.52413940429688,73.26432800292969,5.842373371124268,492.5523376464844,195.6688690185547,0.899637534598903,0.8979500714617411,0.0011034607887268066,0.0016874631371619486,True,False
attack_02,338986,car,D:\project CS\Faster-RCNN-COCO-Attack\source_data\attack_02\clean_images\000000338986.jpg,D:\project CS\Faster-RCNN-COCO-Attack\source_data\attack_02\patched_images\000000338986.jpg,True,True,0.9739737510681152,0.9537435173988342,290.5728759765625,506.8013610839844,402.8290100097656,628.7437744140625,292.8899230957031,515.522705078125,402.1410827636719,618.560546875,0.8173725813746366,0.8359816706431724,0.020230233669281006,-0.018609089268535772,True,False
attack_02,343803,person,D:\project CS\Faster-RCNN-COCO-Attack\source_data\attack_02\clean_images\000000343803.jpg,D:\project CS\Faster-RCNN-COCO-Attack\source_data\attack_02\patched_images\000000343803.jpg,True,True,0.9998676776885986,0.9998691082000732,12.93630313873291,134.25579833984375,340.4779052734375,608.1617431640625,11.872467994689941,134.5141143798828,338.510009765625,608.1774291992188,0.957327495897194,0.9605242213734095,-1.430511474609375e-06,-0.003196725476215523,True,False
attack_02,344029,car,D:\project CS\Faster-RCNN-COCO-Attack\source_data\attack_02\clean_images\000000344029.jpg,D:\project CS\Faster-RCNN-COCO-Attack\source_data\attack_02\patched_images\000000344029.jpg,True,True,0.8442836403846741,0.8862418532371521,0.49490007758140564,224.90794372558594,41.34418869018555,275.32611083984375,0.736461877822876,224.4635467529297,43.28916549682617,275.4764404296875,0.8443296300339416,0.8160620675584433,-0.04195821285247803,0.02826756247549822,True,False
attack_02,344909,car,D:\project CS\Faster-RCNN-COCO-Attack\source_data\attack_02\clean_images\000000344909.jpg,D:\project CS\Faster-RCNN-COCO-Attack\source_data\attack_02\patched_images\000000344909.jpg,True,True,0.971895158290863,0.969779908657074,377.0018615722656,197.18458557128906,437.0889587402344,236.61898803710938,375.76312255859375,196.38087463378906,436.70684814453125,236.28421020507812,0.8832800781308932,0.8778966420867769,0.0021152496337890625,0.005383436044116285,True,False
attack_02,345941,person,D:\project CS\Faster-RCNN-COCO-Attack\source_data\attack_02\clean_images\000000345941.jpg,D:\project CS\Faster-RCNN-COCO-Attack\source_data\attack_02\patched_images\000000345941.jpg,True,True,0.9805285334587097,0.968418538570404,452.4405212402344,19.485082626342773,624.42626953125,171.92422485351562,452.7825622558594,19.413227081298828,625.6038818359375,175.0612030029297,0.8683667672088438,0.8463526470185591,0.012109994888305664,0.022014120190284703,True,False
attack_02,346232,car,D:\project CS\Faster-RCNN-COCO-Attack\source_data\attack_02\clean_images\000000346232.jpg,D:\project CS\Faster-RCNN-COCO-Attack\source_data\attack_02\patched_images\000000346232.jpg,False,True,,0.2959514260292053,,,,,338.8703308105469,315.7945251464844,424.8350830078125,374.7690734863281,,0.7762660940030643,,,False,False
attack_02,347254,person,D:\project CS\Faster-RCNN-COCO-Attack\source_data\attack_02\clean_images\000000347254.jpg,D:\project CS\Faster-RCNN-COCO-Attack\source_data\attack_02\patched_images\000000347254.jpg,True,True,0.9989786148071289,0.9992522597312927,0.0,23.041086196899414,327.6074523925781,500.0,0.6851291656494141,19.485645294189453,375.0,500.0,0.956561998988257,0.8277527121231669,-0.00027364492416381836,0.12880928686509008,True,False
attack_02,347370,person,D:\project CS\Faster-RCNN-COCO-Attack\source_data\attack_02\clean_images\000000347370.jpg,D:\project CS\Faster-RCNN-COCO-Attack\source_data\attack_02\patched_images\000000347370.jpg,True,True,0.644474446773529,0.3282333314418793,0.0,53.2497444152832,116.14297485351562,372.06097412109375,0.28495001792907715,60.32981872558594,113.28410339355469,368.8626708984375,0.713307628077275,0.7575770696869186,0.3162411153316498,-0.044269441609643634,True,False
attack_02,350003,car,D:\project CS\Faster-RCNN-COCO-Attack\source_data\attack_02\clean_images\000000350003.jpg,D:\project CS\Faster-RCNN-COCO-Attack\source_data\attack_02\patched_images\000000350003.jpg,True,True,0.9976410865783691,0.9975554347038269,475.36859130859375,258.5014953613281,528.6649780273438,298.9277038574219,475.44342041015625,259.7336730957031,529.0559692382812,298.7442321777344,0.9775818463232623,0.9634392561234821,8.565187454223633e-05,0.014142590199780147,True,False
attack_02,351530,person,D:\project CS\Faster-RCNN-COCO-Attack\source_data\attack_02\clean_images\000000351530.jpg,D:\project CS\Faster-RCNN-COCO-Attack\source_data\attack_02\patched_images\000000351530.jpg,True,True,0.9979159235954285,0.9966314435005188,140.53501892089844,115.28267669677734,247.32470703125,279.16729736328125,137.04652404785156,114.80494689941406,246.48924255371094,280.4664306640625,0.6390903776789831,0.6534204966063252,0.001284480094909668,-0.01433011892734204,True,False
attack_02,355325,person,D:\project CS\Faster-RCNN-COCO-Attack\source_data\attack_02\clean_images\000000355325.jpg,D:\project CS\Faster-RCNN-COCO-Attack\source_data\attack_02\patched_images\000000355325.jpg,False,False,,,,,,,,,,,,,,,False,False
attack_02,356169,car,D:\project CS\Faster-RCNN-COCO-Attack\source_data\attack_02\clean_images\000000356169.jpg,D:\project CS\Faster-RCNN-COCO-Attack\source_data\attack_02\patched_images\000000356169.jpg,True,True,0.9605045914649963,0.9123184084892273,18.373455047607422,314.8937072753906,54.660430908203125,355.4172058105469,14.409006118774414,314.757568359375,46.8848876953125,355.5867919921875,0.7872845289295907,0.5468534304269923,0.04818618297576904,0.24043109850259836,True,False
attack_02,356424,car,D:\project CS\Faster-RCNN-COCO-Attack\source_data\attack_02\clean_images\000000356424.jpg,D:\project CS\Faster-RCNN-COCO-Attack\source_data\attack_02\patched_images\000000356424.jpg,True,True,0.9537405967712402,0.9668604731559753,326.5679626464844,191.90750122070312,387.7593994140625,243.79698181152344,326.1600646972656,192.7521514892578,386.20849609375,227.19102478027344,0.6474059443770883,0.9540748457314546,-0.013119876384735107,-0.3066689013543663,True,False
attack_02,357459,person,D:\project CS\Faster-RCNN-COCO-Attack\source_data\attack_02\clean_images\000000357459.jpg,D:\project CS\Faster-RCNN-COCO-Attack\source_data\attack_02\patched_images\000000357459.jpg,True,True,0.8491178154945374,0.6393904089927673,0.0,152.58624267578125,171.03543090820312,340.5704650878906,0.0,148.7891387939453,173.1352996826172,332.4296875,0.8928046520451658,0.9483885471253851,0.20972740650177002,-0.055583895080219325,True,False
attack_02,357737,car,D:\project CS\Faster-RCNN-COCO-Attack\source_data\attack_02\clean_images\000000357737.jpg,D:\project CS\Faster-RCNN-COCO-Attack\source_data\attack_02\patched_images\000000357737.jpg,True,True,0.9967907071113586,0.9970138072967529,62.405460357666016,110.82208251953125,374.5624084472656,254.57972717285156,63.29649353027344,110.73558044433594,376.69708251953125,254.39735412597656,0.895453421557079,0.9013478778885171,-0.0002231001853942871,-0.005894456331438147,True,False
attack_02,365207,car,D:\project CS\Faster-RCNN-COCO-Attack\source_data\attack_02\clean_images\000000365207.jpg,D:\project CS\Faster-RCNN-COCO-Attack\source_data\attack_02\patched_images\000000365207.jpg,True,True,0.5927480459213257,0.4936440587043762,400.27008056640625,185.80630493164062,587.6412353515625,526.6425170898438,397.66693115234375,158.3564910888672,596.3336791992188,525.9185791015625,0.8374144007206593,0.8298176048308721,0.09910398721694946,0.007596795889787233,True,False
attack_02,365642,car,D:\project CS\Faster-RCNN-COCO-Attack\source_data\attack_02\clean_images\000000365642.jpg,D:\project CS\Faster-RCNN-COCO-Attack\source_data\attack_02\patched_images\000000365642.jpg,True,True,0.9050084352493286,0.524917721748352,0.0,26.27574920654297,92.08516693115234,93.86102294921875,0.15327982604503632,24.847848892211914,92.79154205322266,92.50406646728516,0.9835880519593608,0.9547102144144161,0.38009071350097656,0.028877837544944773,True,False
attack_02,368335,car,D:\project CS\Faster-RCNN-COCO-Attack\source_data\attack_02\clean_images\000000368335.jpg,D:\project CS\Faster-RCNN-COCO-Attack\source_data\attack_02\patched_images\000000368335.jpg,True,True,0.6313736438751221,0.6465156674385071,0.0,130.8494110107422,111.48152923583984,543.9068603515625,0.0,121.587158203125,111.87560272216797,540.356201171875,0.7700020260835592,0.796697663318007,-0.01514202356338501,-0.02669563723444779,True,False
attack_02,368752,person,D:\project CS\Faster-RCNN-COCO-Attack\source_data\attack_02\clean_images\000000368752.jpg,D:\project CS\Faster-RCNN-COCO-Attack\source_data\attack_02\patched_images\000000368752.jpg,True,True,0.9949185252189636,0.9936656355857849,5.749621868133545,11.747698783874512,247.46958923339844,395.3014831542969,6.52296781539917,0.8293269276618958,248.8211669921875,394.0119934082031,0.9396890731725233,0.9408902004952179,0.001252889633178711,-0.0012011273226946173,True,False
attack_02,372260,car,D:\project CS\Faster-RCNN-COCO-Attack\source_data\attack_02\clean_images\000000372260.jpg,D:\project CS\Faster-RCNN-COCO-Attack\source_data\attack_02\patched_images\000000372260.jpg,True,True,0.9960916638374329,0.9911335110664368,1.0560245513916016,307.8033447265625,118.58589935302734,543.8135986328125,1.5164140462875366,304.9296875,118.28783416748047,539.3549194335938,0.8790706513261876,0.8840411360065736,0.004958152770996094,-0.004970484680386078,True,False
attack_02,379800,car,D:\project CS\Faster-RCNN-COCO-Attack\source_data\attack_02\clean_images\000000379800.jpg,D:\project CS\Faster-RCNN-COCO-Attack\source_data\attack_02\patched_images\000000379800.jpg,True,True,0.9911008477210999,0.9870311617851257,563.6756591796875,321.2770690917969,638.8377075195312,375.0875244140625,570.74951171875,322.4065856933594,639.4340209960938,373.7669372558594,0.9034716697125168,0.7880178450905756,0.004069685935974121,0.1154538246219412,True,False
attack_02,382111,car,D:\project CS\Faster-RCNN-COCO-Attack\source_data\attack_02\clean_images\000000382111.jpg,D:\project CS\Faster-RCNN-COCO-Attack\source_data\attack_02\patched_images\000000382111.jpg,False,False,,,,,,,,,,,,,,,False,False
attack_02,383289,car,D:\project CS\Faster-RCNN-COCO-Attack\source_data\attack_02\clean_images\000000383289.jpg,D:\project CS\Faster-RCNN-COCO-Attack\source_data\attack_02\patched_images\000000383289.jpg,True,True,0.993083119392395,0.9963068962097168,1.1748902797698975,162.21681213378906,459.9075012207031,434.8722229003906,2.396991014480591,162.52671813964844,434.8069763183594,435.075439453125,0.7493476471563593,0.7902571754742773,-0.0032237768173217773,-0.040909528317918054,True,False
attack_02,385029,person,D:\project CS\Faster-RCNN-COCO-Attack\source_data\attack_02\clean_images\000000385029.jpg,D:\project CS\Faster-RCNN-COCO-Attack\source_data\attack_02\patched_images\000000385029.jpg,True,True,0.7332671284675598,0.4308045208454132,0.0,262.2841796875,275.497802734375,467.341064453125,0.0,236.16847229003906,282.342529296875,477.9316711425781,0.7267151182100522,0.6747526935999942,0.3024626076221466,0.051962424610057956,True,False
attack_02,391140,person,D:\project CS\Faster-RCNN-COCO-Attack\source_data\attack_02\clean_images\000000391140.jpg,D:\project CS\Faster-RCNN-COCO-Attack\source_data\attack_02\patched_images\000000391140.jpg,True,True,0.9997537732124329,0.999818742275238,75.49488067626953,74.51913452148438,402.1537780761719,476.6138610839844,77.44994354248047,75.03128051757812,400.9789123535156,475.00567626953125,0.9259761872937183,0.9398906366412371,-6.496906280517578e-05,-0.013914449347518731,True,False
attack_02,391290,car,D:\project CS\Faster-RCNN-COCO-Attack\source_data\attack_02\clean_images\000000391290.jpg,D:\project CS\Faster-RCNN-COCO-Attack\source_data\attack_02\patched_images\000000391290.jpg,True,True,0.9420027732849121,0.9032636880874634,122.99356079101562,51.03919219970703,227.6275634765625,99.75382232666016,120.9031982421875,51.30112075805664,223.77444458007812,98.88613891601562,0.8740731802462869,0.8206976962410235,0.03873908519744873,0.053375484005263374,True,False
attack_02,392722,car,D:\project CS\Faster-RCNN-COCO-Attack\source_data\attack_02\clean_images\000000392722.jpg,D:\project CS\Faster-RCNN-COCO-Attack\source_data\attack_02\patched_images\000000392722.jpg,True,True,0.5807358026504517,0.7065647840499878,318.3686828613281,267.6163330078125,352.15277099609375,294.7698059082031,317.87347412109375,268.24981689453125,354.5233154296875,294.6656799316406,0.8203332029125721,0.8815393662043213,-0.12582898139953613,-0.061206163291749216,True,False
attack_02,393093,car,D:\project CS\Faster-RCNN-COCO-Attack\source_data\attack_02\clean_images\000000393093.jpg,D:\project CS\Faster-RCNN-COCO-Attack\source_data\attack_02\patched_images\000000393093.jpg,True,True,0.9860144853591919,0.9618253707885742,280.6949462890625,355.5083923339844,359.6872863769531,401.4278564453125,278.9796142578125,354.784912109375,359.8319091796875,401.2370300292969,0.9485693832494363,0.9275275593431522,0.024189114570617676,0.021041823906284063,True,False
attack_02,393226,person,D:\project CS\Faster-RCNN-COCO-Attack\source_data\attack_02\clean_images\000000393226.jpg,D:\project CS\Faster-RCNN-COCO-Attack\source_data\attack_02\patched_images\000000393226.jpg,True,True,0.999612033367157,0.9995366334915161,94.36410522460938,191.91439819335938,154.92059326171875,337.12640380859375,94.3392333984375,192.9067840576172,155.50965881347656,337.1197814941406,0.9705932226489049,0.9682230283843116,7.539987564086914e-05,0.002370194264593284,True,False
attack_02,397133,person,D:\project CS\Faster-RCNN-COCO-Attack\source_data\attack_02\clean_images\000000397133.jpg,D:\project CS\Faster-RCNN-COCO-Attack\source_data\attack_02\patched_images\000000397133.jpg,True,True,0.9994377493858337,0.9994540810585022,385.5489196777344,69.47032928466797,501.306884765625,345.8937683105469,385.3807678222656,70.1728286743164,501.4003601074219,346.0007019042969,0.9383423849730114,0.9372875069202502,-1.633167266845703e-05,0.0010548780527611656,True,False
attack_02,398237,person,D:\project CS\Faster-RCNN-COCO-Attack\source_data\attack_02\clean_images\000000398237.jpg,D:\project CS\Faster-RCNN-COCO-Attack\source_data\attack_02\patched_images\000000398237.jpg,True,True,0.999744713306427,0.9998277425765991,273.7516784667969,109.8604965209961,398.9783630371094,384.6327819824219,275.8167724609375,110.9178695678711,399.9886779785156,383.2713623046875,0.9539134028201114,0.9489145771377185,-8.302927017211914e-05,0.004998825682392849,True,False
attack_02,400367,car,D:\project CS\Faster-RCNN-COCO-Attack\source_data\attack_02\clean_images\000000400367.jpg,D:\project CS\Faster-RCNN-COCO-Attack\source_data\attack_02\patched_images\000000400367.jpg,True,True,0.997492790222168,0.9962915182113647,9.103042602539062,242.79925537109375,130.19537353515625,324.99530029296875,8.885366439819336,242.40740966796875,130.59608459472656,325.14862060546875,0.8948490939581831,0.8929708510820175,0.0012012720108032227,0.00187824287616567,True,False
attack_02,400573,person,D:\project CS\Faster-RCNN-COCO-Attack\source_data\attack_02\clean_images\000000400573.jpg,D:\project CS\Faster-RCNN-COCO-Attack\source_data\attack_02\patched_images\000000400573.jpg,True,True,0.9996490478515625,0.9997802376747131,0.0,19.66245460510254,478.7156066894531,629.4755249023438,0.0,0.4397645890712738,480.0000305175781,628.7158203125,0.9627234390715029,0.9924339063206237,-0.00013118982315063477,-0.029710467249120742,True,False
attack_02,402118,person,D:\project CS\Faster-RCNN-COCO-Attack\source_data\attack_02\clean_images\000000402118.jpg,D:\project CS\Faster-RCNN-COCO-Attack\source_data\attack_02\patched_images\000000402118.jpg,True,True,0.9997275471687317,0.999722421169281,182.85597229003906,64.84425354003906,492.04107666015625,306.8128356933594,186.22140502929688,63.74736404418945,490.25946044921875,307.1041564941406,0.9532493877281574,0.9555326203364597,5.125999450683594e-06,-0.0022832326083023213,True,False
attack_02,402774,person,D:\project CS\Faster-RCNN-COCO-Attack\source_data\attack_02\clean_images\000000402774.jpg,D:\project CS\Faster-RCNN-COCO-Attack\source_data\attack_02\patched_images\000000402774.jpg,True,True,0.9994910955429077,0.999336302280426,126.04933166503906,152.72886657714844,274.5400085449219,620.822265625,124.39654541015625,162.32330322265625,274.1509094238281,618.5371704101562,0.9579126633893947,0.9422996202574528,0.00015479326248168945,0.015613043131941895,True,False
attack_02,404484,person,D:\project CS\Faster-RCNN-COCO-Attack\source_data\attack_02\clean_images\000000404484.jpg,D:\project CS\Faster-RCNN-COCO-Attack\source_data\attack_02\patched_images\000000404484.jpg,True,True,0.7871765494346619,0.9649524688720703,173.60238647460938,24.253387451171875,263.4043273925781,107.46795654296875,175.956298828125,25.023849487304688,262.3765869140625,111.67176055908203,0.9410674331496347,0.9224098296938005,-0.17777591943740845,0.018657603455834226,True,False
attack_02,406129,person,D:\project CS\Faster-RCNN-COCO-Attack\source_data\attack_02\clean_images\000000406129.jpg,D:\project CS\Faster-RCNN-COCO-Attack\source_data\attack_02\patched_images\000000406129.jpg,True,True,0.999550998210907,0.9991247057914734,170.63645935058594,167.24432373046875,355.4245910644531,599.013427734375,170.6201629638672,167.3729705810547,354.0103454589844,596.6085815429688,0.886621879534088,0.884146470130281,0.00042629241943359375,0.002475409403806972,True,False
attack_02,407083,car,D:\project CS\Faster-RCNN-COCO-Attack\source_data\attack_02\clean_images\000000407083.jpg,D:\project CS\Faster-RCNN-COCO-Attack\source_data\attack_02\patched_images\000000407083.jpg,True,False,0.4093519151210785,,8.46221923828125,10.9137544631958,477.7209167480469,640.0,,,,,0.9410322622394369,,,,True,True
attack_02,408774,person,D:\project CS\Faster-RCNN-COCO-Attack\source_data\attack_02\clean_images\000000408774.jpg,D:\project CS\Faster-RCNN-COCO-Attack\source_data\attack_02\patched_images\000000408774.jpg,True,True,0.9900918006896973,0.9887624382972717,0.3061572313308716,109.83378601074219,32.069122314453125,331.8541259765625,0.05200502648949623,113.50042724609375,34.40855026245117,331.9786376953125,0.9719428363918982,0.8907226210468012,0.0013293623924255371,0.08122021534509694,True,False
attack_02,410456,person,D:\project CS\Faster-RCNN-COCO-Attack\source_data\attack_02\clean_images\000000410456.jpg,D:\project CS\Faster-RCNN-COCO-Attack\source_data\attack_02\patched_images\000000410456.jpg,True,True,0.9990354776382446,0.998895525932312,50.34828186035156,120.01988220214844,173.17698669433594,325.6336669921875,50.34941864013672,117.37938690185547,176.05526733398438,325.76312255859375,0.9437571411714982,0.9604550404432008,0.0001399517059326172,-0.01669789927170262,True,False
attack_02,411938,person,D:\project CS\Faster-RCNN-COCO-Attack\source_data\attack_02\clean_images\000000411938.jpg,D:\project CS\Faster-RCNN-COCO-Attack\source_data\attack_02\patched_images\000000411938.jpg,True,True,0.8550129532814026,0.9514591097831726,273.1898193359375,150.3487091064453,424.9691162109375,410.509033203125,291.3023681640625,150.7610626220703,427.4371032714844,422.8397216796875,0.8555488813569665,0.7679426561823303,-0.09644615650177002,0.08760622517463623,True,False
attack_02,413689,car,D:\project CS\Faster-RCNN-COCO-Attack\source_data\attack_02\clean_images\000000413689.jpg,D:\project CS\Faster-RCNN-COCO-Attack\source_data\attack_02\patched_images\000000413689.jpg,True,True,0.9927918910980225,0.9825467467308044,1.5580683946609497,144.8216552734375,55.28642272949219,167.50257873535156,2.4962637424468994,145.07424926757812,55.2429313659668,167.59742736816406,0.9439400968594222,0.9215241957197453,0.010245144367218018,0.02241590113967684,True,False
attack_02,417779,car,D:\project CS\Faster-RCNN-COCO-Attack\source_data\attack_02\clean_images\000000417779.jpg,D:\project CS\Faster-RCNN-COCO-Attack\source_data\attack_02\patched_images\000000417779.jpg,True,True,0.9868074059486389,0.9915163516998291,191.72312927246094,99.95548248291016,257.2252502441406,141.9935760498047,190.7849884033203,99.96026611328125,257.20361328125,142.19546508789062,0.8173043984161981,0.8095494685837856,-0.0047089457511901855,0.007754929832412438,True,False
attack_02,418696,car,D:\project CS\Faster-RCNN-COCO-Attack\source_data\attack_02\clean_images\000000418696.jpg,D:\project CS\Faster-RCNN-COCO-Attack\source_data\attack_02\patched_images\000000418696.jpg,True,True,0.9851194024085999,0.868446409702301,516.8384399414062,280.55426025390625,578.017333984375,308.5509948730469,518.3859252929688,281.26275634765625,576.1052856445312,308.54693603515625,0.7362318023575616,0.6773739624469408,0.11667299270629883,0.05885783991062077,True,False
attack_02,420840,person,D:\project CS\Faster-RCNN-COCO-Attack\source_data\attack_02\clean_images\000000420840.jpg,D:\project CS\Faster-RCNN-COCO-Attack\source_data\attack_02\patched_images\000000420840.jpg,True,True,0.9982660412788391,0.9984562397003174,169.145751953125,6.044034481048584,463.128662109375,423.9999694824219,167.1708221435547,3.5722594261169434,476.3441162109375,421.59344482421875,0.9499509645066221,0.9031367271192617,-0.00019019842147827148,0.04681423738736035,True,False
attack_02,421455,person,D:\project CS\Faster-RCNN-COCO-Attack\source_data\attack_02\clean_images\000000421455.jpg,D:\project CS\Faster-RCNN-COCO-Attack\source_data\attack_02\patched_images\000000421455.jpg,True,True,0.4597666561603546,0.3197932243347168,42.38149642944336,79.69728088378906,222.81468200683594,375.0,45.331451416015625,73.72295379638672,241.81222534179688,375.0,0.9158709826958066,0.8243887515254144,0.13997343182563782,0.09148223117039223,True,False
attack_02,424521,person,D:\project CS\Faster-RCNN-COCO-Attack\source_data\attack_02\clean_images\000000424521.jpg,D:\project CS\Faster-RCNN-COCO-Attack\source_data\attack_02\patched_images\000000424521.jpg,True,True,0.9996914863586426,0.9994823932647705,45.786399841308594,137.2215118408203,180.24713134765625,297.1300354003906,45.64730453491211,139.06124877929688,180.48536682128906,298.7522277832031,0.9512639142720167,0.9711654644741549,0.0002090930938720703,-0.01990155020213813,True,False
attack_02,425226,person,D:\project CS\Faster-RCNN-COCO-Attack\source_data\attack_02\clean_images\000000425226.jpg,D:\project CS\Faster-RCNN-COCO-Attack\source_data\attack_02\patched_images\000000425226.jpg,True,True,0.999625563621521,0.9989725351333618,71.44233703613281,204.6749725341797,366.96514892578125,582.74169921875,67.78880310058594,205.97727966308594,371.9576416015625,589.148681640625,0.956700223381176,0.9483971991151798,0.0006530284881591797,0.008303024265996162,True,False
attack_02,427655,car,D:\project CS\Faster-RCNN-COCO-Attack\source_data\attack_02\clean_images\000000427655.jpg,D:\project CS\Faster-RCNN-COCO-Attack\source_data\attack_02\patched_images\000000427655.jpg,True,True,0.974428117275238,0.9647470712661743,220.99240112304688,225.11260986328125,279.1962890625,265.71405029296875,220.79261779785156,225.03921508789062,279.2844543457031,265.9632873535156,0.7396457696698994,0.7328636386429795,0.00968104600906372,0.006782131026919824,True,False
attack_02,429690,person,D:\project CS\Faster-RCNN-COCO-Attack\source_data\attack_02\clean_images\000000429690.jpg,D:\project CS\Faster-RCNN-COCO-Attack\source_data\attack_02\patched_images\000000429690.jpg,True,True,0.9981830716133118,0.9976867437362671,1.8803836107254028,0.7487778663635254,233.10775756835938,425.0043029785156,0.8691324591636658,0.8877210021018982,236.18032836914062,423.1471862792969,0.9608738201083031,0.9400762860219191,0.0004963278770446777,0.020797534086384073,True,False
attack_02,430048,car,D:\project CS\Faster-RCNN-COCO-Attack\source_data\attack_02\clean_images\000000430048.jpg,D:\project CS\Faster-RCNN-COCO-Attack\source_data\attack_02\patched_images\000000430048.jpg,True,True,0.9231692552566528,0.4652349054813385,213.44796752929688,237.72157287597656,294.11395263671875,275.6722412109375,216.93850708007812,238.56459045410156,290.0152893066406,274.5711364746094,0.8796032488460698,0.7560279185264221,0.45793434977531433,0.12357533031964762,True,False
attack_02,430377,person,D:\project CS\Faster-RCNN-COCO-Attack\source_data\attack_02\clean_images\000000430377.jpg,D:\project CS\Faster-RCNN-COCO-Attack\source_data\attack_02\patched_images\000000430377.jpg,True,True,0.9994787573814392,0.999219536781311,82.87581634521484,51.397804260253906,257.2870178222656,585.4874267578125,82.56942749023438,46.083866119384766,259.8742370605469,582.4353637695312,0.8922850787015023,0.9168486696862083,0.00025922060012817383,-0.024563590984705952,True,False
attack_02,431545,person,D:\project CS\Faster-RCNN-COCO-Attack\source_data\attack_02\clean_images\000000431545.jpg,D:\project CS\Faster-RCNN-COCO-Attack\source_data\attack_02\patched_images\000000431545.jpg,True,True,0.9997698664665222,0.9995914101600647,142.19593811035156,80.38252258300781,238.87664794921875,291.23321533203125,141.7969207763672,80.0762710571289,238.28533935546875,290.5996398925781,0.9787220160245554,0.9789488336813357,0.00017845630645751953,-0.00022681765678023158,True,False
attack_02,436617,person,D:\project CS\Faster-RCNN-COCO-Attack\source_data\attack_02\clean_images\000000436617.jpg,D:\project CS\Faster-RCNN-COCO-Attack\source_data\attack_02\patched_images\000000436617.jpg,True,True,0.9811218976974487,0.9868616461753845,57.75025177001953,179.7136993408203,249.2225799560547,424.0051574707031,56.658199310302734,179.43980407714844,260.2540283203125,425.0,0.9460096943947063,0.9479470744526952,-0.005739748477935791,-0.0019373800579889355,True,False
attack_02,441553,person,D:\project CS\Faster-RCNN-COCO-Attack\source_data\attack_02\clean_images\000000441553.jpg,D:\project CS\Faster-RCNN-COCO-Attack\source_data\attack_02\patched_images\000000441553.jpg,False,False,,,,,,,,,,,,,,,False,False
attack_02,443426,person,D:\project CS\Faster-RCNN-COCO-Attack\source_data\attack_02\clean_images\000000443426.jpg,D:\project CS\Faster-RCNN-COCO-Attack\source_data\attack_02\patched_images\000000443426.jpg,True,True,0.9995057582855225,0.9991577863693237,31.95435905456543,204.46563720703125,478.3363952636719,632.877197265625,33.79667663574219,203.8073272705078,480.0000305175781,636.5994873046875,0.9652735193681177,0.95831641758805,0.00034797191619873047,0.006957101780067698,True,False
attack_02,447314,person,D:\project CS\Faster-RCNN-COCO-Attack\source_data\attack_02\clean_images\000000447314.jpg,D:\project CS\Faster-RCNN-COCO-Attack\source_data\attack_02\patched_images\000000447314.jpg,True,True,0.999349057674408,0.9992424249649048,96.02872467041016,225.9102783203125,220.60589599609375,403.17767333984375,94.1713638305664,225.15493774414062,220.8034210205078,402.9863586425781,0.9165694935655315,0.9285115755621172,0.00010663270950317383,-0.01194208199658564,True,False
attack_02,449312,car,D:\project CS\Faster-RCNN-COCO-Attack\source_data\attack_02\clean_images\000000449312.jpg,D:\project CS\Faster-RCNN-COCO-Attack\source_data\attack_02\patched_images\000000449312.jpg,False,False,,,,,,,,,,,,,,,False,False
attack_02,451155,person,D:\project CS\Faster-RCNN-COCO-Attack\source_data\attack_02\clean_images\000000451155.jpg,D:\project CS\Faster-RCNN-COCO-Attack\source_data\attack_02\patched_images\000000451155.jpg,False,True,,0.4891040325164795,,,,,246.37217712402344,168.50926208496094,377.1128234863281,374.7915344238281,,0.620625837655,,,False,False
attack_02,451714,person,D:\project CS\Faster-RCNN-COCO-Attack\source_data\attack_02\clean_images\000000451714.jpg,D:\project CS\Faster-RCNN-COCO-Attack\source_data\attack_02\patched_images\000000451714.jpg,True,True,0.9993610978126526,0.9995336532592773,178.5755157470703,104.8240737915039,320.17626953125,572.9949340820312,177.8141632080078,103.23088073730469,320.40338134765625,575.6548461914062,0.9713989832943155,0.955980382954309,-0.00017255544662475586,0.015418600340006527,True,False
attack_02,453841,car,D:\project CS\Faster-RCNN-COCO-Attack\source_data\attack_02\clean_images\000000453841.jpg,D:\project CS\Faster-RCNN-COCO-Attack\source_data\attack_02\patched_images\000000453841.jpg,True,True,0.9990106821060181,0.9983332753181458,203.10943603515625,161.45469665527344,394.1455993652344,317.0616455078125,203.79428100585938,161.56224060058594,400.5558776855469,326.533203125,0.8850901133837621,0.9678083269267499,0.0006774067878723145,-0.0827182135429878,True,False
attack_02,454661,car,D:\project CS\Faster-RCNN-COCO-Attack\source_data\attack_02\clean_images\000000454661.jpg,D:\project CS\Faster-RCNN-COCO-Attack\source_data\attack_02\patched_images\000000454661.jpg,True,True,0.9976100921630859,0.9984403252601624,250.87965393066406,177.6375274658203,640.0,354.91424560546875,248.59629821777344,176.2902374267578,640.0,353.45794677734375,0.9207064359651117,0.9111984496675116,-0.000830233097076416,0.00950798629760008,True,False
attack_02,455219,person,D:\project CS\Faster-RCNN-COCO-Attack\source_data\attack_02\clean_images\000000455219.jpg,D:\project CS\Faster-RCNN-COCO-Attack\source_data\attack_02\patched_images\000000455219.jpg,True,True,0.999441921710968,0.9991999268531799,470.7498779296875,202.01052856445312,546.728515625,369.5444030761719,470.0954284667969,201.04225158691406,549.9337158203125,371.2096252441406,0.9410786463983483,0.883423234520261,0.00024199485778808594,0.057655411878087315,True,False
attack_02,461751,car,D:\project CS\Faster-RCNN-COCO-Attack\source_data\attack_02\clean_images\000000461751.jpg,D:\project CS\Faster-RCNN-COCO-Attack\source_data\attack_02\patched_images\000000461751.jpg,True,True,0.8164693713188171,0.7757126688957214,0.0015207870164886117,29.641357421875,640.0,464.7516174316406,5.064546585083008,30.314144134521484,640.0,476.5877685546875,0.8003689168606548,0.7838696430502561,0.0407567024230957,0.01649927381039873,True,False
attack_02,463730,car,D:\project CS\Faster-RCNN-COCO-Attack\source_data\attack_02\clean_images\000000463730.jpg,D:\project CS\Faster-RCNN-COCO-Attack\source_data\attack_02\patched_images\000000463730.jpg,True,True,0.9980996251106262,0.9976130723953247,511.4573974609375,182.42251586914062,640.0,323.2104797363281,508.6698913574219,179.0050048828125,639.5275268554688,321.4669494628906,0.9687883770903294,0.9110868060064161,0.00048655271530151367,0.05770157108391327,True,False
attack_02,464824,car,D:\project CS\Faster-RCNN-COCO-Attack\source_data\attack_02\clean_images\000000464824.jpg,D:\project CS\Faster-RCNN-COCO-Attack\source_data\attack_02\patched_images\000000464824.jpg,True,True,0.9329202175140381,0.9436730742454529,408.34356689453125,1.4763683080673218,479.6406555175781,83.98873901367188,406.4980163574219,1.0868929624557495,479.1880187988281,97.28829193115234,0.5491166765128405,0.5102579269041675,-0.010752856731414795,0.03885874960867297,True,False
attack_02,466986,person,D:\project CS\Faster-RCNN-COCO-Attack\source_data\attack_02\clean_images\000000466986.jpg,D:\project CS\Faster-RCNN-COCO-Attack\source_data\attack_02\patched_images\000000466986.jpg,True,True,0.9998446702957153,0.9998432397842407,230.11434936523438,144.13015747070312,465.90509033203125,430.0209655761719,229.7244873046875,144.8292999267578,464.754638671875,430.2635498046875,0.9132006426016477,0.9102903753702882,1.430511474609375e-06,0.0029102672313594535,True,False
attack_02,475191,person,D:\project CS\Faster-RCNN-COCO-Attack\source_data\attack_02\clean_images\000000475191.jpg,D:\project CS\Faster-RCNN-COCO-Attack\source_data\attack_02\patched_images\000000475191.jpg,True,True,0.9990919828414917,0.9990028738975525,176.4612274169922,91.33773803710938,422.8619079589844,414.8752746582031,175.48974609375,90.83525848388672,419.9986877441406,412.63409423828125,0.9641835969098438,0.9611881473956677,8.910894393920898e-05,0.002995449514176074,True,False
attack_02,477805,person,D:\project CS\Faster-RCNN-COCO-Attack\source_data\attack_02\clean_images\000000477805.jpg,D:\project CS\Faster-RCNN-COCO-Attack\source_data\attack_02\patched_images\000000477805.jpg,True,True,0.5946263074874878,0.9609004259109497,360.1355285644531,20.852149963378906,570.4276123046875,366.7005920410156,334.4052734375,23.9633846282959,626.906982421875,357.0492858886719,0.7731039464992933,0.6337929306221373,-0.3662741184234619,0.139311015877156,True,False
attack_02,480944,car,D:\project CS\Faster-RCNN-COCO-Attack\source_data\attack_02\clean_images\000000480944.jpg,D:\project CS\Faster-RCNN-COCO-Attack\source_data\attack_02\patched_images\000000480944.jpg,True,True,0.994418740272522,0.991998016834259,20.90917205810547,355.42169189453125,124.7667465209961,397.8053894042969,21.00650978088379,355.7568359375,121.7046127319336,398.10052490234375,0.9592910002384274,0.9534025556363483,0.0024207234382629395,0.005888444602079046,True,False
attack_02,481413,person,D:\project CS\Faster-RCNN-COCO-Attack\source_data\attack_02\clean_images\000000481413.jpg,D:\project CS\Faster-RCNN-COCO-Attack\source_data\attack_02\patched_images\000000481413.jpg,True,True,0.9996594190597534,0.999681830406189,202.1751708984375,100.81735229492188,335.44415283203125,336.98089599609375,201.79383850097656,99.6084213256836,337.73974609375,334.3487243652344,0.9800003711768939,0.9669261250416872,-2.2411346435546875e-05,0.01307424613520669,True,False
attack_02,486438,person,D:\project CS\Faster-RCNN-COCO-Attack\source_data\attack_02\clean_images\000000486438.jpg,D:\project CS\Faster-RCNN-COCO-Attack\source_data\attack_02\patched_images\000000486438.jpg,True,True,0.9600058794021606,0.9709544777870178,63.699337005615234,1.7797503471374512,617.5806274414062,235.43907165527344,70.09579467773438,0.0,605.6480712890625,233.79034423828125,0.9078042637024991,0.9327661118043021,-0.010948598384857178,-0.02496184810180302,True,False
attack_02,491213,car,D:\project CS\Faster-RCNN-COCO-Attack\source_data\attack_02\clean_images\000000491213.jpg,D:\project CS\Faster-RCNN-COCO-Attack\source_data\attack_02\patched_images\000000491213.jpg,True,True,0.6103187799453735,0.5368645787239075,62.41485595703125,85.9779281616211,308.1992492675781,248.3462677001953,58.4925651550293,84.22905731201172,306.2509765625,253.3865966796875,0.9201332600316916,0.9113177420754688,0.07345420122146606,0.008815517956222818,True,False
attack_02,503755,person,D:\project CS\Faster-RCNN-COCO-Attack\source_data\attack_02\clean_images\000000503755.jpg,D:\project CS\Faster-RCNN-COCO-Attack\source_data\attack_02\patched_images\000000503755.jpg,True,True,0.9998294115066528,0.9995043277740479,6.202258586883545,79.35273742675781,478.15985107421875,631.5697021484375,17.34473991394043,75.7744140625,480.0000305175781,633.0673217773438,0.9611665095118175,0.9844968897432967,0.00032508373260498047,-0.023330380231479264,True,False
attack_02,504589,person,D:\project CS\Faster-RCNN-COCO-Attack\source_data\attack_02\clean_images\000000504589.jpg,D:\project CS\Faster-RCNN-COCO-Attack\source_data\attack_02\patched_images\000000504589.jpg,True,True,0.9995923638343811,0.9995881915092468,0.19540807604789734,367.1326599121094,155.77996826171875,634.1146240234375,0.14155744016170502,365.15118408203125,156.3597869873047,635.1868896484375,0.9701355873374076,0.9701377766756653,4.172325134277344e-06,-2.1893382576854137e-06,True,False
attack_02,507667,car,D:\project CS\Faster-RCNN-COCO-Attack\source_data\attack_02\clean_images\000000507667.jpg,D:\project CS\Faster-RCNN-COCO-Attack\source_data\attack_02\patched_images\000000507667.jpg,True,True,0.971592903137207,0.9806760549545288,214.39944458007812,10.009448051452637,357.10882568359375,57.35996627807617,211.7592010498047,10.895499229431152,355.2351989746094,55.677249908447266,0.8458796105373476,0.8314554517890682,-0.009083151817321777,0.014424158748279403,True,False
attack_02,507797,car,D:\project CS\Faster-RCNN-COCO-Attack\source_data\attack_02\clean_images\000000507797.jpg,D:\project CS\Faster-RCNN-COCO-Attack\source_data\attack_02\patched_images\000000507797.jpg,True,True,0.981313943862915,0.9407235980033875,195.69114685058594,177.27392578125,230.30564880371094,206.724365234375,204.90184020996094,179.5828399658203,230.6420135498047,206.35487365722656,0.9166237732521259,0.7191142714524212,0.04059034585952759,0.1975095017997046,True,False
attack_02,508602,car,D:\project CS\Faster-RCNN-COCO-Attack\source_data\attack_02\clean_images\000000508602.jpg,D:\project CS\Faster-RCNN-COCO-Attack\source_data\attack_02\patched_images\000000508602.jpg,True,True,0.9753233790397644,0.9701751470565796,0.0,252.54710388183594,499.9999694824219,425.2887268066406,0.0,254.63246154785156,499.9999694824219,425.55194091796875,0.9879462307899287,0.974525147846705,0.0051482319831848145,0.01342108294322375,True,False
attack_02,511076,car,D:\project CS\Faster-RCNN-COCO-Attack\source_data\attack_02\clean_images\000000511076.jpg,D:\project CS\Faster-RCNN-COCO-Attack\source_data\attack_02\patched_images\000000511076.jpg,True,True,0.8774656057357788,0.753446638584137,179.7366485595703,115.69352722167969,221.67697143554688,151.69573974609375,180.4849853515625,116.14128112792969,222.02383422851562,152.0259552001953,0.9677500595662176,0.956813965319442,0.12401896715164185,0.010936094246775663,True,False
attack_02,511599,person,D:\project CS\Faster-RCNN-COCO-Attack\source_data\attack_02\clean_images\000000511599.jpg,D:\project CS\Faster-RCNN-COCO-Attack\source_data\attack_02\patched_images\000000511599.jpg,True,True,0.9905523061752319,0.9923176765441895,397.44873046875,258.2254638671875,442.0221862792969,320.7723388671875,397.1083984375,257.988525390625,442.7193908691406,319.8160400390625,0.9579860935353156,0.9344633847563258,-0.0017653703689575195,0.023522708778989765,True,False
attack_02,514586,car,D:\project CS\Faster-RCNN-COCO-Attack\source_data\attack_02\clean_images\000000514586.jpg,D:\project CS\Faster-RCNN-COCO-Attack\source_data\attack_02\patched_images\000000514586.jpg,True,True,0.8547673225402832,0.7892817258834839,266.5325012207031,107.69241333007812,314.6891174316406,153.43492126464844,274.6033935546875,119.50748443603516,312.8949279785156,153.35498046875,0.5341210506317413,0.907791922125518,0.06548559665679932,-0.37367087149377665,True,False
attack_02,515266,car,D:\project CS\Faster-RCNN-COCO-Attack\source_data\attack_02\clean_images\000000515266.jpg,D:\project CS\Faster-RCNN-COCO-Attack\source_data\attack_02\patched_images\000000515266.jpg,True,True,0.9544885158538818,0.9621533155441284,593.813720703125,105.27296447753906,635.3101196289062,130.2605438232422,596.67529296875,105.33782958984375,634.6976928710938,130.37120056152344,0.8764536561489016,0.9237240391788392,-0.007664799690246582,-0.04727038302993758,True,False
attack_02,517069,car,D:\project CS\Faster-RCNN-COCO-Attack\source_data\attack_02\clean_images\000000517069.jpg,D:\project CS\Faster-RCNN-COCO-Attack\source_data\attack_02\patched_images\000000517069.jpg,True,True,0.9289345741271973,0.9807486534118652,429.4116516113281,298.3913269042969,536.3358764648438,355.3751220703125,460.31536865234375,303.2380065917969,537.9739379882812,355.8119812011719,0.8434465038451265,0.5713332276959409,-0.05181407928466797,0.2721132761491857,True,False
attack_02,520009,car,D:\project CS\Faster-RCNN-COCO-Attack\source_data\attack_02\clean_images\000000520009.jpg,D:\project CS\Faster-RCNN-COCO-Attack\source_data\attack_02\patched_images\000000520009.jpg,True,True,0.9966623783111572,0.9957032799720764,0.0,333.18914794921875,215.64418029785156,412.0,0.0,333.2684020996094,215.62109375,412.0,0.9819645135079933,0.9828465858934422,0.0009590983390808105,-0.0008820723854489065,True,False
attack_02,521141,car,D:\project CS\Faster-RCNN-COCO-Attack\source_data\attack_02\clean_images\000000521141.jpg,D:\project CS\Faster-RCNN-COCO-Attack\source_data\attack_02\patched_images\000000521141.jpg,True,True,0.9948704242706299,0.9954569339752197,304.8529357910156,241.56907653808594,375.0,273.00299072265625,305.05511474609375,241.4580841064453,375.0,272.9300842285156,0.9795480833681799,0.9753304061744256,-0.0005865097045898438,0.004217677193754321,True,False
attack_02,526728,car,D:\project CS\Faster-RCNN-COCO-Attack\source_data\attack_02\clean_images\000000526728.jpg,D:\project CS\Faster-RCNN-COCO-Attack\source_data\attack_02\patched_images\000000526728.jpg,True,True,0.9978508949279785,0.9914129972457886,389.25640869140625,172.02272033691406,453.634765625,197.41915893554688,387.53656005859375,171.56008911132812,451.970947265625,197.53233337402344,0.9026990655478143,0.9190889263234329,0.006437897682189941,-0.016389860775618548,True,False
attack_02,527220,car,D:\project CS\Faster-RCNN-COCO-Attack\source_data\attack_02\clean_images\000000527220.jpg,D:\project CS\Faster-RCNN-COCO-Attack\source_data\attack_02\patched_images\000000527220.jpg,True,True,0.9812970757484436,0.9740439653396606,3.105736017227173,1.2680788040161133,177.4857940673828,160.81997680664062,1.9594552516937256,3.1738672256469727,167.5167999267578,155.18528747558594,0.9040252472454009,0.9648511556618673,0.007253110408782959,-0.0608259084164664,True,False
attack_02,528705,person,D:\project CS\Faster-RCNN-COCO-Attack\source_data\attack_02\clean_images\000000528705.jpg,D:\project CS\Faster-RCNN-COCO-Attack\source_data\attack_02\patched_images\000000528705.jpg,True,True,0.989465594291687,0.981389582157135,340.37164306640625,488.77447509765625,424.71563720703125,630.4561767578125,343.54974365234375,498.5785827636719,426.0000305175781,637.5853881835938,0.6402546174428223,0.6140627679338492,0.008076012134552002,0.02619184950897313,True,False
attack_02,530854,person,D:\project CS\Faster-RCNN-COCO-Attack\source_data\attack_02\clean_images\000000530854.jpg,D:\project CS\Faster-RCNN-COCO-Attack\source_data\attack_02\patched_images\000000530854.jpg,True,True,0.8091831803321838,0.854362964630127,56.05189514160156,134.61764526367188,149.48223876953125,169.8905029296875,56.27370071411133,132.7881317138672,146.54974365234375,170.1787109375,0.8699259338838425,0.8839959693469792,-0.045179784297943115,-0.014070035463136676,True,False
attack_02,532855,person,D:\project CS\Faster-RCNN-COCO-Attack\source_data\attack_02\clean_images\000000532855.jpg,D:\project CS\Faster-RCNN-COCO-Attack\source_data\attack_02\patched_images\000000532855.jpg,True,True,0.9942800998687744,0.9967183470726013,92.42391967773438,0.0,340.5758361816406,235.98876953125,93.27579498291016,0.0,339.8076171875,235.3064422607422,0.8363584649162112,0.8332229533260805,-0.0024382472038269043,0.003135511590130702,True,False
attack_02,534041,person,D:\project CS\Faster-RCNN-COCO-Attack\source_data\attack_02\clean_images\000000534041.jpg,D:\project CS\Faster-RCNN-COCO-Attack\source_data\attack_02\patched_images\000000534041.jpg,True,True,0.9894860982894897,0.9939325451850891,211.7890625,34.045860290527344,498.8828430175781,371.2266540527344,182.83326721191406,31.568714141845703,499.7323303222656,373.1241455078125,0.8740808050013241,0.8038007284970166,-0.004446446895599365,0.07028007650430756,True,False
attack_02,535306,person,D:\project CS\Faster-RCNN-COCO-Attack\source_data\attack_02\clean_images\000000535306.jpg,D:\project CS\Faster-RCNN-COCO-Attack\source_data\attack_02\patched_images\000000535306.jpg,True,True,0.9977499842643738,0.9963105320930481,74.27720642089844,0.5622766613960266,339.6582946777344,202.41793823242188,82.79690551757812,0.12310420721769333,339.1631164550781,207.22694396972656,0.7685244351766876,0.8089104950287839,0.0014394521713256836,-0.04038605985209631,True,False
attack_02,538067,person,D:\project CS\Faster-RCNN-COCO-Attack\source_data\attack_02\clean_images\000000538067.jpg,D:\project CS\Faster-RCNN-COCO-Attack\source_data\attack_02\patched_images\000000538067.jpg,True,True,0.9933465719223022,0.9901781678199768,68.02580261230469,309.83160400390625,97.07188415527344,346.0614929199219,68.54083251953125,309.6661376953125,96.9894027709961,345.70562744140625,0.9654773100374777,0.9734111968644162,0.0031684041023254395,-0.007933886826938519,True,False
attack_02,542625,car,D:\project CS\Faster-RCNN-COCO-Attack\source_data\attack_02\clean_images\000000542625.jpg,D:\project CS\Faster-RCNN-COCO-Attack\source_data\attack_02\patched_images\000000542625.jpg,True,True,0.9976900815963745,0.9970746040344238,293.31964111328125,218.2496795654297,640.0,478.4908142089844,280.7546691894531,223.34707641601562,640.0,478.7743835449219,0.9668517144991324,0.9778453866677151,0.0006154775619506836,-0.010993672168582713,True,False
attack_02,542776,person,D:\project CS\Faster-RCNN-COCO-Attack\source_data\attack_02\clean_images\000000542776.jpg,D:\project CS\Faster-RCNN-COCO-Attack\source_data\attack_02\patched_images\000000542776.jpg,True,False,0.2817395329475403,,213.096435546875,267.9649353027344,630.1155395507812,421.1556701660156,,,,,0.6306473209809175,,,,True,True
attack_02,546475,person,D:\project CS\Faster-RCNN-COCO-Attack\source_data\attack_02\clean_images\000000546475.jpg,D:\project CS\Faster-RCNN-COCO-Attack\source_data\attack_02\patched_images\000000546475.jpg,True,True,0.9967441558837891,0.9983863830566406,25.37185287475586,2.8261265754699707,315.8987731933594,559.348876953125,29.77764320373535,0.0,369.1288757324219,640.0,0.7010780178405858,0.9403717786217429,-0.0016422271728515625,-0.23929376078115716,True,False
attack_02,548246,person,D:\project CS\Faster-RCNN-COCO-Attack\source_data\attack_02\clean_images\000000548246.jpg,D:\project CS\Faster-RCNN-COCO-Attack\source_data\attack_02\patched_images\000000548246.jpg,True,True,0.9996009469032288,0.9994522929191589,215.11309814453125,99.07730865478516,424.8671569824219,428.0000305175781,210.60716247558594,99.53477478027344,424.91400146484375,428.0000305175781,0.9727159062363193,0.9562114257400302,0.00014865398406982422,0.016504480496289164,True,False
attack_02,550691,car,D:\project CS\Faster-RCNN-COCO-Attack\source_data\attack_02\clean_images\000000550691.jpg,D:\project CS\Faster-RCNN-COCO-Attack\source_data\attack_02\patched_images\000000550691.jpg,True,True,0.9979350566864014,0.9981340765953064,115.25297546386719,285.9089660644531,198.2523956298828,353.94818115234375,115.81163024902344,285.6930847167969,197.9060516357422,354.4064025878906,0.9139528390148175,0.9207681254514374,-0.0001990199089050293,-0.006815286436619883,True,False
attack_02,552842,person,D:\project CS\Faster-RCNN-COCO-Attack\source_data\attack_02\clean_images\000000552842.jpg,D:\project CS\Faster-RCNN-COCO-Attack\source_data\attack_02\patched_images\000000552842.jpg,True,True,0.9997962117195129,0.999819815158844,342.6693420410156,208.09359741210938,461.2572326660156,315.0693664550781,342.8891296386719,207.31385803222656,461.7038879394531,315.0246276855469,0.8027307791159377,0.8105035008833457,-2.3603439331054688e-05,-0.007772721767407953,True,False
attack_02,553511,car,D:\project CS\Faster-RCNN-COCO-Attack\source_data\attack_02\clean_images\000000553511.jpg,D:\project CS\Faster-RCNN-COCO-Attack\source_data\attack_02\patched_images\000000553511.jpg,True,True,0.9943676590919495,0.9970483183860779,50.14475631713867,259.90826416015625,191.31878662109375,318.9791259765625,49.86609649658203,260.1808166503906,190.58047485351562,318.7854919433594,0.9743802882847713,0.9800968849760703,-0.002680659294128418,-0.005716596691298981,True,False
attack_02,557672,person,D:\project CS\Faster-RCNN-COCO-Attack\source_data\attack_02\clean_images\000000557672.jpg,D:\project CS\Faster-RCNN-COCO-Attack\source_data\attack_02\patched_images\000000557672.jpg,True,True,0.9987610578536987,0.9986849427223206,219.4310302734375,56.07255935668945,515.7057495117188,429.9764099121094,219.745361328125,48.736385345458984,520.4723510742188,432.1977844238281,0.8993571752718795,0.9257633576820762,7.611513137817383e-05,-0.026406182410196655,True,False
attack_02,564336,car,D:\project CS\Faster-RCNN-COCO-Attack\source_data\attack_02\clean_images\000000564336.jpg,D:\project CS\Faster-RCNN-COCO-Attack\source_data\attack_02\patched_images\000000564336.jpg,True,True,0.8314006328582764,0.8529508709907532,272.9403076171875,154.67129516601562,387.8916015625,207.626953125,275.5058898925781,155.33885192871094,383.7384338378906,207.98333740234375,0.6440371721840454,0.6345513989047088,-0.021550238132476807,0.00948577327933664,True,False
attack_02,565391,car,D:\project CS\Faster-RCNN-COCO-Attack\source_data\attack_02\clean_images\000000565391.jpg,D:\project CS\Faster-RCNN-COCO-Attack\source_data\attack_02\patched_images\000000565391.jpg,True,True,0.9892571568489075,0.9825709462165833,1.3021820783615112,500.7957763671875,101.12239837646484,633.7884521484375,0.6059234738349915,502.3249816894531,101.26309967041016,637.2013549804688,0.9047398133772461,0.8873158125639485,0.006686210632324219,0.017424000813297535,True,False
attack_02,569825,person,D:\project CS\Faster-RCNN-COCO-Attack\source_data\attack_02\clean_images\000000569825.jpg,D:\project CS\Faster-RCNN-COCO-Attack\source_data\attack_02\patched_images\000000569825.jpg,True,True,0.9991121888160706,0.9988204836845398,192.58494567871094,21.080293655395508,301.92779541015625,472.8880615234375,192.78904724121094,24.598844528198242,301.41888427734375,475.52557373046875,0.911397681304009,0.9072388989381275,0.0002917051315307617,0.004158782365881519,True,False
attack_02,571264,person,D:\project CS\Faster-RCNN-COCO-Attack\source_data\attack_02\clean_images\000000571264.jpg,D:\project CS\Faster-RCNN-COCO-Attack\source_data\attack_02\patched_images\000000571264.jpg,True,True,0.9997655749320984,0.9997490048408508,265.9667053222656,31.869544982910156,411.0160827636719,389.16046142578125,265.0627136230469,28.04779052734375,411.5628662109375,391.2089538574219,0.9579165968126878,0.9624176695845815,1.6570091247558594e-05,-0.0045010727718937105,True,False
attack_02,579307,person,D:\project CS\Faster-RCNN-COCO-Attack\source_data\attack_02\clean_images\000000579307.jpg,D:\project CS\Faster-RCNN-COCO-Attack\source_data\attack_02\patched_images\000000579307.jpg,True,True,0.9994184970855713,0.9992490410804749,253.04696655273438,220.92538452148438,376.0557556152344,637.7694091796875,255.45704650878906,223.9674835205078,380.277099609375,640.0,0.938672372382119,0.9884802860198825,0.00016945600509643555,-0.04980791363776349,True,False
attack_02,579635,person,D:\project CS\Faster-RCNN-COCO-Attack\source_data\attack_02\clean_images\000000579635.jpg,D:\project CS\Faster-RCNN-COCO-Attack\source_data\attack_02\patched_images\000000579635.jpg,True,True,0.9990136623382568,0.9987398982048035,434.44171142578125,260.2853088378906,473.1766052246094,311.8487854003906,433.88458251953125,259.7516784667969,472.8197937011719,314.1978759765625,0.8623301223625957,0.9142197525551766,0.00027376413345336914,-0.05188963019258097,True,False
