attack_id,image_id,target_class,clean_image,patched_image,clean_detected,patched_detected,clean_confidence,patched_confidence,clean_bbox_x1,clean_bbox_y1,clean_bbox_x2,clean_bbox_y2,patched_bbox_x1,patched_bbox_y1,patched_bbox_x2,patched_bbox_y2,clean_iou,patched_iou,confidence_drop,iou_drop,eligible,attack_success
attack_03,1532,car,D:\project CS\Faster-RCNN-COCO-Attack\source_data\attack_03\clean_images\000000001532.jpg,D:\project CS\Faster-RCNN-COCO-Attack\source_data\attack_03\patched_images\000000001532.jpg,True,True,0.9553494453430176,0.9654910564422607,219.98497009277344,353.9073181152344,425.8625183105469,480.0000305175781,220.03419494628906,354.4357604980469,424.9335632324219,480.0000305175781,0.8904060513744173,0.8984220078054347,-0.010141611099243164,-0.00801595643101738,True,False
attack_03,9400,person,D:\project CS\Faster-RCNN-COCO-Attack\source_data\attack_03\clean_images\000000009400.jpg,D:\project CS\Faster-RCNN-COCO-Attack\source_data\attack_03\patched_images\000000009400.jpg,True,True,0.9917609691619873,0.9924046397209167,452.2937316894531,91.92574310302734,639.0745239257812,410.4086608886719,449.4107971191406,84.70257568359375,639.9722900390625,372.17559814453125,0.8311930402159602,0.9531163867465895,-0.0006436705589294434,-0.1219233465306293,True,False
attack_03,9769,person,D:\project CS\Faster-RCNN-COCO-Attack\source_data\attack_03\clean_images\000000009769.jpg,D:\project CS\Faster-RCNN-COCO-Attack\source_data\attack_03\patched_images\000000009769.jpg,True,True,0.9811972975730896,0.9756556153297424,140.76243591308594,200.96661376953125,184.73878479003906,275.0562438964844,140.0311279296875,200.60621643066406,183.7014617919922,274.790771484375,0.9307893223105431,0.9750554848096791,0.005541682243347168,-0.04426616249913595,True,False
attack_03,9891,car,D:\project CS\Faster-RCNN-COCO-Attack\source_data\attack_03\clean_images\000000009891.jpg,D:\project CS\Faster-RCNN-COCO-Attack\source_data\attack_03\patched_images\000000009891.jpg,True,True,0.994659960269928,0.9959386587142944,330.033203125,90.61058807373047,634.2056274414062,310.3636474609375,326.07781982421875,91.57950592041016,638.562255859375,313.5455322265625,0.7827801325554168,0.789951093484279,-0.001278698444366455,-0.007170960928862269,True,False
attack_03,13659,person,D:\project CS\Faster-RCNN-COCO-Attack\source_data\attack_03\clean_images\000000013659.jpg,D:\project CS\Faster-RCNN-COCO-Attack\source_data\attack_03\patched_images\000000013659.jpg,True,True,0.9940654039382935,0.9896541237831116,146.2726287841797,216.2421875,381.1443176269531,479.7750549316406,148.11117553710938,220.64231872558594,382.87384033203125,476.8828430175781,0.9632268680442997,0.9496329390843143,0.004411280155181885,0.013593928959985346,True,False
attack_03,14226,person,D:\project CS\Faster-RCNN-COCO-Attack\source_data\attack_03\clean_images\000000014226.jpg,D:\project CS\Faster-RCNN-COCO-Attack\source_data\attack_03\patched_images\000000014226.jpg,True,True,0.9930427074432373,0.9959612488746643,209.82994079589844,24.351160049438477,553.9603271484375,368.53021240234375,214.4811248779297,25.90406036376953,550.199951171875,364.87420654296875,0.9383015235518928,0.9297460540676142,-0.002918541431427002,0.008555469484278544,True,False
attack_03,17178,car,D:\project CS\Faster-RCNN-COCO-Attack\source_data\attack_03\clean_images\000000017178.jpg,D:\project CS\Faster-RCNN-COCO-Attack\source_data\attack_03\patched_images\000000017178.jpg,True,True,0.9914229512214661,0.985696017742157,432.52337646484375,105.49948120117188,640.0,423.0832214355469,429.8417053222656,112.0584716796875,638.8868408203125,422.5675964355469,0.9738213735585163,0.9512423176383341,0.005726933479309082,0.022579055920182167,True,False
attack_03,23126,person,D:\project CS\Faster-RCNN-COCO-Attack\source_data\attack_03\clean_images\000000023126.jpg,D:\project CS\Faster-RCNN-COCO-Attack\source_data\attack_03\patched_images\000000023126.jpg,True,True,0.9994024038314819,0.9994111061096191,162.0101776123047,9.87609577178955,281.7943420410156,350.45355224609375,162.50283813476562,10.185882568359375,283.8113708496094,349.9542236328125,0.9196344901100668,0.910240797086357,-8.702278137207031e-06,0.009393693023709848,True,False
attack_03,27696,person,D:\project CS\Faster-RCNN-COCO-Attack\source_data\attack_03\clean_images\000000027696.jpg,D:\project CS\Faster-RCNN-COCO-Attack\source_data\attack_03\patched_images\000000027696.jpg,True,True,0.924098551273346,0.9213243126869202,92.74111938476562,0.8143139481544495,342.698974609375,59.623512268066406,96.63945770263672,0.6515340805053711,338.3090515136719,63.25749206542969,0.6122158319385508,0.6311227437517692,0.0027742385864257812,-0.018906911813218463,True,False
attack_03,27768,car,D:\project CS\Faster-RCNN-COCO-Attack\source_data\attack_03\clean_images\000000027768.jpg,D:\project CS\Faster-RCNN-COCO-Attack\source_data\attack_03\patched_images\000000027768.jpg,True,True,0.9794641733169556,0.9826226234436035,576.7576293945312,373.2696228027344,611.604248046875,456.6076354980469,577.1841430664062,372.9183044433594,611.3941650390625,454.1319274902344,0.8921224873700502,0.8770784484449606,-0.0031584501266479492,0.015044038925089542,True,False
attack_03,29984,person,D:\project CS\Faster-RCNN-COCO-Attack\source_data\attack_03\clean_images\000000029984.jpg,D:\project CS\Faster-RCNN-COCO-Attack\source_data\attack_03\patched_images\000000029984.jpg,True,True,0.9967126846313477,0.9929980039596558,221.24234008789062,208.1805419921875,263.0399475097656,250.30706787109375,221.06069946289062,207.85888671875,261.335693359375,250.58908081054688,0.8405649724767883,0.8104986345064243,0.0037146806716918945,0.030066337970363954,True,False
attack_03,32570,person,D:\project CS\Faster-RCNN-COCO-Attack\source_data\attack_03\clean_images\000000032570.jpg,D:\project CS\Faster-RCNN-COCO-Attack\source_data\attack_03\patched_images\000000032570.jpg,True,True,0.9994410872459412,0.9992842078208923,176.69569396972656,163.1219940185547,311.3511047363281,293.0152893066406,177.7426300048828,163.53768920898438,310.8944091796875,291.84417724609375,0.9323239425181566,0.9178630150331147,0.00015687942504882812,0.014460927485041908,True,False
attack_03,32887,person,D:\project CS\Faster-RCNN-COCO-Attack\source_data\attack_03\clean_images\000000032887.jpg,D:\project CS\Faster-RCNN-COCO-Attack\source_data\attack_03\patched_images\000000032887.jpg,True,True,0.9995170831680298,0.9994787573814392,371.0351867675781,117.81668853759766,508.965087890625,466.01702880859375,371.1847229003906,117.49414825439453,508.9533996582031,467.2907409667969,0.9048528908412448,0.9017777849490796,3.832578659057617e-05,0.0030751058921651975,True,False
attack_03,33854,car,D:\project CS\Faster-RCNN-COCO-Attack\source_data\attack_03\clean_images\000000033854.jpg,D:\project CS\Faster-RCNN-COCO-Attack\source_data\attack_03\patched_images\000000033854.jpg,True,True,0.33694568276405334,0.5311513543128967,0.0,169.79531860351562,274.774658203125,427.0,1.867368221282959,208.49595642089844,273.6564025878906,427.0,0.770410784634716,0.9109005441087592,-0.19420567154884338,-0.14048975947404319,True,False
attack_03,34139,person,D:\project CS\Faster-RCNN-COCO-Attack\source_data\attack_03\clean_images\000000034139.jpg,D:\project CS\Faster-RCNN-COCO-Attack\source_data\attack_03\patched_images\000000034139.jpg,True,True,0.9985766410827637,0.9986732006072998,505.63555908203125,98.53020477294922,598.3395385742188,381.3924865722656,499.3032531738281,100.79891204833984,597.0313110351562,377.38787841796875,0.6139655310026488,0.6483133101080011,-9.655952453613281e-05,-0.03434777910535225,True,False
attack_03,39484,car,D:\project CS\Faster-RCNN-COCO-Attack\source_data\attack_03\clean_images\000000039484.jpg,D:\project CS\Faster-RCNN-COCO-Attack\source_data\attack_03\patched_images\000000039484.jpg,True,True,0.9948529601097107,0.9957014918327332,26.33557891845703,364.8745422363281,278.730712890625,435.5611267089844,25.322072982788086,365.45159912109375,276.0733337402344,435.49029541015625,0.8839057097467761,0.8959510319794131,-0.0008485317230224609,-0.01204532223263699,True,False
attack_03,40083,car,D:\project CS\Faster-RCNN-COCO-Attack\source_data\attack_03\clean_images\000000040083.jpg,D:\project CS\Faster-RCNN-COCO-Attack\source_data\attack_03\patched_images\000000040083.jpg,True,True,0.9983624815940857,0.9986483454704285,133.8673553466797,137.5106964111328,252.51539611816406,209.99246215820312,133.6656494140625,137.70916748046875,252.9944305419922,210.6191864013672,0.9591329501160762,0.9507172974982906,-0.00028586387634277344,0.008415652617785652,True,False
attack_03,41633,car,D:\project CS\Faster-RCNN-COCO-Attack\source_data\attack_03\clean_images\000000041633.jpg,D:\project CS\Faster-RCNN-COCO-Attack\source_data\attack_03\patched_images\000000041633.jpg,True,True,0.7813463807106018,0.8570132851600647,558.6903686523438,326.3670654296875,615.2726440429688,372.3603820800781,559.8972778320312,328.3355407714844,609.2597045898438,371.12347412109375,0.7563530604136384,0.6836162170093675,-0.07566690444946289,0.07273684340427089,True,False
attack_03,43737,car,D:\project CS\Faster-RCNN-COCO-Attack\source_data\attack_03\clean_images\000000043737.jpg,D:\project CS\Faster-RCNN-COCO-Attack\source_data\attack_03\patched_images\000000043737.jpg,True,True,0.9090190529823303,0.9368084073066711,110.0784683227539,416.3416748046875,185.2711181640625,450.4971008300781,111.5882568359375,417.419189453125,181.62753295898438,452.02117919921875,0.8100557930184407,0.786196639881623,-0.02778935432434082,0.023859153136817635,True,False
attack_03,46872,car,D:\project CS\Faster-RCNN-COCO-Attack\source_data\attack_03\clean_images\000000046872.jpg,D:\project CS\Faster-RCNN-COCO-Attack\source_data\attack_03\patched_images\000000046872.jpg,True,True,0.9783809781074524,0.9481098055839539,601.984619140625,149.09791564941406,638.7238159179688,171.19183349609375,602.2476806640625,148.11569213867188,640.0,171.4887237548828,0.834880092413465,0.8872006497327614,0.030271172523498535,-0.05232055731929641,True,False
attack_03,49259,person,D:\project CS\Faster-RCNN-COCO-Attack\source_data\attack_03\clean_images\000000049259.jpg,D:\project CS\Faster-RCNN-COCO-Attack\source_data\attack_03\patched_images\000000049259.jpg,True,True,0.9993865489959717,0.9993261098861694,167.16566467285156,55.54808044433594,285.66619873046875,135.2130126953125,166.21572875976562,55.78968048095703,285.0061950683594,134.89715576171875,0.9635905175520875,0.9648934056004153,6.0439109802246094e-05,-0.0013028880483277883,True,False
attack_03,49759,person,D:\project CS\Faster-RCNN-COCO-Attack\source_data\attack_03\clean_images\000000049759.jpg,D:\project CS\Faster-RCNN-COCO-Attack\source_data\attack_03\patched_images\000000049759.jpg,True,True,0.9995265007019043,0.9994530081748962,473.2674560546875,153.4740753173828,590.483642578125,452.4916687011719,473.1158142089844,154.15037536621094,590.9005737304688,451.8658447265625,0.949480223242865,0.9475170498613196,7.349252700805664e-05,0.001963173381545391,True,False
attack_03,50679,car,D:\project CS\Faster-RCNN-COCO-Attack\source_data\attack_03\clean_images\000000050679.jpg,D:\project CS\Faster-RCNN-COCO-Attack\source_data\attack_03\patched_images\000000050679.jpg,True,True,0.9391971230506897,0.9355847239494324,475.7592468261719,171.4032745361328,563.4634399414062,224.78445434570312,476.80352783203125,170.95611572265625,563.1093139648438,225.04412841796875,0.9213279084650825,0.9105944225211131,0.0036123991012573242,0.01073348594396939,True,False
attack_03,54593,car,D:\project CS\Faster-RCNN-COCO-Attack\source_data\attack_03\clean_images\000000054593.jpg,D:\project CS\Faster-RCNN-COCO-Attack\source_data\attack_03\patched_images\000000054593.jpg,True,True,0.9962430000305176,0.9966737031936646,109.38626861572266,73.28854370117188,309.1517639160156,180.43276977539062,106.91691589355469,73.57499694824219,309.962646484375,182.00648498535156,0.9489712219459893,0.9577708933763842,-0.00043070316314697266,-0.00879967143039495,True,False
attack_03,54967,car,D:\project CS\Faster-RCNN-COCO-Attack\source_data\attack_03\clean_images\000000054967.jpg,D:\project CS\Faster-RCNN-COCO-Attack\source_data\attack_03\patched_images\000000054967.jpg,False,False,,,,,,,,,,,,,,,False,False
attack_03,55150,car,D:\project CS\Faster-RCNN-COCO-Attack\source_data\attack_03\clean_images\000000055150.jpg,D:\project CS\Faster-RCNN-COCO-Attack\source_data\attack_03\patched_images\000000055150.jpg,True,True,0.9477046728134155,0.9203711748123169,425.05621337890625,34.771629333496094,638.8448486328125,422.99658203125,423.21331787109375,10.255971908569336,638.7353515625,426.0000305175781,0.8065532326708827,0.845682155701829,0.027333498001098633,-0.03912892303094628,True,False
attack_03,57672,person,D:\project CS\Faster-RCNN-COCO-Attack\source_data\attack_03\clean_images\000000057672.jpg,D:\project CS\Faster-RCNN-COCO-Attack\source_data\attack_03\patched_images\000000057672.jpg,True,True,0.9684337377548218,0.9559286236763,415.1730651855469,189.9854736328125,460.25799560546875,282.01458740234375,415.8900451660156,191.5101776123047,483.8702392578125,274.629150390625,0.5733147251347405,0.8312921901445208,0.012505114078521729,-0.25797746500978036,True,False
attack_03,59598,person,D:\project CS\Faster-RCNN-COCO-Attack\source_data\attack_03\clean_images\000000059598.jpg,D:\project CS\Faster-RCNN-COCO-Attack\source_data\attack_03\patched_images\000000059598.jpg,True,True,0.8582302927970886,0.8536745309829712,586.0131225585938,48.884586334228516,639.6758422851562,229.06057739257812,585.30712890625,49.85813903808594,640.0,227.99827575683594,0.9355895206206407,0.9148350567173258,0.004555761814117432,0.020754463903314924,True,False
attack_03,60823,person,D:\project CS\Faster-RCNN-COCO-Attack\source_data\attack_03\clean_images\000000060823.jpg,D:\project CS\Faster-RCNN-COCO-Attack\source_data\attack_03\patched_images\000000060823.jpg,True,True,0.9920114874839783,0.9920533895492554,167.08346557617188,33.49232482910156,269.6226501464844,209.5430450439453,163.3563995361328,33.36817932128906,269.9629211425781,210.7767791748047,0.8964348485868131,0.8693657827726632,-4.190206527709961e-05,0.027069065814149917,True,False
attack_03,62353,person,D:\project CS\Faster-RCNN-COCO-Attack\source_data\attack_03\clean_images\000000062353.jpg,D:\project CS\Faster-RCNN-COCO-Attack\source_data\attack_03\patched_images\000000062353.jpg,False,False,,,,,,,,,,,,,,,False,False
attack_03,64084,person,D:\project CS\Faster-RCNN-COCO-Attack\source_data\attack_03\clean_images\000000064084.jpg,D:\project CS\Faster-RCNN-COCO-Attack\source_data\attack_03\patched_images\000000064084.jpg,True,True,0.7018023729324341,0.5753053426742554,481.39373779296875,0.33284327387809753,640.0,57.9804573059082,478.347900390625,0.445276141166687,640.0,58.098018646240234,0.9215910700360928,0.9044559291286082,0.1264970302581787,0.01713514090748458,True,False
attack_03,65455,person,D:\project CS\Faster-RCNN-COCO-Attack\source_data\attack_03\clean_images\000000065455.jpg,D:\project CS\Faster-RCNN-COCO-Attack\source_data\attack_03\patched_images\000000065455.jpg,False,False,,,,,,,,,,,,,,,False,False
attack_03,67406,person,D:\project CS\Faster-RCNN-COCO-Attack\source_data\attack_03\clean_images\000000067406.jpg,D:\project CS\Faster-RCNN-COCO-Attack\source_data\attack_03\patched_images\000000067406.jpg,True,True,0.9986270666122437,0.9984991550445557,173.8521270751953,252.43182373046875,198.89112854003906,315.9801330566406,174.0175018310547,252.54647827148438,198.91928100585938,316.05859375,0.9436613690368055,0.9335087784391285,0.00012791156768798828,0.010152590597677036,True,False
attack_03,68093,car,D:\project CS\Faster-RCNN-COCO-Attack\source_data\attack_03\clean_images\000000068093.jpg,D:\project CS\Faster-RCNN-COCO-Attack\source_data\attack_03\patched_images\000000068093.jpg,True,True,0.820817768573761,0.8590559363365173,329.3503112792969,81.73854064941406,636.4706420898438,184.38787841796875,327.544189453125,79.93670654296875,639.005615234375,181.89840698242188,0.914602190611967,0.911182503043915,-0.03823816776275635,0.003419687568051999,True,False
attack_03,68409,person,D:\project CS\Faster-RCNN-COCO-Attack\source_data\attack_03\clean_images\000000068409.jpg,D:\project CS\Faster-RCNN-COCO-Attack\source_data\attack_03\patched_images\000000068409.jpg,True,True,0.9928840398788452,0.9907203912734985,490.8274230957031,18.47317886352539,637.2117919921875,246.44009399414062,490.6672668457031,17.977840423583984,637.5733032226562,245.85382080078125,0.8439402323205153,0.8446077180215364,0.0021636486053466797,-0.0006674857010211532,True,False
attack_03,70739,person,D:\project CS\Faster-RCNN-COCO-Attack\source_data\attack_03\clean_images\000000070739.jpg,D:\project CS\Faster-RCNN-COCO-Attack\source_data\attack_03\patched_images\000000070739.jpg,False,True,,0.25110992789268494,,,,,7.626018524169922,17.081506729125977,582.7169189453125,477.05999755859375,,0.9224403094274735,,,False,False
attack_03,71938,person,D:\project CS\Faster-RCNN-COCO-Attack\source_data\attack_03\clean_images\000000071938.jpg,D:\project CS\Faster-RCNN-COCO-Attack\source_data\attack_03\patched_images\000000071938.jpg,True,True,0.7930979132652283,0.7917648553848267,3.1540586948394775,7.747869968414307,604.1062622070312,479.447265625,1.4837703704833984,13.603784561157227,611.3316650390625,479.2707824707031,0.9606306414794256,0.9403217826723409,0.0013330578804016113,0.020308858807084662,True,False
attack_03,72281,person,D:\project CS\Faster-RCNN-COCO-Attack\source_data\attack_03\clean_images\000000072281.jpg,D:\project CS\Faster-RCNN-COCO-Attack\source_data\attack_03\patched_images\000000072281.jpg,True,True,0.9995985627174377,0.9995587468147278,89.6242446899414,26.34511375427246,356.3905944824219,500.156494140625,91.27824401855469,21.739566802978516,356.8996887207031,504.8553771972656,0.948958833955544,0.9587029969292042,3.981590270996094e-05,-0.009744162973660209,True,False
attack_03,76417,car,D:\project CS\Faster-RCNN-COCO-Attack\source_data\attack_03\clean_images\000000076417.jpg,D:\project CS\Faster-RCNN-COCO-Attack\source_data\attack_03\patched_images\000000076417.jpg,True,True,0.937482476234436,0.9267585873603821,185.10765075683594,145.3164825439453,636.5986328125,478.0000305175781,266.6058349609375,150.75045776367188,640.0,478.0000305175781,0.9343156762652576,0.8075521288079115,0.010723888874053955,0.12676354745734608,True,False
attack_03,85376,car,D:\project CS\Faster-RCNN-COCO-Attack\source_data\attack_03\clean_images\000000085376.jpg,D:\project CS\Faster-RCNN-COCO-Attack\source_data\attack_03\patched_images\000000085376.jpg,True,True,0.9870964288711548,0.9896663427352905,34.3289794921875,318.20465087890625,199.11878967285156,378.2365417480469,36.853271484375,319.4615783691406,193.05484008789062,381.158203125,0.8562855273753249,0.8772329566231145,-0.002569913864135742,-0.020947429247789584,True,False
attack_03,86220,car,D:\project CS\Faster-RCNN-COCO-Attack\source_data\attack_03\clean_images\000000086220.jpg,D:\project CS\Faster-RCNN-COCO-Attack\source_data\attack_03\patched_images\000000086220.jpg,True,True,0.9991946816444397,0.999363124370575,135.87525939941406,211.63768005371094,446.66986083984375,335.3861999511719,140.4955596923828,211.04039001464844,448.21783447265625,331.7546081542969,0.9692391730623215,0.9270665931126577,-0.0001684427261352539,0.042172579949663835,True,False
attack_03,93154,car,D:\project CS\Faster-RCNN-COCO-Attack\source_data\attack_03\clean_images\000000093154.jpg,D:\project CS\Faster-RCNN-COCO-Attack\source_data\attack_03\patched_images\000000093154.jpg,True,True,0.9982984662055969,0.9979051351547241,143.16586303710938,273.5558166503906,211.24879455566406,306.5311584472656,143.360595703125,272.9141540527344,211.29051208496094,307.6603088378906,0.9111555107580774,0.9225058186510202,0.00039333105087280273,-0.01135030789294278,True,False
attack_03,94751,car,D:\project CS\Faster-RCNN-COCO-Attack\source_data\attack_03\clean_images\000000094751.jpg,D:\project CS\Faster-RCNN-COCO-Attack\source_data\attack_03\patched_images\000000094751.jpg,True,True,0.9941018223762512,0.9945473670959473,312.5370788574219,273.96820068359375,375.0,310.1548767089844,316.11395263671875,273.9568786621094,375.0,308.27197265625,0.9888646608258975,0.9018837616280891,-0.0004455447196960449,0.08698089919780838,True,False
attack_03,97679,car,D:\project CS\Faster-RCNN-COCO-Attack\source_data\attack_03\clean_images\000000097679.jpg,D:\project CS\Faster-RCNN-COCO-Attack\source_data\attack_03\patched_images\000000097679.jpg,True,True,0.9991784691810608,0.9989891648292542,103.2713394165039,161.70042419433594,528.9785766601562,379.4236145019531,103.53128814697266,162.10496520996094,528.9448852539062,379.483154296875,0.9540615656815151,0.9523199596335662,0.00018930435180664062,0.0017416060479489293,True,False
attack_03,98392,car,D:\project CS\Faster-RCNN-COCO-Attack\source_data\attack_03\clean_images\000000098392.jpg,D:\project CS\Faster-RCNN-COCO-Attack\source_data\attack_03\patched_images\000000098392.jpg,True,True,0.9974942207336426,0.9966716766357422,242.98345947265625,527.4180297851562,478.40283203125,639.4150390625,241.64956665039062,523.3262329101562,479.8204345703125,639.8160400390625,0.8956898018429018,0.9321411777288926,0.0008225440979003906,-0.03645137588599079,True,False
attack_03,102411,car,D:\project CS\Faster-RCNN-COCO-Attack\source_data\attack_03\clean_images\000000102411.jpg,D:\project CS\Faster-RCNN-COCO-Attack\source_data\attack_03\patched_images\000000102411.jpg,True,True,0.947566568851471,0.9687854051589966,0.05636614188551903,197.44432067871094,37.17995834350586,317.619873046875,0.0,196.06072998046875,37.4881477355957,316.83184814453125,0.7450238155208647,0.7454580769639745,-0.021218836307525635,-0.00043426144310976245,True,False
attack_03,102805,car,D:\project CS\Faster-RCNN-COCO-Attack\source_data\attack_03\clean_images\000000102805.jpg,D:\project CS\Faster-RCNN-COCO-Attack\source_data\attack_03\patched_images\000000102805.jpg,True,True,0.9979808926582336,0.998084306716919,379.8117980957031,267.73944091796875,608.2476806640625,339.7674255371094,379.5444641113281,267.1065673828125,608.9378662109375,339.0532531738281,0.9561640154495491,0.972375562254546,-0.00010341405868530273,-0.016211546804996924,True,False
attack_03,105264,person,D:\project CS\Faster-RCNN-COCO-Attack\source_data\attack_03\clean_images\000000105264.jpg,D:\project CS\Faster-RCNN-COCO-Attack\source_data\attack_03\patched_images\000000105264.jpg,True,True,0.9873168468475342,0.9944394826889038,397.8340148925781,110.48604583740234,476.2554931640625,323.50103759765625,396.0238342285156,108.69605255126953,475.9179382324219,321.48858642578125,0.7969150831024447,0.7880109268657169,-0.007122635841369629,0.0089041562367278,True,False
attack_03,107226,person,D:\project CS\Faster-RCNN-COCO-Attack\source_data\attack_03\clean_images\000000107226.jpg,D:\project CS\Faster-RCNN-COCO-Attack\source_data\attack_03\patched_images\000000107226.jpg,True,True,0.9974514842033386,0.9972655773162842,349.51202392578125,75.59198760986328,480.0000305175781,417.55938720703125,348.6281433105469,71.70559692382812,480.0000305175781,390.9833679199219,0.8249103707051478,0.8875830726689642,0.00018590688705444336,-0.06267270196381636,True,False
attack_03,109900,person,D:\project CS\Faster-RCNN-COCO-Attack\source_data\attack_03\clean_images\000000109900.jpg,D:\project CS\Faster-RCNN-COCO-Attack\source_data\attack_03\patched_images\000000109900.jpg,True,True,0.9997813105583191,0.9997355341911316,62.182411193847656,175.9962921142578,124.44669342041016,376.8034973144531,62.225059509277344,175.71981811523438,123.93354797363281,377.1159973144531,0.9500257564022236,0.940161363275699,4.57763671875e-05,0.009864393126524651,True,False
attack_03,111036,car,D:\project CS\Faster-RCNN-COCO-Attack\source_data\attack_03\clean_images\000000111036.jpg,D:\project CS\Faster-RCNN-COCO-Attack\source_data\attack_03\patched_images\000000111036.jpg,True,True,0.99700528383255,0.99688321352005,251.8126983642578,0.0,425.0,140.0715789794922,248.2306365966797,0.8429988622665405,425.0,142.58224487304688,0.9645961355260333,0.9575816221445408,0.0001220703125,0.007014513381492504,True,False
attack_03,113720,person,D:\project CS\Faster-RCNN-COCO-Attack\source_data\attack_03\clean_images\000000113720.jpg,D:\project CS\Faster-RCNN-COCO-Attack\source_data\attack_03\patched_images\000000113720.jpg,True,True,0.9990116357803345,0.9989783763885498,370.8837585449219,12.489212036132812,593.758544921875,315.7599792480469,370.2727966308594,12.823812484741211,593.2734985351562,319.3482360839844,0.9355680814698264,0.9503467347393274,3.325939178466797e-05,-0.014778653269501008,True,False
attack_03,119365,person,D:\project CS\Faster-RCNN-COCO-Attack\source_data\attack_03\clean_images\000000119365.jpg,D:\project CS\Faster-RCNN-COCO-Attack\source_data\attack_03\patched_images\000000119365.jpg,True,True,0.9914932250976562,0.9843607544898987,2.7114992141723633,303.8910827636719,424.36407470703125,635.8003540039062,0.0,303.7579650878906,428.0255432128906,634.5152587890625,0.9783856875459025,0.9711410176478457,0.007132470607757568,0.0072446698980568325,True,False
attack_03,121242,car,D:\project CS\Faster-RCNN-COCO-Attack\source_data\attack_03\clean_images\000000121242.jpg,D:\project CS\Faster-RCNN-COCO-Attack\source_data\attack_03\patched_images\000000121242.jpg,True,True,0.762887179851532,0.7802708148956299,510.2380065917969,188.1739044189453,578.48779296875,262.487060546875,495.81561279296875,188.7466583251953,577.5973510742188,265.7979431152344,0.6588008524846556,0.826057616162602,-0.0173836350440979,-0.1672567636779464,True,False
attack_03,121497,person,D:\project CS\Faster-RCNN-COCO-Attack\source_data\attack_03\clean_images\000000121497.jpg,D:\project CS\Faster-RCNN-COCO-Attack\source_data\attack_03\patched_images\000000121497.jpg,True,True,0.5350416302680969,0.8930858373641968,0.0,4.174420356750488,255.74464416503906,358.135986328125,0.7304980754852295,11.276386260986328,254.56678771972656,476.8158874511719,0.7348979605367493,0.9670657526079782,-0.35804420709609985,-0.23216779207122895,True,False
attack_03,121506,car,D:\project CS\Faster-RCNN-COCO-Attack\source_data\attack_03\clean_images\000000121506.jpg,D:\project CS\Faster-RCNN-COCO-Attack\source_data\attack_03\patched_images\000000121506.jpg,True,True,0.9805474281311035,0.9826396703720093,431.9105224609375,258.0079040527344,528.1516723632812,302.9653015136719,430.6810302734375,258.8737487792969,528.7459716796875,302.5563049316406,0.764291292619257,0.7881007381063443,-0.0020922422409057617,-0.0238094454870873,True,False
attack_03,122166,car,D:\project CS\Faster-RCNN-COCO-Attack\source_data\attack_03\clean_images\000000122166.jpg,D:\project CS\Faster-RCNN-COCO-Attack\source_data\attack_03\patched_images\000000122166.jpg,True,True,0.9783954620361328,0.9844196438789368,161.65200805664062,265.4981689453125,325.0710754394531,415.7546691894531,161.10488891601562,266.0918884277344,325.11065673828125,415.96099853515625,0.9502186789269201,0.9507861827991869,-0.006024181842803955,-0.0005675038722667836,True,False
attack_03,124442,person,D:\project CS\Faster-RCNN-COCO-Attack\source_data\attack_03\clean_images\000000124442.jpg,D:\project CS\Faster-RCNN-COCO-Attack\source_data\attack_03\patched_images\000000124442.jpg,True,True,0.9993329644203186,0.9991952776908875,193.89012145996094,168.4148712158203,284.7457580566406,381.49725341796875,193.08001708984375,167.51333618164062,285.3997802734375,381.4204406738281,0.981372437515868,0.9620071113090632,0.00013768672943115234,0.019365326206804756,True,False
attack_03,124798,car,D:\project CS\Faster-RCNN-COCO-Attack\source_data\attack_03\clean_images\000000124798.jpg,D:\project CS\Faster-RCNN-COCO-Attack\source_data\attack_03\patched_images\000000124798.jpg,True,True,0.998766303062439,0.9988155364990234,576.5679931640625,308.9396057128906,639.9991455078125,425.9504089355469,576.5065307617188,309.1336975097656,640.0,425.5916748046875,0.9496119079448684,0.9502150045031553,-4.9233436584472656e-05,-0.0006030965582869419,True,False
attack_03,125778,car,D:\project CS\Faster-RCNN-COCO-Attack\source_data\attack_03\clean_images\000000125778.jpg,D:\project CS\Faster-RCNN-COCO-Attack\source_data\attack_03\patched_images\000000125778.jpg,False,False,,,,,,,,,,,,,,,False,False
attack_03,127092,car,D:\project CS\Faster-RCNN-COCO-Attack\source_data\attack_03\clean_images\000000127092.jpg,D:\project CS\Faster-RCNN-COCO-Attack\source_data\attack_03\patched_images\000000127092.jpg,True,True,0.9982512593269348,0.9988695979118347,145.49745178222656,408.7711486816406,219.24696350097656,457.5352783203125,145.16522216796875,408.6268005371094,219.2995147705078,457.2153625488281,0.9376276974225742,0.9296780956072928,-0.0006183385848999023,0.007949601815281482,True,False
attack_03,127394,person,D:\project CS\Faster-RCNN-COCO-Attack\source_data\attack_03\clean_images\000000127394.jpg,D:\project CS\Faster-RCNN-COCO-Attack\source_data\attack_03\patched_images\000000127394.jpg,True,True,0.9941218495368958,0.9906567335128784,1.2357380390167236,81.72989654541016,78.89409637451172,337.8172302246094,1.31051504611969,86.46989440917969,85.54351043701172,334.6092834472656,0.8235428745953197,0.9093624565812766,0.003465116024017334,-0.08581958198595685,True,False
attack_03,130386,car,D:\project CS\Faster-RCNN-COCO-Attack\source_data\attack_03\clean_images\000000130386.jpg,D:\project CS\Faster-RCNN-COCO-Attack\source_data\attack_03\patched_images\000000130386.jpg,True,True,0.9826675057411194,0.9908730983734131,172.66673278808594,436.1820068359375,228.54330444335938,466.5816345214844,172.79466247558594,435.92633056640625,227.69448852539062,466.4547119140625,0.8734933431557286,0.8734376446114657,-0.008205592632293701,5.5698544262905436e-05,True,False
attack_03,133244,person,D:\project CS\Faster-RCNN-COCO-Attack\source_data\attack_03\clean_images\000000133244.jpg,D:\project CS\Faster-RCNN-COCO-Attack\source_data\attack_03\patched_images\000000133244.jpg,False,False,,,,,,,,,,,,,,,False,False
attack_03,134886,car,D:\project CS\Faster-RCNN-COCO-Attack\source_data\attack_03\clean_images\000000134886.jpg,D:\project CS\Faster-RCNN-COCO-Attack\source_data\attack_03\patched_images\000000134886.jpg,True,True,0.9552255272865295,0.9775229096412659,429.76446533203125,374.5067138671875,493.94390869140625,433.9169921875,429.2418212890625,374.577392578125,494.3017883300781,433.7669982910156,0.9592317292037739,0.9552447268144519,-0.022297382354736328,0.003987002389321925,True,False
attack_03,137246,person,D:\project CS\Faster-RCNN-COCO-Attack\source_data\attack_03\clean_images\000000137246.jpg,D:\project CS\Faster-RCNN-COCO-Attack\source_data\attack_03\patched_images\000000137246.jpg,True,True,0.9989808201789856,0.9988359808921814,126.77086639404297,67.8145523071289,336.3050842285156,330.1040344238281,126.59247589111328,69.29017639160156,325.9391784667969,332.4590759277344,0.8890916235302628,0.928474668484587,0.00014483928680419922,-0.03938304495432421,True,False
attack_03,138979,car,D:\project CS\Faster-RCNN-COCO-Attack\source_data\attack_03\clean_images\000000138979.jpg,D:\project CS\Faster-RCNN-COCO-Attack\source_data\attack_03\patched_images\000000138979.jpg,True,True,0.9308944344520569,0.9240576028823853,315.18707275390625,178.68528747558594,637.9188842773438,426.0000305175781,313.6441650390625,179.96836853027344,640.0,426.0000305175781,0.9458545060216202,0.9511708158567662,0.006836831569671631,-0.0053163098351459714,True,False
attack_03,140987,person,D:\project CS\Faster-RCNN-COCO-Attack\source_data\attack_03\clean_images\000000140987.jpg,D:\project CS\Faster-RCNN-COCO-Attack\source_data\attack_03\patched_images\000000140987.jpg,True,True,0.9979540109634399,0.9974713325500488,39.50396728515625,138.41836547851562,369.6391296386719,440.126708984375,40.192352294921875,137.4612579345703,367.39276123046875,440.1119689941406,0.9162336941910806,0.9205701507708911,0.0004826784133911133,-0.0043364565798105215,True,False
attack_03,143068,person,D:\project CS\Faster-RCNN-COCO-Attack\source_data\attack_03\clean_images\000000143068.jpg,D:\project CS\Faster-RCNN-COCO-Attack\source_data\attack_03\patched_images\000000143068.jpg,False,False,,,,,,,,,,,,,,,False,False
attack_03,144333,car,D:\project CS\Faster-RCNN-COCO-Attack\source_data\attack_03\clean_images\000000144333.jpg,D:\project CS\Faster-RCNN-COCO-Attack\source_data\attack_03\patched_images\000000144333.jpg,True,True,0.9616314172744751,0.9739758968353271,48.98805236816406,131.06886291503906,258.3283996582031,280.5256042480469,52.14521408081055,134.97512817382812,265.1378479003906,277.07568359375,0.7407694289294728,0.7596835473656769,-0.01234447956085205,-0.018914118436204053,True,False
attack_03,147338,car,D:\project CS\Faster-RCNN-COCO-Attack\source_data\attack_03\clean_images\000000147338.jpg,D:\project CS\Faster-RCNN-COCO-Attack\source_data\attack_03\patched_images\000000147338.jpg,False,True,,0.42701372504234314,,,,,24.82183265686035,79.66732788085938,188.73365783691406,191.33624267578125,,0.7065355950268494,,,False,False
attack_03,147740,car,D:\project CS\Faster-RCNN-COCO-Attack\source_data\attack_03\clean_images\000000147740.jpg,D:\project CS\Faster-RCNN-COCO-Attack\source_data\attack_03\patched_images\000000147740.jpg,True,True,0.9332013130187988,0.8541597127914429,0.0,276.0957336425781,181.34193420410156,478.2115783691406,0.34702780842781067,279.21197509765625,183.6802978515625,479.6352844238281,0.9328703604454663,0.9329278394945019,0.07904160022735596,-5.747904903552481e-05,True,False
attack_03,151962,person,D:\project CS\Faster-RCNN-COCO-Attack\source_data\attack_03\clean_images\000000151962.jpg,D:\project CS\Faster-RCNN-COCO-Attack\source_data\attack_03\patched_images\000000151962.jpg,False,False,,,,,,,,,,,,,,,False,False
attack_03,155341,car,D:\project CS\Faster-RCNN-COCO-Attack\source_data\attack_03\clean_images\000000155341.jpg,D:\project CS\Faster-RCNN-COCO-Attack\source_data\attack_03\patched_images\000000155341.jpg,True,True,0.994746744632721,0.9979654550552368,149.94204711914062,282.68597412109375,394.4836730957031,413.463623046875,153.3516845703125,283.89385986328125,393.8122863769531,413.5243225097656,0.9552794333474202,0.9692249780718972,-0.003218710422515869,-0.013945544724477066,True,False
attack_03,157767,person,D:\project CS\Faster-RCNN-COCO-Attack\source_data\attack_03\clean_images\000000157767.jpg,D:\project CS\Faster-RCNN-COCO-Attack\source_data\attack_03\patched_images\000000157767.jpg,True,True,0.9996888637542725,0.9996076226234436,194.3484649658203,142.68634033203125,314.7379150390625,426.8308410644531,193.82247924804688,142.0702667236328,315.2081298828125,427.0,0.9534268833045219,0.9429962315056283,8.124113082885742e-05,0.010430651798893575,True,False
attack_03,157928,car,D:\project CS\Faster-RCNN-COCO-Attack\source_data\attack_03\clean_images\000000157928.jpg,D:\project CS\Faster-RCNN-COCO-Attack\source_data\attack_03\patched_images\000000157928.jpg,True,True,0.9774190187454224,0.9799442291259766,0.3073606789112091,99.87157440185547,108.21210479736328,247.95286560058594,0.43012723326683044,99.4521484375,108.22421264648438,250.1643524169922,0.9842129897516274,0.9713187267871322,-0.0025252103805541992,0.012894262964495251,True,False
attack_03,158744,car,D:\project CS\Faster-RCNN-COCO-Attack\source_data\attack_03\clean_images\000000158744.jpg,D:\project CS\Faster-RCNN-COCO-Attack\source_data\attack_03\patched_images\000000158744.jpg,True,True,0.9812591671943665,0.9778663516044617,592.7730712890625,93.02049255371094,639.9999389648438,124.33818817138672,591.9292602539062,92.791015625,639.9999389648438,124.29633331298828,0.8719552459136136,0.8646720463110598,0.003392815589904785,0.007283199602553858,True,False
attack_03,159791,person,D:\project CS\Faster-RCNN-COCO-Attack\source_data\attack_03\clean_images\000000159791.jpg,D:\project CS\Faster-RCNN-COCO-Attack\source_data\attack_03\patched_images\000000159791.jpg,False,False,,,,,,,,,,,,,,,False,False
attack_03,160012,car,D:\project CS\Faster-RCNN-COCO-Attack\source_data\attack_03\clean_images\000000160012.jpg,D:\project CS\Faster-RCNN-COCO-Attack\source_data\attack_03\patched_images\000000160012.jpg,True,True,0.9879818558692932,0.9910978078842163,500.9664611816406,8.050252914428711,617.1978149414062,67.85161590576172,501.4948425292969,8.193886756896973,619.4982299804688,65.35506439208984,0.8175984345368621,0.774070611023282,-0.0031159520149230957,0.04352782351358009,True,False
attack_03,162415,person,D:\project CS\Faster-RCNN-COCO-Attack\source_data\attack_03\clean_images\000000162415.jpg,D:\project CS\Faster-RCNN-COCO-Attack\source_data\attack_03\patched_images\000000162415.jpg,True,True,0.9996719360351562,0.9997554421424866,31.326385498046875,107.92852020263672,466.9034423828125,633.13671875,33.06840896606445,107.73844909667969,474.0733947753906,629.673828125,0.917419682604944,0.9365828042063614,-8.350610733032227e-05,-0.01916312160141742,True,False
attack_03,167122,car,D:\project CS\Faster-RCNN-COCO-Attack\source_data\attack_03\clean_images\000000167122.jpg,D:\project CS\Faster-RCNN-COCO-Attack\source_data\attack_03\patched_images\000000167122.jpg,True,True,0.9944894313812256,0.9878899455070496,25.003847122192383,209.0736846923828,639.7651977539062,479.3809509277344,20.142032623291016,208.91151428222656,639.8146362304688,479.9684753417969,0.960294446147501,0.9543657882633919,0.006599485874176025,0.005928657884109123,True,False
attack_03,169169,car,D:\project CS\Faster-RCNN-COCO-Attack\source_data\attack_03\clean_images\000000169169.jpg,D:\project CS\Faster-RCNN-COCO-Attack\source_data\attack_03\patched_images\000000169169.jpg,True,True,0.951411247253418,0.9470386505126953,395.0467224121094,364.7352294921875,485.95294189453125,407.9302673339844,394.42822265625,364.6762390136719,486.0016174316406,407.6356506347656,0.9751850668570503,0.9742887703974085,0.004372596740722656,0.0008962964596418432,True,False
attack_03,170099,person,D:\project CS\Faster-RCNN-COCO-Attack\source_data\attack_03\clean_images\000000170099.jpg,D:\project CS\Faster-RCNN-COCO-Attack\source_data\attack_03\patched_images\000000170099.jpg,True,True,0.9996432065963745,0.9995781779289246,10.048381805419922,38.713966369628906,361.9464416503906,474.2078857421875,8.437044143676758,38.78724670410156,364.72821044921875,474.70843505859375,0.9788942102771957,0.9717817410288293,6.502866744995117e-05,0.007112469248366393,True,False
attack_03,171788,person,D:\project CS\Faster-RCNN-COCO-Attack\source_data\attack_03\clean_images\000000171788.jpg,D:\project CS\Faster-RCNN-COCO-Attack\source_data\attack_03\patched_images\000000171788.jpg,True,True,0.9996169805526733,0.99912029504776,60.667850494384766,109.34516906738281,425.61474609375,608.29931640625,59.52073287963867,110.45996856689453,425.4210205078125,609.012939453125,0.9507659156339088,0.9466401259273208,0.0004966855049133301,0.004125789706587946,True,False
attack_03,173302,person,D:\project CS\Faster-RCNN-COCO-Attack\source_data\attack_03\clean_images\000000173302.jpg,D:\project CS\Faster-RCNN-COCO-Attack\source_data\attack_03\patched_images\000000173302.jpg,True,True,0.9912132620811462,0.9924402236938477,266.40283203125,167.84915161132812,312.43310546875,226.69725036621094,265.71710205078125,167.4770050048828,311.53411865234375,226.4028778076172,0.947039584029968,0.9411929188006171,-0.001226961612701416,0.005846665229350956,True,False
attack_03,176606,car,D:\project CS\Faster-RCNN-COCO-Attack\source_data\attack_03\clean_images\000000176606.jpg,D:\project CS\Faster-RCNN-COCO-Attack\source_data\attack_03\patched_images\000000176606.jpg,True,True,0.9925861954689026,0.9968697428703308,62.914127349853516,196.18740844726562,126.8188247680664,249.4204864501953,62.91592025756836,196.2720184326172,126.82323455810547,250.02194213867188,0.9493120341652622,0.9377516130756508,-0.004283547401428223,0.011560421089611417,True,False
attack_03,177934,car,D:\project CS\Faster-RCNN-COCO-Attack\source_data\attack_03\clean_images\000000177934.jpg,D:\project CS\Faster-RCNN-COCO-Attack\source_data\attack_03\patched_images\000000177934.jpg,True,True,0.996096670627594,0.9972347617149353,456.3193664550781,156.1475830078125,556.5853271484375,240.8042755126953,456.93621826171875,156.6595458984375,556.0601196289062,239.92376708984375,0.851692786857979,0.8759130042569583,-0.0011380910873413086,-0.024220217398979282,True,False
attack_03,179141,person,D:\project CS\Faster-RCNN-COCO-Attack\source_data\attack_03\clean_images\000000179141.jpg,D:\project CS\Faster-RCNN-COCO-Attack\source_data\attack_03\patched_images\000000179141.jpg,True,True,0.9808976054191589,0.969144344329834,251.25975036621094,4.212817668914795,512.4768676757812,386.695068359375,319.6635437011719,28.141481399536133,634.4056396484375,471.458984375,0.6324070171996832,0.6373553057886271,0.011753261089324951,-0.0049482885889439165,True,False
attack_03,179174,person,D:\project CS\Faster-RCNN-COCO-Attack\source_data\attack_03\clean_images\000000179174.jpg,D:\project CS\Faster-RCNN-COCO-Attack\source_data\attack_03\patched_images\000000179174.jpg,True,True,0.989365816116333,0.9902564287185669,390.7499694824219,111.74907684326172,416.8786926269531,181.01649475097656,389.3376159667969,111.3971939086914,419.15679931640625,182.30421447753906,0.9478424460749183,0.8452701097410977,-0.0008906126022338867,0.10257233633382057,True,False
attack_03,183709,person,D:\project CS\Faster-RCNN-COCO-Attack\source_data\attack_03\clean_images\000000183709.jpg,D:\project CS\Faster-RCNN-COCO-Attack\source_data\attack_03\patched_images\000000183709.jpg,True,True,0.9983330368995667,0.9979098439216614,77.26042938232422,209.10411071777344,314.7025451660156,640.0,76.34156799316406,209.08932495117188,319.91259765625,634.646728515625,0.9691730744540635,0.9701616123849456,0.00042319297790527344,-0.0009885379308820497,True,False
attack_03,184324,car,D:\project CS\Faster-RCNN-COCO-Attack\source_data\attack_03\clean_images\000000184324.jpg,D:\project CS\Faster-RCNN-COCO-Attack\source_data\attack_03\patched_images\000000184324.jpg,True,True,0.9982603192329407,0.9973130822181702,276.69622802734375,237.0099334716797,343.9655456542969,267.5455017089844,276.93243408203125,236.59104919433594,343.3729553222656,268.05902099609375,0.8974900946545302,0.8909346518117573,0.0009472370147705078,0.006555442842772874,True,False
attack_03,184611,person,D:\project CS\Faster-RCNN-COCO-Attack\source_data\attack_03\clean_images\000000184611.jpg,D:\project CS\Faster-RCNN-COCO-Attack\source_data\attack_03\patched_images\000000184611.jpg,False,False,,,,,,,,,,,,,,,False,False
attack_03,188296,car,D:\project CS\Faster-RCNN-COCO-Attack\source_data\attack_03\clean_images\000000188296.jpg,D:\project CS\Faster-RCNN-COCO-Attack\source_data\attack_03\patched_images\000000188296.jpg,True,True,0.9247851967811584,0.883169949054718,0.1019461527466774,289.6606750488281,123.57687377929688,387.6966552734375,0.5215657353401184,288.5396423339844,124.8409423828125,389.0290222167969,0.9360933066754373,0.9410401812672502,0.04161524772644043,-0.0049468745918128665,True,False
attack_03,190923,person,D:\project CS\Faster-RCNN-COCO-Attack\source_data\attack_03\clean_images\000000190923.jpg,D:\project CS\Faster-RCNN-COCO-Attack\source_data\attack_03\patched_images\000000190923.jpg,False,False,,,,,,,,,,,,,,,False,False
attack_03,191288,person,D:\project CS\Faster-RCNN-COCO-Attack\source_data\attack_03\clean_images\000000191288.jpg,D:\project CS\Faster-RCNN-COCO-Attack\source_data\attack_03\patched_images\000000191288.jpg,True,True,0.9995043277740479,0.9994632601737976,262.07257080078125,0.32393646240234375,400.96405029296875,203.9908447265625,262.22357177734375,0.539581298828125,399.24688720703125,202.68582153320312,0.89875783379447,0.9094064935887349,4.106760025024414e-05,-0.01064865979426488,True,False
attack_03,192716,car,D:\project CS\Faster-RCNN-COCO-Attack\source_data\attack_03\clean_images\000000192716.jpg,D:\project CS\Faster-RCNN-COCO-Attack\source_data\attack_03\patched_images\000000192716.jpg,True,True,0.9990453124046326,0.9990102052688599,134.9071807861328,595.268310546875,233.65823364257812,640.0,135.47976684570312,595.1835327148438,233.4978485107422,640.0,0.9635680736124845,0.9657256167136843,3.510713577270508e-05,-0.002157543101199755,True,False
attack_03,196141,car,D:\project CS\Faster-RCNN-COCO-Attack\source_data\attack_03\clean_images\000000196141.jpg,D:\project CS\Faster-RCNN-COCO-Attack\source_data\attack_03\patched_images\000000196141.jpg,True,True,0.6080796122550964,0.6699831485748291,480.7075500488281,74.63536834716797,585.0608520507812,129.82688903808594,506.1130676269531,78.57759857177734,584.7955932617188,135.79820251464844,0.7557395088960329,0.5911642996078089,-0.061903536319732666,0.164575209288224,True,False
attack_03,196759,car,D:\project CS\Faster-RCNN-COCO-Attack\source_data\attack_03\clean_images\000000196759.jpg,D:\project CS\Faster-RCNN-COCO-Attack\source_data\attack_03\patched_images\000000196759.jpg,True,True,0.9821569919586182,0.9555736184120178,574.7316284179688,227.8030548095703,626.4160766601562,254.70077514648438,574.7778930664062,227.796630859375,626.204833984375,255.0071258544922,0.9137665506505939,0.9275984023063178,0.026583373546600342,-0.013831851655723981,True,False
attack_03,197658,person,D:\project CS\Faster-RCNN-COCO-Attack\source_data\attack_03\clean_images\000000197658.jpg,D:\project CS\Faster-RCNN-COCO-Attack\source_data\attack_03\patched_images\000000197658.jpg,True,True,0.9998088479042053,0.9997939467430115,162.00729370117188,143.1227569580078,564.1333618164062,576.2102661132812,162.3791961669922,142.4951629638672,564.9166259765625,576.5853271484375,0.9433337564898151,0.944463697308678,1.4901161193847656e-05,-0.0011299408188628624,True,False
attack_03,199236,person,D:\project CS\Faster-RCNN-COCO-Attack\source_data\attack_03\clean_images\000000199236.jpg,D:\project CS\Faster-RCNN-COCO-Attack\source_data\attack_03\patched_images\000000199236.jpg,False,False,,,,,,,,,,,,,,,False,False
attack_03,200421,person,D:\project CS\Faster-RCNN-COCO-Attack\source_data\attack_03\clean_images\000000200421.jpg,D:\project CS\Faster-RCNN-COCO-Attack\source_data\attack_03\patched_images\000000200421.jpg,True,True,0.9920680522918701,0.9796246290206909,106.32183837890625,4.421154975891113,501.6385803222656,478.62078857421875,108.6280517578125,0.7735840082168579,517.1793823242188,479.8765563964844,0.7007678702576622,0.6742084125313654,0.0124434232711792,0.026559457726296753,True,False
attack_03,201934,car,D:\project CS\Faster-RCNN-COCO-Attack\source_data\attack_03\clean_images\000000201934.jpg,D:\project CS\Faster-RCNN-COCO-Attack\source_data\attack_03\patched_images\000000201934.jpg,True,True,0.9688882231712341,0.9721360802650452,261.0270080566406,161.35911560058594,296.62200927734375,194.23890686035156,260.8227233886719,160.91871643066406,296.7835388183594,194.09188842773438,0.8864867017235174,0.9015420274920322,-0.003247857093811035,-0.01505532576851476,True,False
attack_03,206579,person,D:\project CS\Faster-RCNN-COCO-Attack\source_data\attack_03\clean_images\000000206579.jpg,D:\project CS\Faster-RCNN-COCO-Attack\source_data\attack_03\patched_images\000000206579.jpg,True,True,0.9886372685432434,0.9988248944282532,6.3933329582214355,3.8322694301605225,464.083251953125,476.09613037109375,1.4358949661254883,0.9613037705421448,554.7017211914062,480.0000305175781,0.9161007832731138,0.7714640026532771,-0.010187625885009766,0.14463678061983676,True,False
attack_03,210273,car,D:\project CS\Faster-RCNN-COCO-Attack\source_data\attack_03\clean_images\000000210273.jpg,D:\project CS\Faster-RCNN-COCO-Attack\source_data\attack_03\patched_images\000000210273.jpg,False,False,,,,,,,,,,,,,,,False,False
attack_03,212573,car,D:\project CS\Faster-RCNN-COCO-Attack\source_data\attack_03\clean_images\000000212573.jpg,D:\project CS\Faster-RCNN-COCO-Attack\source_data\attack_03\patched_images\000000212573.jpg,True,True,0.9976676106452942,0.9975076913833618,0.05482091009616852,118.58988189697266,168.83058166503906,252.94515991210938,0.39393356442451477,116.07161712646484,169.46484375,254.3245849609375,0.9813953377103544,0.9684134931993467,0.00015991926193237305,0.0129818445110077,True,False
attack_03,213547,person,D:\project CS\Faster-RCNN-COCO-Attack\source_data\attack_03\clean_images\000000213547.jpg,D:\project CS\Faster-RCNN-COCO-Attack\source_data\attack_03\patched_images\000000213547.jpg,True,True,0.9990214109420776,0.9988877177238464,115.75724029541016,137.19187927246094,349.70709228515625,623.5745239257812,116.6588134765625,135.75193786621094,348.8875732421875,626.4656372070312,0.9077756492885337,0.9002161885155092,0.00013369321823120117,0.007559460773024496,True,False
attack_03,213593,car,D:\project CS\Faster-RCNN-COCO-Attack\source_data\attack_03\clean_images\000000213593.jpg,D:\project CS\Faster-RCNN-COCO-Attack\source_data\attack_03\patched_images\000000213593.jpg,True,True,0.9739936590194702,0.9695394039154053,197.62432861328125,379.244384765625,270.44219970703125,425.96295166015625,197.01466369628906,378.345703125,272.3749694824219,425.2401428222656,0.8816766084020958,0.9022901977215604,0.004454255104064941,-0.020613589319464554,True,False
attack_03,213605,car,D:\project CS\Faster-RCNN-COCO-Attack\source_data\attack_03\clean_images\000000213605.jpg,D:\project CS\Faster-RCNN-COCO-Attack\source_data\attack_03\patched_images\000000213605.jpg,True,True,0.9933105707168579,0.9938815832138062,358.7698974609375,444.95947265625,479.41290283203125,593.4027709960938,357.65386962890625,445.51348876953125,479.7216491699219,593.1729125976562,0.9871241367722687,0.9816438867040748,-0.0005710124969482422,0.00548025006819397,True,False
attack_03,214200,car,D:\project CS\Faster-RCNN-COCO-Attack\source_data\attack_03\clean_images\000000214200.jpg,D:\project CS\Faster-RCNN-COCO-Attack\source_data\attack_03\patched_images\000000214200.jpg,True,True,0.9996819496154785,0.9997554421424866,21.378276824951172,485.9971618652344,427.0,630.6452026367188,28.757801055908203,487.72186279296875,427.0,630.80029296875,0.9469269057973074,0.9693852349587048,-7.349252700805664e-05,-0.02245832916139734,True,False
attack_03,215723,person,D:\project CS\Faster-RCNN-COCO-Attack\source_data\attack_03\clean_images\000000215723.jpg,D:\project CS\Faster-RCNN-COCO-Attack\source_data\attack_03\patched_images\000000215723.jpg,True,True,0.9979785084724426,0.9963674545288086,177.62095642089844,114.22505950927734,299.8489074707031,261.9764099121094,177.82936096191406,114.25303649902344,297.6794738769531,264.23480224609375,0.9518858402800436,0.9769237908658159,0.0016110539436340332,-0.025037950585772295,True,False
attack_03,222094,car,D:\project CS\Faster-RCNN-COCO-Attack\source_data\attack_03\clean_images\000000222094.jpg,D:\project CS\Faster-RCNN-COCO-Attack\source_data\attack_03\patched_images\000000222094.jpg,True,True,0.6081722378730774,0.5045366883277893,26.285175323486328,213.44187927246094,110.69696044921875,242.82345581054688,27.707706451416016,213.8668212890625,110.73941040039062,243.01202392578125,0.8754290339583621,0.8685105864173002,0.10363554954528809,0.006918447541061967,True,False
attack_03,223747,person,D:\project CS\Faster-RCNN-COCO-Attack\source_data\attack_03\clean_images\000000223747.jpg,D:\project CS\Faster-RCNN-COCO-Attack\source_data\attack_03\patched_images\000000223747.jpg,True,True,0.8496226072311401,0.3429383933544159,245.77305603027344,77.37242126464844,489.4283752441406,340.9818115234375,240.37277221679688,81.65186309814453,432.667724609375,304.8482666015625,0.5692315957441011,0.8133733296677619,0.5066842138767242,-0.2441417339236608,True,False
attack_03,224222,person,D:\project CS\Faster-RCNN-COCO-Attack\source_data\attack_03\clean_images\000000224222.jpg,D:\project CS\Faster-RCNN-COCO-Attack\source_data\attack_03\patched_images\000000224222.jpg,True,True,0.9997279047966003,0.9996881484985352,260.38134765625,76.902099609375,328.5750427246094,189.66476440429688,260.6119384765625,76.68566131591797,328.8535461425781,189.05105590820312,0.9303090678563868,0.9301730506543913,3.975629806518555e-05,0.0001360172019955197,True,False
attack_03,226662,person,D:\project CS\Faster-RCNN-COCO-Attack\source_data\attack_03\clean_images\000000226662.jpg,D:\project CS\Faster-RCNN-COCO-Attack\source_data\attack_03\patched_images\000000226662.jpg,True,True,0.7299050092697144,0.5184595584869385,480.15374755859375,12.041954040527344,577.639404296875,204.61636352539062,494.90435791015625,15.620831489562988,569.2781982421875,205.91644287109375,0.7730688117077761,0.7405453317809837,0.21144545078277588,0.03252347992679239,True,False
attack_03,227898,car,D:\project CS\Faster-RCNN-COCO-Attack\source_data\attack_03\clean_images\000000227898.jpg,D:\project CS\Faster-RCNN-COCO-Attack\source_data\attack_03\patched_images\000000227898.jpg,True,True,0.9370602965354919,0.9550174474716187,577.8070068359375,188.8247528076172,639.9999389648438,303.9129333496094,579.1242065429688,189.8782196044922,639.9999389648438,303.8815612792969,0.9764160153829872,0.9467273389698696,-0.01795715093612671,0.029688676413117565,True,False
attack_03,229358,person,D:\project CS\Faster-RCNN-COCO-Attack\source_data\attack_03\clean_images\000000229358.jpg,D:\project CS\Faster-RCNN-COCO-Attack\source_data\attack_03\patched_images\000000229358.jpg,True,True,0.9698249101638794,0.8759527802467346,466.7748107910156,0.0,640.0,423.0,460.1388854980469,0.0,640.0,421.0662536621094,0.9868132004613441,0.9716203082176869,0.09387212991714478,0.015192892243657274,True,False
attack_03,230008,car,D:\project CS\Faster-RCNN-COCO-Attack\source_data\attack_03\clean_images\000000230008.jpg,D:\project CS\Faster-RCNN-COCO-Attack\source_data\attack_03\patched_images\000000230008.jpg,True,True,0.9901593327522278,0.9904223680496216,404.0797119140625,76.56927490234375,637.6453247070312,313.1640319824219,404.1593933105469,78.18199157714844,638.6676635742188,314.6231994628906,0.8478360959817886,0.8421029188692585,-0.00026303529739379883,0.0057331771125300746,True,False
attack_03,236845,car,D:\project CS\Faster-RCNN-COCO-Attack\source_data\attack_03\clean_images\000000236845.jpg,D:\project CS\Faster-RCNN-COCO-Attack\source_data\attack_03\patched_images\000000236845.jpg,True,True,0.9963219165802002,0.9856972694396973,48.59474563598633,426.9515380859375,100.85569763183594,467.3905944824219,52.57707595825195,426.20819091796875,101.42312622070312,466.3410949707031,0.9193052964642401,0.8229599591827222,0.01062464714050293,0.09634533728151784,True,False
attack_03,242678,person,D:\project CS\Faster-RCNN-COCO-Attack\source_data\attack_03\clean_images\000000242678.jpg,D:\project CS\Faster-RCNN-COCO-Attack\source_data\attack_03\patched_images\000000242678.jpg,True,True,0.9953464865684509,0.9292575716972351,352.4492492675781,164.43321228027344,401.8297424316406,227.33444213867188,351.92999267578125,164.02420043945312,407.5794982910156,224.07669067382812,0.7853850480926832,0.8465556370688057,0.06608891487121582,-0.061170588976122486,True,False
attack_03,245026,person,D:\project CS\Faster-RCNN-COCO-Attack\source_data\attack_03\clean_images\000000245026.jpg,D:\project CS\Faster-RCNN-COCO-Attack\source_data\attack_03\patched_images\000000245026.jpg,True,True,0.9993120431900024,0.9997215867042542,179.0497589111328,32.83795166015625,423.96221923828125,316.1424560546875,176.6977996826172,26.324716567993164,429.345703125,307.3139953613281,0.9618665775583085,0.9511387490087726,-0.000409543514251709,0.010727828549535912,True,False
attack_03,245320,car,D:\project CS\Faster-RCNN-COCO-Attack\source_data\attack_03\clean_images\000000245320.jpg,D:\project CS\Faster-RCNN-COCO-Attack\source_data\attack_03\patched_images\000000245320.jpg,True,True,0.9487232565879822,0.2521532475948334,361.8992919921875,244.42201232910156,421.61700439453125,311.26171875,361.63385009765625,238.35565185546875,423.4257507324219,309.9983215332031,0.9002175254690625,0.8309514403515347,0.6965700089931488,0.06926608511752785,True,False
attack_03,253742,person,D:\project CS\Faster-RCNN-COCO-Attack\source_data\attack_03\clean_images\000000253742.jpg,D:\project CS\Faster-RCNN-COCO-Attack\source_data\attack_03\patched_images\000000253742.jpg,True,True,0.998853325843811,0.9991468191146851,389.564453125,92.9449234008789,526.2704467773438,473.6214904785156,388.7044372558594,94.87399291992188,525.2356567382812,474.2635498046875,0.9574406539525343,0.9380692375351787,-0.00029349327087402344,0.019371416417355625,True,False
attack_03,254516,person,D:\project CS\Faster-RCNN-COCO-Attack\source_data\attack_03\clean_images\000000254516.jpg,D:\project CS\Faster-RCNN-COCO-Attack\source_data\attack_03\patched_images\000000254516.jpg,True,True,0.9988821148872375,0.9986690282821655,211.08395385742188,86.73406219482422,403.99249267578125,425.8703308105469,211.18214416503906,87.8910903930664,403.49169921875,426.8655700683594,0.9389088149418421,0.9422827475785003,0.00021308660507202148,-0.0033739326366581945,True,False
attack_03,257370,person,D:\project CS\Faster-RCNN-COCO-Attack\source_data\attack_03\clean_images\000000257370.jpg,D:\project CS\Faster-RCNN-COCO-Attack\source_data\attack_03\patched_images\000000257370.jpg,True,True,0.9993106126785278,0.9992401599884033,3.851961851119995,45.636329650878906,195.09701538085938,478.65045166015625,0.3496020436286926,48.29368591308594,189.16168212890625,473.3941650390625,0.8897484396806183,0.9510421662887939,7.045269012451172e-05,-0.06129372660817556,True,False
attack_03,258883,person,D:\project CS\Faster-RCNN-COCO-Attack\source_data\attack_03\clean_images\000000258883.jpg,D:\project CS\Faster-RCNN-COCO-Attack\source_data\attack_03\patched_images\000000258883.jpg,True,True,0.9678092002868652,0.9343796372413635,0.0,74.2430419921875,291.1999816894531,359.1259460449219,0.8499069809913635,42.92823791503906,283.118896484375,356.55877685546875,0.8995040762621244,0.8926971773484703,0.03342956304550171,0.006806898913654047,True,False
attack_03,259690,car,D:\project CS\Faster-RCNN-COCO-Attack\source_data\attack_03\clean_images\000000259690.jpg,D:\project CS\Faster-RCNN-COCO-Attack\source_data\attack_03\patched_images\000000259690.jpg,True,True,0.8208940625190735,0.7108420133590698,452.7012634277344,112.98867797851562,574.7701416015625,153.7430419921875,450.76300048828125,112.23387145996094,554.147216796875,149.0796661376953,0.8620683181004951,0.7606551176964206,0.11005204916000366,0.10141320040407453,True,False
attack_03,260266,car,D:\project CS\Faster-RCNN-COCO-Attack\source_data\attack_03\clean_images\000000260266.jpg,D:\project CS\Faster-RCNN-COCO-Attack\source_data\attack_03\patched_images\000000260266.jpg,True,True,0.9970722198486328,0.9961411356925964,51.157405853271484,514.999755859375,124.02601623535156,552.4489135742188,52.977352142333984,514.78662109375,125.41959381103516,552.0106811523438,0.9367713166423702,0.937111145982981,0.000931084156036377,-0.00033982934061072,True,False
attack_03,260925,car,D:\project CS\Faster-RCNN-COCO-Attack\source_data\attack_03\clean_images\000000260925.jpg,D:\project CS\Faster-RCNN-COCO-Attack\source_data\attack_03\patched_images\000000260925.jpg,True,True,0.9535020589828491,0.9173024296760559,2.0111324787139893,24.875795364379883,640.0,439.189208984375,0.0,25.345111846923828,640.0,403.80419921875,0.9126657850496664,0.8348919396973098,0.03619962930679321,0.07777384535235665,True,False
attack_03,262487,person,D:\project CS\Faster-RCNN-COCO-Attack\source_data\attack_03\clean_images\000000262487.jpg,D:\project CS\Faster-RCNN-COCO-Attack\source_data\attack_03\patched_images\000000262487.jpg,True,True,0.9181265234947205,0.9961379170417786,280.9872131347656,278.8332824707031,421.7695007324219,459.78009033203125,206.59933471679688,275.73382568359375,350.8600769042969,477.7939147949219,0.5828224478421106,0.593266528641708,-0.0780113935470581,-0.010444080799597466,True,False
attack_03,266981,car,D:\project CS\Faster-RCNN-COCO-Attack\source_data\attack_03\clean_images\000000266981.jpg,D:\project CS\Faster-RCNN-COCO-Attack\source_data\attack_03\patched_images\000000266981.jpg,True,True,0.8743902444839478,0.8970255255699158,323.13653564453125,409.9162292480469,388.1927490234375,448.042724609375,323.4524841308594,408.67584228515625,391.8128356933594,449.02093505859375,0.8499935862381371,0.8965229215854967,-0.022635281085968018,-0.04652933534735959,True,False
attack_03,268378,person,D:\project CS\Faster-RCNN-COCO-Attack\source_data\attack_03\clean_images\000000268378.jpg,D:\project CS\Faster-RCNN-COCO-Attack\source_data\attack_03\patched_images\000000268378.jpg,True,True,0.9992400407791138,0.9989197254180908,387.982177734375,141.74742126464844,622.7906494140625,357.5805969238281,394.7014465332031,139.46676635742188,617.6349487304688,356.5712890625,0.967941356347089,0.9379257050336536,0.0003203153610229492,0.03001565131343542,True,False
attack_03,269316,person,D:\project CS\Faster-RCNN-COCO-Attack\source_data\attack_03\clean_images\000000269316.jpg,D:\project CS\Faster-RCNN-COCO-Attack\source_data\attack_03\patched_images\000000269316.jpg,True,True,0.9998544454574585,0.9984706044197083,396.72418212890625,144.61727905273438,608.3362426757812,392.8231201171875,399.4910583496094,146.0926971435547,611.0928955078125,393.8916931152344,0.95515133602562,0.9639609613635083,0.0013838410377502441,-0.008809625337888316,True,False
attack_03,273198,car,D:\project CS\Faster-RCNN-COCO-Attack\source_data\attack_03\clean_images\000000273198.jpg,D:\project CS\Faster-RCNN-COCO-Attack\source_data\attack_03\patched_images\000000273198.jpg,True,True,0.938864529132843,0.947830080986023,255.16944885253906,0.5436551570892334,386.98907470703125,36.13294219970703,255.10763549804688,0.0,388.6363525390625,34.083251953125,0.8865646957099268,0.9429597217075696,-0.008965551853179932,-0.05639502599764279,True,False
attack_03,273711,person,D:\project CS\Faster-RCNN-COCO-Attack\source_data\attack_03\clean_images\000000273711.jpg,D:\project CS\Faster-RCNN-COCO-Attack\source_data\attack_03\patched_images\000000273711.jpg,True,True,0.9494479298591614,0.9782267212867737,529.3052368164062,37.57485580444336,640.0,472.1881408691406,529.041015625,45.0502815246582,640.0,472.25616455078125,0.9514691583610351,0.9640101676520793,-0.028778791427612305,-0.01254100929104418,True,False
attack_03,275058,person,D:\project CS\Faster-RCNN-COCO-Attack\source_data\attack_03\clean_images\000000275058.jpg,D:\project CS\Faster-RCNN-COCO-Attack\source_data\attack_03\patched_images\000000275058.jpg,True,True,0.9974035620689392,0.9965004920959473,201.60501098632812,152.8519744873047,274.30120849609375,293.8578186035156,203.12547302246094,153.1118927001953,274.9737243652344,289.8677062988281,0.8265167445429858,0.8727940679241636,0.0009030699729919434,-0.04627732338117774,True,False
attack_03,276707,car,D:\project CS\Faster-RCNN-COCO-Attack\source_data\attack_03\clean_images\000000276707.jpg,D:\project CS\Faster-RCNN-COCO-Attack\source_data\attack_03\patched_images\000000276707.jpg,True,True,0.9744898080825806,0.9790670275688171,0.8144403100013733,447.7922058105469,109.00479125976562,480.0000305175781,0.18565680086612701,451.791748046875,86.8677749633789,479.8262023925781,0.8990863247414674,0.7378549971895113,-0.004577219486236572,0.16123132755195613,True,False
attack_03,281754,person,D:\project CS\Faster-RCNN-COCO-Attack\source_data\attack_03\clean_images\000000281754.jpg,D:\project CS\Faster-RCNN-COCO-Attack\source_data\attack_03\patched_images\000000281754.jpg,True,True,0.9979775547981262,0.9980685114860535,42.848976135253906,15.687064170837402,233.48931884765625,570.0494384765625,49.582733154296875,15.800924301147461,233.37088012695312,597.489990234375,0.9194058401474734,0.9671542784907697,-9.09566879272461e-05,-0.04774843834329634,True,False
attack_03,281929,person,D:\project CS\Faster-RCNN-COCO-Attack\source_data\attack_03\clean_images\000000281929.jpg,D:\project CS\Faster-RCNN-COCO-Attack\source_data\attack_03\patched_images\000000281929.jpg,True,True,0.9988808035850525,0.999245285987854,249.52996826171875,58.8585319519043,429.90557861328125,466.8154602050781,248.95877075195312,55.45051574707031,428.9427795410156,466.13348388671875,0.9110807598859636,0.9041871274363563,-0.00036448240280151367,0.006893632449607279,True,False
attack_03,283037,car,D:\project CS\Faster-RCNN-COCO-Attack\source_data\attack_03\clean_images\000000283037.jpg,D:\project CS\Faster-RCNN-COCO-Attack\source_data\attack_03\patched_images\000000283037.jpg,True,True,0.9791243672370911,0.9877966046333313,1.8756707906723022,356.2806701660156,92.94894409179688,448.6805114746094,0.1357586532831192,356.3409729003906,93.34004974365234,450.6965637207031,0.9657132951501447,0.9464254925439808,-0.008672237396240234,0.019287802606163917,True,False
attack_03,283038,car,D:\project CS\Faster-RCNN-COCO-Attack\source_data\attack_03\clean_images\000000283038.jpg,D:\project CS\Faster-RCNN-COCO-Attack\source_data\attack_03\patched_images\000000283038.jpg,True,True,0.995559573173523,0.9947749376296997,0.1542920619249344,186.45733642578125,47.87942123413086,215.7080535888672,0.09407678991556168,184.20645141601562,47.719383239746094,215.83346557617188,0.9695741091481465,0.8954081599457389,0.0007846355438232422,0.0741659492024076,True,False
attack_03,284991,person,D:\project CS\Faster-RCNN-COCO-Attack\source_data\attack_03\clean_images\000000284991.jpg,D:\project CS\Faster-RCNN-COCO-Attack\source_data\attack_03\patched_images\000000284991.jpg,True,True,0.9939111471176147,0.992344081401825,155.41319274902344,0.40688279271125793,639.5635986328125,428.0000305175781,141.99940490722656,0.2643325924873352,639.9999389648438,428.0000305175781,0.8592847990094711,0.8820042680456078,0.001567065715789795,-0.022719469036136752,True,False
attack_03,291634,person,D:\project CS\Faster-RCNN-COCO-Attack\source_data\attack_03\clean_images\000000291634.jpg,D:\project CS\Faster-RCNN-COCO-Attack\source_data\attack_03\patched_images\000000291634.jpg,True,True,0.9963556528091431,0.997864305973053,347.7373962402344,189.5692901611328,381.1015625,287.7606506347656,347.1491394042969,189.22393798828125,382.1810607910156,287.7017822265625,0.8091155790826225,0.8219393560265165,-0.0015086531639099121,-0.012823776943893916,True,False
attack_03,292997,car,D:\project CS\Faster-RCNN-COCO-Attack\source_data\attack_03\clean_images\000000292997.jpg,D:\project CS\Faster-RCNN-COCO-Attack\source_data\attack_03\patched_images\000000292997.jpg,True,True,0.6735053062438965,0.8071035146713257,1.4234544038772583,210.6828155517578,190.4824676513672,386.5054626464844,0.9177947044372559,211.35968017578125,190.02679443359375,391.30029296875,0.9631217801713675,0.9445037614081992,-0.1335982084274292,0.018618018763168265,True,False
attack_03,294831,person,D:\project CS\Faster-RCNN-COCO-Attack\source_data\attack_03\clean_images\000000294831.jpg,D:\project CS\Faster-RCNN-COCO-Attack\source_data\attack_03\patched_images\000000294831.jpg,True,True,0.9824140071868896,0.9706196784973145,514.580810546875,155.01849365234375,639.2889404296875,357.33013916015625,513.381591796875,156.2316131591797,640.0,355.0043029785156,0.9643239590432964,0.9659042145078973,0.011794328689575195,-0.0015802554646009437,True,False
attack_03,296224,car,D:\project CS\Faster-RCNN-COCO-Attack\source_data\attack_03\clean_images\000000296224.jpg,D:\project CS\Faster-RCNN-COCO-Attack\source_data\attack_03\patched_images\000000296224.jpg,True,True,0.9874082803726196,0.9828376770019531,0.13309787213802338,171.69725036621094,54.10370635986328,220.6506805419922,0.39159148931503296,171.0986328125,56.142189025878906,219.5150909423828,0.6038507785375662,0.5921992307080121,0.004570603370666504,0.011651547829554132,True,False
attack_03,296649,car,D:\project CS\Faster-RCNN-COCO-Attack\source_data\attack_03\clean_images\000000296649.jpg,D:\project CS\Faster-RCNN-COCO-Attack\source_data\attack_03\patched_images\000000296649.jpg,True,True,0.9883753061294556,0.9873271584510803,421.1389465332031,327.9729309082031,639.1673583984375,427.0,430.0924987792969,325.52593994140625,640.0,427.0,0.9093424743601136,0.9104501599108165,0.0010481476783752441,-0.0011076855507028416,True,False
attack_03,297084,person,D:\project CS\Faster-RCNN-COCO-Attack\source_data\attack_03\clean_images\000000297084.jpg,D:\project CS\Faster-RCNN-COCO-Attack\source_data\attack_03\patched_images\000000297084.jpg,True,True,0.9992683529853821,0.9994133710861206,141.3824005126953,0.0,539.1836547851562,428.6761169433594,136.77696228027344,0.0,537.8215942382812,426.4407043457031,0.9451459986227554,0.9424167071174635,-0.0001450181007385254,0.0027292915052918865,True,False
attack_03,297595,person,D:\project CS\Faster-RCNN-COCO-Attack\source_data\attack_03\clean_images\000000297595.jpg,D:\project CS\Faster-RCNN-COCO-Attack\source_data\attack_03\patched_images\000000297595.jpg,True,True,0.9997503161430359,0.9996174573898315,136.2630615234375,232.00244140625,178.59725952148438,268.51495361328125,135.99737548828125,230.99588012695312,177.96542358398438,268.0158386230469,0.9437603470246817,0.9620841241736234,0.0001328587532043457,-0.018323777148941733,True,False
attack_03,300341,person,D:\project CS\Faster-RCNN-COCO-Attack\source_data\attack_03\clean_images\000000300341.jpg,D:\project CS\Faster-RCNN-COCO-Attack\source_data\attack_03\patched_images\000000300341.jpg,True,True,0.9989352822303772,0.9984890222549438,401.19512939453125,17.80776596069336,603.3289794921875,426.4464416503906,409.94970703125,14.484027862548828,601.9368286132812,426.08160400390625,0.9462249459866714,0.9172460807636784,0.0004462599754333496,0.028978865222992978,True,False
attack_03,301421,car,D:\project CS\Faster-RCNN-COCO-Attack\source_data\attack_03\clean_images\000000301421.jpg,D:\project CS\Faster-RCNN-COCO-Attack\source_data\attack_03\patched_images\000000301421.jpg,True,True,0.9945741295814514,0.9957031607627869,297.1851501464844,95.63166809082031,378.01531982421875,156.25279235839844,296.246826171875,96.9832992553711,376.0430908203125,156.20211791992188,0.9282089707362078,0.9654880150241921,-0.0011290311813354492,-0.03727904428798434,True,False
attack_03,301718,person,D:\project CS\Faster-RCNN-COCO-Attack\source_data\attack_03\clean_images\000000301718.jpg,D:\project CS\Faster-RCNN-COCO-Attack\source_data\attack_03\patched_images\000000301718.jpg,True,True,0.9947836995124817,0.9968053102493286,299.0443420410156,0.0,478.0533752441406,372.3891906738281,301.0751647949219,0.05529579147696495,478.6592712402344,372.102294921875,0.9561816922937566,0.9698382167495144,-0.002021610736846924,-0.013656524455757824,True,False
attack_03,302990,person,D:\project CS\Faster-RCNN-COCO-Attack\source_data\attack_03\clean_images\000000302990.jpg,D:\project CS\Faster-RCNN-COCO-Attack\source_data\attack_03\patched_images\000000302990.jpg,True,True,0.9998459815979004,0.9999351501464844,249.38246154785156,142.15365600585938,455.0558776855469,280.2388916015625,248.66912841796875,141.59783935546875,455.4011535644531,279.9567565917969,0.8381544616908864,0.8441382274518867,-8.916854858398438e-05,-0.005983765761000348,True,False
attack_03,303305,car,D:\project CS\Faster-RCNN-COCO-Attack\source_data\attack_03\clean_images\000000303305.jpg,D:\project CS\Faster-RCNN-COCO-Attack\source_data\attack_03\patched_images\000000303305.jpg,True,True,0.8699292540550232,0.8014727234840393,592.6489868164062,203.19618225097656,640.0,253.427978515625,591.7404174804688,203.10667419433594,640.0,252.81094360351562,0.9377053434975259,0.9421756999818305,0.06845653057098389,-0.004470356484304605,True,False
attack_03,303566,car,D:\project CS\Faster-RCNN-COCO-Attack\source_data\attack_03\clean_images\000000303566.jpg,D:\project CS\Faster-RCNN-COCO-Attack\source_data\attack_03\patched_images\000000303566.jpg,True,True,0.8324496150016785,0.8655093312263489,207.0853729248047,85.99925994873047,249.11001586914062,124.23200988769531,207.88839721679688,84.76924896240234,249.3657684326172,121.43756866455078,0.8421890691750935,0.8575100044903868,-0.03305971622467041,-0.015320935315293327,True,False
attack_03,304812,person,D:\project CS\Faster-RCNN-COCO-Attack\source_data\attack_03\clean_images\000000304812.jpg,D:\project CS\Faster-RCNN-COCO-Attack\source_data\attack_03\patched_images\000000304812.jpg,True,True,0.9976414442062378,0.9943654537200928,94.79242706298828,380.95623779296875,125.7134780883789,450.0018615722656,93.81134033203125,379.4163818359375,125.81340026855469,450.16131591796875,0.9032601427218327,0.9187172096029756,0.0032759904861450195,-0.0154570668811429,True,False
attack_03,305609,person,D:\project CS\Faster-RCNN-COCO-Attack\source_data\attack_03\clean_images\000000305609.jpg,D:\project CS\Faster-RCNN-COCO-Attack\source_data\attack_03\patched_images\000000305609.jpg,True,True,0.7656472325325012,0.7420130372047424,285.2779846191406,0.8602631092071533,600.20751953125,182.01702880859375,289.375244140625,1.7289949655532837,610.573486328125,191.51156616210938,0.8073037914873966,0.8034527092568499,0.02363419532775879,0.003851082230546754,True,False
attack_03,309391,car,D:\project CS\Faster-RCNN-COCO-Attack\source_data\attack_03\clean_images\000000309391.jpg,D:\project CS\Faster-RCNN-COCO-Attack\source_data\attack_03\patched_images\000000309391.jpg,True,True,0.9963021278381348,0.9974115490913391,257.76849365234375,233.31430053710938,323.7123107910156,291.2440490722656,258.120361328125,233.18594360351562,323.9554138183594,290.7887878417969,0.8755135154256979,0.8789847300776291,-0.0011094212532043457,-0.0034712146519312315,True,False
attack_03,311002,person,D:\project CS\Faster-RCNN-COCO-Attack\source_data\attack_03\clean_images\000000311002.jpg,D:\project CS\Faster-RCNN-COCO-Attack\source_data\attack_03\patched_images\000000311002.jpg,True,True,0.9984539747238159,0.9973601698875427,15.940896034240723,145.55259704589844,257.1231689453125,425.8371887207031,11.379941940307617,144.562744140625,256.0020446777344,427.0,0.892827208197099,0.8720963745042752,0.0010938048362731934,0.020730833692823802,True,False
attack_03,319184,person,D:\project CS\Faster-RCNN-COCO-Attack\source_data\attack_03\clean_images\000000319184.jpg,D:\project CS\Faster-RCNN-COCO-Attack\source_data\attack_03\patched_images\000000319184.jpg,True,True,0.9995821118354797,0.9995818734169006,271.92730712890625,91.4046859741211,472.8675231933594,269.3114013671875,272.39324951171875,91.40999603271484,473.48382568359375,269.4927978515625,0.9593298423357668,0.9609979171203349,2.384185791015625e-07,-0.0016680747845680965,True,False
attack_03,319369,car,D:\project CS\Faster-RCNN-COCO-Attack\source_data\attack_03\clean_images\000000319369.jpg,D:\project CS\Faster-RCNN-COCO-Attack\source_data\attack_03\patched_images\000000319369.jpg,True,True,0.9868424534797668,0.9899747967720032,598.0137329101562,194.1567840576172,639.6354370117188,220.9051055908203,597.9288940429688,194.02249145507812,639.9490966796875,221.48641967773438,0.9247399803472734,0.9191124007997623,-0.003132343292236328,0.005627579547511141,True,False
attack_03,321790,person,D:\project CS\Faster-RCNN-COCO-Attack\source_data\attack_03\clean_images\000000321790.jpg,D:\project CS\Faster-RCNN-COCO-Attack\source_data\attack_03\patched_images\000000321790.jpg,True,True,0.9983964562416077,0.9978278279304504,114.46910858154297,7.486117362976074,342.8940734863281,425.10552978515625,99.99327087402344,8.958294868469238,342.35833740234375,426.2804260253906,0.8018251632408052,0.7550311850697917,0.0005686283111572266,0.046793978171013495,True,False
attack_03,323571,car,D:\project CS\Faster-RCNN-COCO-Attack\source_data\attack_03\clean_images\000000323571.jpg,D:\project CS\Faster-RCNN-COCO-Attack\source_data\attack_03\patched_images\000000323571.jpg,True,True,0.28802788257598877,0.769972026348114,76.6630859375,594.6427612304688,151.93885803222656,628.9285278320312,74.6668930053711,593.27734375,151.03955078125,626.1253051757812,0.9019259886609593,0.8735611386546718,-0.48194414377212524,0.028364850006287523,True,False
attack_03,325031,person,D:\project CS\Faster-RCNN-COCO-Attack\source_data\attack_03\clean_images\000000325031.jpg,D:\project CS\Faster-RCNN-COCO-Attack\source_data\attack_03\patched_images\000000325031.jpg,False,False,,,,,,,,,,,,,,,False,False
attack_03,326541,car,D:\project CS\Faster-RCNN-COCO-Attack\source_data\attack_03\clean_images\000000326541.jpg,D:\project CS\Faster-RCNN-COCO-Attack\source_data\attack_03\patched_images\000000326541.jpg,True,False,0.7939870953559875,,237.02914428710938,263.6367492675781,347.13592529296875,358.92156982421875,,,,,0.7635717944281558,,,,True,True
attack_03,334371,car,D:\project CS\Faster-RCNN-COCO-Attack\source_data\attack_03\clean_images\000000334371.jpg,D:\project CS\Faster-RCNN-COCO-Attack\source_data\attack_03\patched_images\000000334371.jpg,True,True,0.9956587553024292,0.9949599504470825,46.85227584838867,258.1493225097656,168.1768798828125,295.9920654296875,48.99484634399414,259.02032470703125,169.81072998046875,296.3676452636719,0.93622695932586,0.9161044541280221,0.0006988048553466797,0.02012250519783787,True,False
attack_03,334555,car,D:\project CS\Faster-RCNN-COCO-Attack\source_data\attack_03\clean_images\000000334555.jpg,D:\project CS\Faster-RCNN-COCO-Attack\source_data\attack_03\patched_images\000000334555.jpg,True,True,0.9410451054573059,0.913207471370697,453.1453857421875,182.48919677734375,581.08740234375,258.5527038574219,456.3983459472656,183.4861297607422,580.9853515625,259.4955139160156,0.9333832640337891,0.9095582076676713,0.027837634086608887,0.02382505636611787,True,False
attack_03,338560,car,D:\project CS\Faster-RCNN-COCO-Attack\source_data\attack_03\clean_images\000000338560.jpg,D:\project CS\Faster-RCNN-COCO-Attack\source_data\attack_03\patched_images\000000338560.jpg,True,True,0.9958288073539734,0.9960338473320007,56.8988151550293,164.82749938964844,138.03134155273438,200.7799835205078,56.0321159362793,164.17112731933594,137.80055236816406,201.01458740234375,0.9684873124904303,0.9543201366525262,-0.00020503997802734375,0.014167175837904056,True,False
attack_03,338625,car,D:\project CS\Faster-RCNN-COCO-Attack\source_data\attack_03\clean_images\000000338625.jpg,D:\project CS\Faster-RCNN-COCO-Attack\source_data\attack_03\patched_images\000000338625.jpg,True,True,0.9989752769470215,0.9989504218101501,7.923842906951904,235.16943359375,123.93206787109375,280.0362548828125,8.098753929138184,235.067626953125,123.79532623291016,279.73370361328125,0.887139756891288,0.8913926013924932,2.485513687133789e-05,-0.004252844501205222,True,False
attack_03,338986,car,D:\project CS\Faster-RCNN-COCO-Attack\source_data\attack_03\clean_images\000000338986.jpg,D:\project CS\Faster-RCNN-COCO-Attack\source_data\attack_03\patched_images\000000338986.jpg,True,True,0.9739737510681152,0.9461728930473328,290.5728759765625,506.8013610839844,402.8290100097656,628.7437744140625,297.1734619140625,503.96722412109375,402.3354187011719,627.1986083984375,0.8173725813746366,0.824087424531003,0.02780085802078247,-0.00671484315636639,True,False
attack_03,343453,person,D:\project CS\Faster-RCNN-COCO-Attack\source_data\attack_03\clean_images\000000343453.jpg,D:\project CS\Faster-RCNN-COCO-Attack\source_data\attack_03\patched_images\000000343453.jpg,True,True,0.9992532134056091,0.9991841912269592,251.13328552246094,60.765201568603516,434.79931640625,477.6399841308594,249.27978515625,60.17221450805664,434.7225341796875,476.7532043457031,0.9470725719900923,0.955341538961136,6.902217864990234e-05,-0.008268966971043734,True,False
attack_03,344909,car,D:\project CS\Faster-RCNN-COCO-Attack\source_data\attack_03\clean_images\000000344909.jpg,D:\project CS\Faster-RCNN-COCO-Attack\source_data\attack_03\patched_images\000000344909.jpg,True,True,0.971895158290863,0.9746327996253967,377.0018615722656,197.18458557128906,437.0889587402344,236.61898803710938,379.8209228515625,196.8792724609375,436.6014099121094,237.2080078125,0.8832800781308932,0.9106018507958744,-0.0027376413345336914,-0.02732177266498126,True,False
attack_03,345361,car,D:\project CS\Faster-RCNN-COCO-Attack\source_data\attack_03\clean_images\000000345361.jpg,D:\project CS\Faster-RCNN-COCO-Attack\source_data\attack_03\patched_images\000000345361.jpg,True,True,0.9161061644554138,0.6550154089927673,446.7033996582031,53.71124267578125,476.0816955566406,88.56616973876953,452.3418884277344,53.39104461669922,476.3603820800781,88.31218719482422,0.9050137933627561,0.7608759791511652,0.2610907554626465,0.1441378142115909,True,False
attack_03,350122,person,D:\project CS\Faster-RCNN-COCO-Attack\source_data\attack_03\clean_images\000000350122.jpg,D:\project CS\Faster-RCNN-COCO-Attack\source_data\attack_03\patched_images\000000350122.jpg,False,False,,,,,,,,,,,,,,,False,False
attack_03,353027,person,D:\project CS\Faster-RCNN-COCO-Attack\source_data\attack_03\clean_images\000000353027.jpg,D:\project CS\Faster-RCNN-COCO-Attack\source_data\attack_03\patched_images\000000353027.jpg,True,True,0.9958723187446594,0.9828968644142151,2.4669084548950195,3.5575568675994873,229.71531677246094,228.6187286376953,0.8093898296356201,0.0,219.6306610107422,231.9268035888672,0.9268907090006023,0.9197453109377377,0.012975454330444336,0.007145398062864627,True,False
attack_03,354829,car,D:\project CS\Faster-RCNN-COCO-Attack\source_data\attack_03\clean_images\000000354829.jpg,D:\project CS\Faster-RCNN-COCO-Attack\source_data\attack_03\patched_images\000000354829.jpg,True,True,0.9913427829742432,0.9972625970840454,82.21172332763672,79.05091857910156,379.9917297363281,234.862548828125,82.2616195678711,79.12527465820312,379.4991760253906,235.5843505859375,0.9172290065812789,0.9232818026667593,-0.005919814109802246,-0.006052796085480372,True,False
attack_03,355257,person,D:\project CS\Faster-RCNN-COCO-Attack\source_data\attack_03\clean_images\000000355257.jpg,D:\project CS\Faster-RCNN-COCO-Attack\source_data\attack_03\patched_images\000000355257.jpg,True,True,0.9952453970909119,0.9786291122436523,324.68133544921875,229.68881225585938,612.3507690429688,326.6996154785156,328.46240234375,230.48721313476562,600.40478515625,325.2959899902344,0.8834670130443439,0.8302485339599184,0.01661628484725952,0.05321847908442556,True,False
attack_03,359540,person,D:\project CS\Faster-RCNN-COCO-Attack\source_data\attack_03\clean_images\000000359540.jpg,D:\project CS\Faster-RCNN-COCO-Attack\source_data\attack_03\patched_images\000000359540.jpg,True,True,0.9997593760490417,0.9996497631072998,152.2646942138672,169.80224609375,284.2056579589844,345.1285095214844,150.36041259765625,169.68112182617188,285.9421081542969,345.0018615722656,0.9556744504572837,0.9302472524290801,0.00010961294174194336,0.02542719802820359,True,False
attack_03,361506,car,D:\project CS\Faster-RCNN-COCO-Attack\source_data\attack_03\clean_images\000000361506.jpg,D:\project CS\Faster-RCNN-COCO-Attack\source_data\attack_03\patched_images\000000361506.jpg,True,True,0.9842904210090637,0.9882733225822449,484.2433776855469,260.4244689941406,565.5816040039062,284.398681640625,483.59112548828125,260.3326721191406,566.11083984375,283.7552490234375,0.7768074956632556,0.7699574866015334,-0.003982901573181152,0.006850009061722173,True,False
attack_03,363188,car,D:\project CS\Faster-RCNN-COCO-Attack\source_data\attack_03\clean_images\000000363188.jpg,D:\project CS\Faster-RCNN-COCO-Attack\source_data\attack_03\patched_images\000000363188.jpg,True,True,0.895699679851532,0.9784731864929199,588.7870483398438,198.27967834472656,639.9999389648438,302.9162292480469,592.9034423828125,199.38131713867188,639.9999389648438,302.6605224609375,0.9483240345337307,0.9146793733926853,-0.08277350664138794,0.03364466114104536,True,False
attack_03,365642,car,D:\project CS\Faster-RCNN-COCO-Attack\source_data\attack_03\clean_images\000000365642.jpg,D:\project CS\Faster-RCNN-COCO-Attack\source_data\attack_03\patched_images\000000365642.jpg,True,True,0.9050084352493286,0.771477460861206,0.0,26.27574920654297,92.08516693115234,93.86102294921875,0.17567723989486694,26.786130905151367,92.7025375366211,94.54682159423828,0.9835880519593608,0.9725831683683277,0.13353097438812256,0.011004883591033132,True,False
attack_03,367680,person,D:\project CS\Faster-RCNN-COCO-Attack\source_data\attack_03\clean_images\000000367680.jpg,D:\project CS\Faster-RCNN-COCO-Attack\source_data\attack_03\patched_images\000000367680.jpg,True,True,0.9872166514396667,0.9905651807785034,248.390869140625,150.9927520751953,272.5776672363281,197.1705780029297,247.78347778320312,151.2150115966797,272.07012939453125,196.8728790283203,0.9495895850403586,0.9090571123230664,-0.00334852933883667,0.04053247271729221,True,False
attack_03,369812,car,D:\project CS\Faster-RCNN-COCO-Attack\source_data\attack_03\clean_images\000000369812.jpg,D:\project CS\Faster-RCNN-COCO-Attack\source_data\attack_03\patched_images\000000369812.jpg,True,True,0.8580100536346436,0.87361741065979,460.9299011230469,496.845947265625,640.0,626.1492919921875,461.3641052246094,498.2640380859375,640.0,627.3297119140625,0.9456063995310284,0.9568945780165617,-0.015607357025146484,-0.011288178485533318,True,False
attack_03,370208,person,D:\project CS\Faster-RCNN-COCO-Attack\source_data\attack_03\clean_images\000000370208.jpg,D:\project CS\Faster-RCNN-COCO-Attack\source_data\attack_03\patched_images\000000370208.jpg,True,True,0.8434146642684937,0.8944714069366455,0.017259178683161736,188.00062561035156,50.630775451660156,261.26513671875,0.0,189.73558044433594,50.5041389465332,259.5336608886719,0.8604586595651975,0.8617478111713922,-0.051056742668151855,-0.001289151606194694,True,False
attack_03,370270,person,D:\project CS\Faster-RCNN-COCO-Attack\source_data\attack_03\clean_images\000000370270.jpg,D:\project CS\Faster-RCNN-COCO-Attack\source_data\attack_03\patched_images\000000370270.jpg,True,True,0.9995449185371399,0.9992770552635193,283.36737060546875,199.37664794921875,471.7483215332031,638.8372192382812,285.3827209472656,197.00657653808594,476.6111755371094,638.4186401367188,0.9126125632367523,0.9052212079363079,0.00026786327362060547,0.0073913553004444354,True,False
attack_03,372577,person,D:\project CS\Faster-RCNN-COCO-Attack\source_data\attack_03\clean_images\000000372577.jpg,D:\project CS\Faster-RCNN-COCO-Attack\source_data\attack_03\patched_images\000000372577.jpg,True,True,0.9995009899139404,0.9996248483657837,176.86074829101562,115.59729766845703,346.487060546875,511.08538818359375,175.6676025390625,115.88702392578125,346.86761474609375,510.7948913574219,0.9266420676604122,0.9311410593357138,-0.00012385845184326172,-0.004498991675301545,True,False
attack_03,374982,person,D:\project CS\Faster-RCNN-COCO-Attack\source_data\attack_03\clean_images\000000374982.jpg,D:\project CS\Faster-RCNN-COCO-Attack\source_data\attack_03\patched_images\000000374982.jpg,True,True,0.9963332414627075,0.9948728680610657,66.62954711914062,2.2622945308685303,290.4140930175781,292.231689453125,66.43976593017578,1.715712070465088,285.9515075683594,290.2163391113281,0.936904696249234,0.9110797250239819,0.0014603734016418457,0.02582497122525207,True,False
attack_03,376625,person,D:\project CS\Faster-RCNN-COCO-Attack\source_data\attack_03\clean_images\000000376625.jpg,D:\project CS\Faster-RCNN-COCO-Attack\source_data\attack_03\patched_images\000000376625.jpg,True,True,0.9994064569473267,0.9993484616279602,537.5908203125,207.959228515625,578.9988403320312,327.8440856933594,537.7510986328125,207.9796905517578,578.7246704101562,328.0893249511719,0.890774825141671,0.8893315958580198,5.799531936645508e-05,0.0014432292836511484,True,False
attack_03,377946,car,D:\project CS\Faster-RCNN-COCO-Attack\source_data\attack_03\clean_images\000000377946.jpg,D:\project CS\Faster-RCNN-COCO-Attack\source_data\attack_03\patched_images\000000377946.jpg,True,True,0.9963847398757935,0.9983553290367126,509.90692138671875,248.9345703125,639.9312744140625,424.5386657714844,508.4142150878906,246.47357177734375,640.0,425.54327392578125,0.9657659591968898,0.9504370599008017,-0.0019705891609191895,0.01532889929608805,True,False
attack_03,380706,person,D:\project CS\Faster-RCNN-COCO-Attack\source_data\attack_03\clean_images\000000380706.jpg,D:\project CS\Faster-RCNN-COCO-Attack\source_data\attack_03\patched_images\000000380706.jpg,True,True,0.9971514344215393,0.9948083758354187,276.1639709472656,171.11184692382812,380.4106140136719,379.23907470703125,277.717041015625,168.5639190673828,379.00262451171875,380.31854248046875,0.9870045857455609,0.9570306244385003,0.0023430585861206055,0.029973961307060648,True,False
attack_03,389566,car,D:\project CS\Faster-RCNN-COCO-Attack\source_data\attack_03\clean_images\000000389566.jpg,D:\project CS\Faster-RCNN-COCO-Attack\source_data\attack_03\patched_images\000000389566.jpg,True,True,0.9533790946006775,0.9519833922386169,457.48004150390625,160.79241943359375,504.5247802734375,197.4613037109375,457.172119140625,160.60781860351562,504.7342529296875,196.6056671142578,0.9119439000713776,0.9243242350579673,0.0013957023620605469,-0.012380334986589747,True,False
attack_03,392722,car,D:\project CS\Faster-RCNN-COCO-Attack\source_data\attack_03\clean_images\000000392722.jpg,D:\project CS\Faster-RCNN-COCO-Attack\source_data\attack_03\patched_images\000000392722.jpg,True,True,0.5807358026504517,0.6477259397506714,318.3686828613281,267.6163330078125,352.15277099609375,294.7698059082031,314.3479919433594,266.9812316894531,352.0534362792969,294.862060546875,0.8203332029125721,0.89042007291926,-0.06699013710021973,-0.0700868700066879,True,False
attack_03,393093,car,D:\project CS\Faster-RCNN-COCO-Attack\source_data\attack_03\clean_images\000000393093.jpg,D:\project CS\Faster-RCNN-COCO-Attack\source_data\attack_03\patched_images\000000393093.jpg,True,True,0.9860144853591919,0.9785187244415283,280.6949462890625,355.5083923339844,359.6872863769531,401.4278564453125,279.1183166503906,354.84844970703125,359.9831848144531,401.5348205566406,0.9485693832494363,0.9321282835923,0.007495760917663574,0.01644109965713625,True,False
attack_03,393226,car,D:\project CS\Faster-RCNN-COCO-Attack\source_data\attack_03\clean_images\000000393226.jpg,D:\project CS\Faster-RCNN-COCO-Attack\source_data\attack_03\patched_images\000000393226.jpg,True,True,0.9972956776618958,0.9970747232437134,36.497947692871094,206.88772583007812,104.69966888427734,246.74400329589844,37.3328857421875,206.95042419433594,104.73833465576172,247.11343383789062,0.9439501629715336,0.9652561108559569,0.00022095441818237305,-0.021305947884423304,True,False
attack_03,396338,car,D:\project CS\Faster-RCNN-COCO-Attack\source_data\attack_03\clean_images\000000396338.jpg,D:\project CS\Faster-RCNN-COCO-Attack\source_data\attack_03\patched_images\000000396338.jpg,True,True,0.579532265663147,0.5057036876678467,1.8056224584579468,119.0648193359375,290.34637451171875,424.42974853515625,2.072739601135254,126.13340759277344,291.0953063964844,427.0,0.939398222080304,0.9548217509116791,0.07382857799530029,-0.0154235288313751,True,False
attack_03,397351,car,D:\project CS\Faster-RCNN-COCO-Attack\source_data\attack_03\clean_images\000000397351.jpg,D:\project CS\Faster-RCNN-COCO-Attack\source_data\attack_03\patched_images\000000397351.jpg,False,True,,0.29125919938087463,,,,,203.65615844726562,47.249717712402344,572.8546142578125,262.55780029296875,,0.6102077962520926,,,False,False
attack_03,398742,person,D:\project CS\Faster-RCNN-COCO-Attack\source_data\attack_03\clean_images\000000398742.jpg,D:\project CS\Faster-RCNN-COCO-Attack\source_data\attack_03\patched_images\000000398742.jpg,True,True,0.9998941421508789,0.9989362359046936,0.9579418301582336,48.92265319824219,379.5448303222656,554.013916015625,0.7432071566581726,41.27840805053711,374.02484130859375,557.8801879882812,0.9528224684433072,0.9544294350377857,0.0009579062461853027,-0.001606966594478454,True,False
attack_03,400367,car,D:\project CS\Faster-RCNN-COCO-Attack\source_data\attack_03\clean_images\000000400367.jpg,D:\project CS\Faster-RCNN-COCO-Attack\source_data\attack_03\patched_images\000000400367.jpg,True,True,0.997492790222168,0.9975672960281372,9.103042602539062,242.79925537109375,130.19537353515625,324.99530029296875,8.577681541442871,239.9198760986328,129.4287567138672,326.6702575683594,0.8948490939581831,0.8779303507823764,-7.450580596923828e-05,0.016918743175806772,True,False
attack_03,403565,person,D:\project CS\Faster-RCNN-COCO-Attack\source_data\attack_03\clean_images\000000403565.jpg,D:\project CS\Faster-RCNN-COCO-Attack\source_data\attack_03\patched_images\000000403565.jpg,True,True,0.9980802536010742,0.9978233575820923,176.63528442382812,232.14913940429688,283.08489990234375,526.165283203125,177.050048828125,231.33029174804688,282.3580017089844,523.9034423828125,0.9144204782471148,0.9339116832101527,0.0002568960189819336,-0.01949120496303791,True,False
attack_03,404923,person,D:\project CS\Faster-RCNN-COCO-Attack\source_data\attack_03\clean_images\000000404923.jpg,D:\project CS\Faster-RCNN-COCO-Attack\source_data\attack_03\patched_images\000000404923.jpg,True,True,0.9993854761123657,0.9994015693664551,190.56849670410156,101.47364807128906,364.7738342285156,473.05401611328125,191.51438903808594,103.20795440673828,365.4786376953125,477.1082458496094,0.9504443354163233,0.9564046225819263,-1.609325408935547e-05,-0.005960287165602929,True,False
attack_03,407083,car,D:\project CS\Faster-RCNN-COCO-Attack\source_data\attack_03\clean_images\000000407083.jpg,D:\project CS\Faster-RCNN-COCO-Attack\source_data\attack_03\patched_images\000000407083.jpg,True,True,0.4093519151210785,0.2623806893825531,8.46221923828125,10.9137544631958,477.7209167480469,640.0,5.6868896484375,0.0,460.11175537109375,561.3406372070312,0.9410322622394369,0.847841715781799,0.1469712257385254,0.09319054645763791,True,False
attack_03,407868,person,D:\project CS\Faster-RCNN-COCO-Attack\source_data\attack_03\clean_images\000000407868.jpg,D:\project CS\Faster-RCNN-COCO-Attack\source_data\attack_03\patched_images\000000407868.jpg,True,True,0.999422550201416,0.9991965889930725,202.30581665039062,239.35415649414062,252.73471069335938,342.57568359375,200.93545532226562,238.6356201171875,252.8478546142578,342.83746337890625,0.8670215659373968,0.8343208957125046,0.00022596120834350586,0.0327006702248922,True,False
attack_03,412286,person,D:\project CS\Faster-RCNN-COCO-Attack\source_data\attack_03\clean_images\000000412286.jpg,D:\project CS\Faster-RCNN-COCO-Attack\source_data\attack_03\patched_images\000000412286.jpg,True,True,0.9995036125183105,0.9995625615119934,74.67435455322266,156.84906005859375,206.09962463378906,454.6257629394531,74.19963836669922,155.47340393066406,205.41856384277344,454.489990234375,0.9630288182958646,0.9594559227575713,-5.894899368286133e-05,0.003572895538293319,True,False
attack_03,413689,car,D:\project CS\Faster-RCNN-COCO-Attack\source_data\attack_03\clean_images\000000413689.jpg,D:\project CS\Faster-RCNN-COCO-Attack\source_data\attack_03\patched_images\000000413689.jpg,True,True,0.9927918910980225,0.972973644733429,1.5580683946609497,144.8216552734375,55.28642272949219,167.50257873535156,1.2594465017318726,144.72300720214844,55.22980499267578,167.2596435546875,0.9439400968594222,0.9370422548422126,0.019818246364593506,0.0068978420172095545,True,False
attack_03,414385,car,D:\project CS\Faster-RCNN-COCO-Attack\source_data\attack_03\clean_images\000000414385.jpg,D:\project CS\Faster-RCNN-COCO-Attack\source_data\attack_03\patched_images\000000414385.jpg,True,True,0.9975492358207703,0.9988729357719421,151.05735778808594,276.7108154296875,218.28392028808594,327.2471618652344,151.0000457763672,277.03863525390625,218.4337921142578,327.20263671875,0.9285097159827137,0.9244266426142485,-0.001323699951171875,0.004083073368465251,True,False
attack_03,415727,person,D:\project CS\Faster-RCNN-COCO-Attack\source_data\attack_03\clean_images\000000415727.jpg,D:\project CS\Faster-RCNN-COCO-Attack\source_data\attack_03\patched_images\000000415727.jpg,True,True,0.9989307522773743,0.9966021776199341,153.97752380371094,92.34957885742188,448.64117431640625,479.9335632324219,155.18621826171875,89.42420959472656,450.06640625,480.0000305175781,0.8663134624080905,0.8677153562245408,0.0023285746574401855,-0.0014018938164502837,True,False
attack_03,416885,car,D:\project CS\Faster-RCNN-COCO-Attack\source_data\attack_03\clean_images\000000416885.jpg,D:\project CS\Faster-RCNN-COCO-Attack\source_data\attack_03\patched_images\000000416885.jpg,True,True,0.7594919204711914,0.7348234057426453,172.90098571777344,32.989261627197266,496.1766052246094,147.35232543945312,160.75656127929688,6.147365570068359,494.0859069824219,132.71383666992188,0.7122955229745144,0.7604982224331255,0.024668514728546143,-0.04820269945861111,True,False
attack_03,417249,person,D:\project CS\Faster-RCNN-COCO-Attack\source_data\attack_03\clean_images\000000417249.jpg,D:\project CS\Faster-RCNN-COCO-Attack\source_data\attack_03\patched_images\000000417249.jpg,True,True,0.9992098808288574,0.9989722967147827,325.91912841796875,217.44801330566406,470.9657897949219,538.9775390625,324.6536865234375,217.24658203125,471.83087158203125,543.1484375,0.9759992577860246,0.9850530473614204,0.00023758411407470703,-0.00905378957539582,True,False
attack_03,417779,car,D:\project CS\Faster-RCNN-COCO-Attack\source_data\attack_03\clean_images\000000417779.jpg,D:\project CS\Faster-RCNN-COCO-Attack\source_data\attack_03\patched_images\000000417779.jpg,True,True,0.9868074059486389,0.989956796169281,191.72312927246094,99.95548248291016,257.2252502441406,141.9935760498047,190.17645263671875,99.82239532470703,256.9896545410156,142.222900390625,0.8173043984161981,0.7975541165391967,-0.00314939022064209,0.01975028187700134,True,False
attack_03,419408,car,D:\project CS\Faster-RCNN-COCO-Attack\source_data\attack_03\clean_images\000000419408.jpg,D:\project CS\Faster-RCNN-COCO-Attack\source_data\attack_03\patched_images\000000419408.jpg,True,True,0.9942913055419922,0.9956721067428589,16.887372970581055,187.95050048828125,96.37195587158203,215.36451721191406,17.330158233642578,187.61300659179688,95.54718780517578,215.71939086914062,0.9243619663817902,0.9175682022894095,-0.0013808012008666992,0.00679376409238075,True,False
attack_03,423617,car,D:\project CS\Faster-RCNN-COCO-Attack\source_data\attack_03\clean_images\000000423617.jpg,D:\project CS\Faster-RCNN-COCO-Attack\source_data\attack_03\patched_images\000000423617.jpg,True,True,0.9792811870574951,0.9906210899353027,407.0788879394531,339.6172180175781,570.042236328125,469.4593811035156,407.2327575683594,339.9105224609375,572.9560546875,469.61651611328125,0.9256001870402599,0.9111408221042702,-0.011339902877807617,0.01445936493598976,True,False
attack_03,425221,person,D:\project CS\Faster-RCNN-COCO-Attack\source_data\attack_03\clean_images\000000425221.jpg,D:\project CS\Faster-RCNN-COCO-Attack\source_data\attack_03\patched_images\000000425221.jpg,True,True,0.9789254665374756,0.9718369841575623,2.017300605773926,398.2626647949219,69.13249206542969,576.9988403320312,2.6084680557250977,397.68511962890625,69.37776947021484,582.9819946289062,0.5743799519451079,0.5596776611025138,0.00708848237991333,0.014702290842594112,True,False
attack_03,425925,car,D:\project CS\Faster-RCNN-COCO-Attack\source_data\attack_03\clean_images\000000425925.jpg,D:\project CS\Faster-RCNN-COCO-Attack\source_data\attack_03\patched_images\000000425925.jpg,True,True,0.7798272967338562,0.8579922914505005,52.77104187011719,415.0469055175781,132.94415283203125,462.8796691894531,55.324214935302734,415.537841796875,132.65280151367188,462.7605895996094,0.9473381139785225,0.937812731150547,-0.07816499471664429,0.009525382827975548,True,False
attack_03,427055,car,D:\project CS\Faster-RCNN-COCO-Attack\source_data\attack_03\clean_images\000000427055.jpg,D:\project CS\Faster-RCNN-COCO-Attack\source_data\attack_03\patched_images\000000427055.jpg,True,True,0.9428513646125793,0.6931486129760742,320.42022705078125,311.6733093261719,365.9979553222656,340.7568359375,308.5417785644531,307.2220458984375,366.2686767578125,341.1063232421875,0.8892502836926123,0.7463450172143187,0.24970275163650513,0.1429052664782936,True,False
attack_03,427500,car,D:\project CS\Faster-RCNN-COCO-Attack\source_data\attack_03\clean_images\000000427500.jpg,D:\project CS\Faster-RCNN-COCO-Attack\source_data\attack_03\patched_images\000000427500.jpg,True,True,0.9851714968681335,0.9800617098808289,0.0,5.549234390258789,41.66429901123047,162.18357849121094,0.6906831860542297,4.893182277679443,43.44672775268555,144.5875701904297,0.8089911962209917,0.9221017114590809,0.0051097869873046875,-0.11311051523808924,True,False
attack_03,427655,car,D:\project CS\Faster-RCNN-COCO-Attack\source_data\attack_03\clean_images\000000427655.jpg,D:\project CS\Faster-RCNN-COCO-Attack\source_data\attack_03\patched_images\000000427655.jpg,True,True,0.974428117275238,0.9612381458282471,220.99240112304688,225.11260986328125,279.1962890625,265.71405029296875,221.18946838378906,225.025634765625,278.5653991699219,265.1514587402344,0.7396457696698994,0.7615203932098576,0.013189971446990967,-0.021874623539958282,True,False
attack_03,430048,car,D:\project CS\Faster-RCNN-COCO-Attack\source_data\attack_03\clean_images\000000430048.jpg,D:\project CS\Faster-RCNN-COCO-Attack\source_data\attack_03\patched_images\000000430048.jpg,True,True,0.9231692552566528,0.34036341309547424,213.44796752929688,237.72157287597656,294.11395263671875,275.6722412109375,216.99452209472656,239.55010986328125,276.3855895996094,273.6134948730469,0.8796032488460698,0.5812806807588674,0.5828058421611786,0.29832256808720237,True,False
attack_03,436738,car,D:\project CS\Faster-RCNN-COCO-Attack\source_data\attack_03\clean_images\000000436738.jpg,D:\project CS\Faster-RCNN-COCO-Attack\source_data\attack_03\patched_images\000000436738.jpg,True,True,0.996137797832489,0.9955314993858337,260.755615234375,346.2197265625,397.1073913574219,404.968505859375,261.0319519042969,346.39208984375,397.06475830078125,404.8432312011719,0.9229048909327855,0.9297794440892954,0.0006062984466552734,-0.006874553156509866,True,False
attack_03,437239,person,D:\project CS\Faster-RCNN-COCO-Attack\source_data\attack_03\clean_images\000000437239.jpg,D:\project CS\Faster-RCNN-COCO-Attack\source_data\attack_03\patched_images\000000437239.jpg,True,True,0.9993327260017395,0.9991601705551147,532.6531372070312,141.68931579589844,630.66162109375,380.8269348144531,532.0222778320312,141.45033264160156,632.1389770507812,382.27459716796875,0.9336233961489345,0.907562479381564,0.00017255544662475586,0.026060916767370546,True,False
attack_03,437351,person,D:\project CS\Faster-RCNN-COCO-Attack\source_data\attack_03\clean_images\000000437351.jpg,D:\project CS\Faster-RCNN-COCO-Attack\source_data\attack_03\patched_images\000000437351.jpg,True,True,0.9985755681991577,0.9987063407897949,24.506725311279297,20.234647750854492,247.81591796875,489.16455078125,28.892805099487305,18.327085494995117,245.43157958984375,479.7804870605469,0.9363566615724777,0.9123873454383093,-0.00013077259063720703,0.023969316134168306,True,False
attack_03,438876,person,D:\project CS\Faster-RCNN-COCO-Attack\source_data\attack_03\clean_images\000000438876.jpg,D:\project CS\Faster-RCNN-COCO-Attack\source_data\attack_03\patched_images\000000438876.jpg,True,True,0.9976460337638855,0.9970308542251587,151.70025634765625,21.411964416503906,364.90936279296875,333.0,149.2102508544922,22.805591583251953,367.9832458496094,333.0,0.8349129486094615,0.8106461122004691,0.0006151795387268066,0.02426683640899241,True,False
attack_03,439623,car,D:\project CS\Faster-RCNN-COCO-Attack\source_data\attack_03\clean_images\000000439623.jpg,D:\project CS\Faster-RCNN-COCO-Attack\source_data\attack_03\patched_images\000000439623.jpg,True,True,0.8874597549438477,0.7853875160217285,73.88472747802734,144.30523681640625,400.7285461425781,313.8898620605469,75.83035278320312,142.1576690673828,404.07086181640625,314.6815185546875,0.9143612334551202,0.9054980663830353,0.10207223892211914,0.008863167072084899,True,False
attack_03,441468,car,D:\project CS\Faster-RCNN-COCO-Attack\source_data\attack_03\clean_images\000000441468.jpg,D:\project CS\Faster-RCNN-COCO-Attack\source_data\attack_03\patched_images\000000441468.jpg,True,True,0.9813712239265442,0.9929054975509644,97.12385559082031,136.60081481933594,157.23851013183594,183.2464141845703,97.1478042602539,136.8846435546875,157.4035186767578,183.28411865234375,0.9508597615200329,0.9598624472135313,-0.011534273624420166,-0.00900268569349838,True,False
attack_03,442456,car,D:\project CS\Faster-RCNN-COCO-Attack\source_data\attack_03\clean_images\000000442456.jpg,D:\project CS\Faster-RCNN-COCO-Attack\source_data\attack_03\patched_images\000000442456.jpg,True,True,0.7444178462028503,0.905747652053833,205.21075439453125,64.5599136352539,621.9867553710938,244.7820281982422,197.75747680664062,62.69196701049805,624.2216186523438,247.81747436523438,0.9458960222073549,0.9201060758337516,-0.16132980585098267,0.025789946373603323,True,False
attack_03,447187,person,D:\project CS\Faster-RCNN-COCO-Attack\source_data\attack_03\clean_images\000000447187.jpg,D:\project CS\Faster-RCNN-COCO-Attack\source_data\attack_03\patched_images\000000447187.jpg,True,True,0.9992629885673523,0.9989449381828308,51.11510467529297,106.93097686767578,221.87745666503906,459.6802978515625,50.631385803222656,107.05926513671875,224.02764892578125,457.7884521484375,0.8976419974958137,0.902645248865163,0.0003180503845214844,-0.005003251369349204,True,False
attack_03,447611,person,D:\project CS\Faster-RCNN-COCO-Attack\source_data\attack_03\clean_images\000000447611.jpg,D:\project CS\Faster-RCNN-COCO-Attack\source_data\attack_03\patched_images\000000447611.jpg,True,True,0.9518767595291138,0.9484516382217407,323.72613525390625,0.3358927369117737,499.9999694824219,208.13888549804688,323.2892150878906,0.0,499.9999694824219,211.8740692138672,0.9498946878552026,0.9629738446236205,0.003425121307373047,-0.013079156768417866,True,False
attack_03,448410,person,D:\project CS\Faster-RCNN-COCO-Attack\source_data\attack_03\clean_images\000000448410.jpg,D:\project CS\Faster-RCNN-COCO-Attack\source_data\attack_03\patched_images\000000448410.jpg,True,True,0.9675276875495911,0.9639028906822205,18.743980407714844,271.54498291015625,66.37300872802734,414.5061950683594,18.490158081054688,272.39898681640625,70.0097427368164,413.21771240234375,0.8944544189461598,0.9295368861814861,0.0036247968673706055,-0.035082467235326265,True,False
attack_03,449312,car,D:\project CS\Faster-RCNN-COCO-Attack\source_data\attack_03\clean_images\000000449312.jpg,D:\project CS\Faster-RCNN-COCO-Attack\source_data\attack_03\patched_images\000000449312.jpg,False,False,,,,,,,,,,,,,,,False,False
attack_03,449661,person,D:\project CS\Faster-RCNN-COCO-Attack\source_data\attack_03\clean_images\000000449661.jpg,D:\project CS\Faster-RCNN-COCO-Attack\source_data\attack_03\patched_images\000000449661.jpg,True,True,0.996502161026001,0.9916708469390869,364.7144470214844,65.12125396728516,445.0954895019531,145.18154907226562,366.21905517578125,64.3301773071289,444.4429931640625,144.23831176757812,0.8320642235538172,0.8338153627791923,0.0048313140869140625,-0.0017511392253751756,True,False
attack_03,450559,person,D:\project CS\Faster-RCNN-COCO-Attack\source_data\attack_03\clean_images\000000450559.jpg,D:\project CS\Faster-RCNN-COCO-Attack\source_data\attack_03\patched_images\000000450559.jpg,True,True,0.9994091987609863,0.9995194673538208,80.95389556884766,33.54331588745117,293.37530517578125,357.1443176269531,77.53565979003906,33.93071746826172,295.7518310546875,357.84429931640625,0.9053583635963811,0.9330705315198713,-0.00011026859283447266,-0.027712167923490183,True,False
attack_03,453841,car,D:\project CS\Faster-RCNN-COCO-Attack\source_data\attack_03\clean_images\000000453841.jpg,D:\project CS\Faster-RCNN-COCO-Attack\source_data\attack_03\patched_images\000000453841.jpg,True,True,0.9990106821060181,0.9979872703552246,203.10943603515625,161.45469665527344,394.1455993652344,317.0616455078125,201.91477966308594,160.9491424560547,394.2554626464844,318.455810546875,0.8850901133837621,0.8965225053791522,0.001023411750793457,-0.011432391995390145,True,False
attack_03,454661,car,D:\project CS\Faster-RCNN-COCO-Attack\source_data\attack_03\clean_images\000000454661.jpg,D:\project CS\Faster-RCNN-COCO-Attack\source_data\attack_03\patched_images\000000454661.jpg,True,True,0.9976100921630859,0.9986300468444824,250.87965393066406,177.6375274658203,640.0,354.91424560546875,249.90594482421875,176.4320526123047,640.0,353.7324523925781,0.9207064359651117,0.910484624418634,-0.0010199546813964844,0.010221811546477721,True,False
attack_03,455157,person,D:\project CS\Faster-RCNN-COCO-Attack\source_data\attack_03\clean_images\000000455157.jpg,D:\project CS\Faster-RCNN-COCO-Attack\source_data\attack_03\patched_images\000000455157.jpg,True,True,0.9820737838745117,0.9861932396888733,161.27171325683594,162.4230194091797,344.2891540527344,502.2809753417969,154.12796020507812,157.83956909179688,338.22943115234375,504.5455627441406,0.9113072340371465,0.94179701135104,-0.004119455814361572,-0.030489777313893462,True,False
attack_03,455555,person,D:\project CS\Faster-RCNN-COCO-Attack\source_data\attack_03\clean_images\000000455555.jpg,D:\project CS\Faster-RCNN-COCO-Attack\source_data\attack_03\patched_images\000000455555.jpg,True,True,0.9997918009757996,0.9998471736907959,114.1773910522461,95.90310668945312,456.44921875,467.2063903808594,114.33152770996094,93.12699890136719,456.7723083496094,470.10211181640625,0.9294234599456471,0.9293250845446319,-5.537271499633789e-05,9.837540101520492e-05,True,False
attack_03,455624,person,D:\project CS\Faster-RCNN-COCO-Attack\source_data\attack_03\clean_images\000000455624.jpg,D:\project CS\Faster-RCNN-COCO-Attack\source_data\attack_03\patched_images\000000455624.jpg,True,True,0.9999312162399292,0.9980893731117249,275.483154296875,55.36734390258789,475.54632568359375,328.7673034667969,275.7830505371094,57.8244514465332,470.34552001953125,332.41607666015625,0.9379360828473106,0.9624407467065851,0.0018418431282043457,-0.024504663859274523,True,False
attack_03,456015,person,D:\project CS\Faster-RCNN-COCO-Attack\source_data\attack_03\clean_images\000000456015.jpg,D:\project CS\Faster-RCNN-COCO-Attack\source_data\attack_03\patched_images\000000456015.jpg,True,True,0.9973300695419312,0.9964700937271118,405.82379150390625,56.82880783081055,467.203369140625,171.8843231201172,405.6134948730469,55.13883590698242,468.05609130859375,171.34776306152344,0.9190486938263468,0.8928417950603529,0.0008599758148193359,0.026206898765993913,True,False
attack_03,456394,car,D:\project CS\Faster-RCNN-COCO-Attack\source_data\attack_03\clean_images\000000456394.jpg,D:\project CS\Faster-RCNN-COCO-Attack\source_data\attack_03\patched_images\000000456394.jpg,True,True,0.886117160320282,0.7929170727729797,88.75009155273438,0.0,203.90298461914062,21.047664642333984,91.45639038085938,0.0,203.6717529296875,21.02000617980957,0.9464966496898006,0.9600786893001025,0.09320008754730225,-0.01358203961030191,True,False
attack_03,458325,car,D:\project CS\Faster-RCNN-COCO-Attack\source_data\attack_03\clean_images\000000458325.jpg,D:\project CS\Faster-RCNN-COCO-Attack\source_data\attack_03\patched_images\000000458325.jpg,True,True,0.951127827167511,0.9092742800712585,5.694124698638916,168.1923370361328,181.93565368652344,334.2898864746094,5.342782020568848,167.5572052001953,181.57647705078125,328.2051086425781,0.9056409632889694,0.8958258519739364,0.04185354709625244,0.009815111315032987,True,False
attack_03,458992,person,D:\project CS\Faster-RCNN-COCO-Attack\source_data\attack_03\clean_images\000000458992.jpg,D:\project CS\Faster-RCNN-COCO-Attack\source_data\attack_03\patched_images\000000458992.jpg,True,True,0.9745585322380066,0.9756537079811096,1.6119873523712158,1.4832206964492798,465.7820739746094,428.86431884765625,2.1855835914611816,0.0,458.9971923828125,429.6825866699219,0.9431520030401215,0.9508713717997794,-0.0010951757431030273,-0.007719368759657952,True,False
attack_03,459153,person,D:\project CS\Faster-RCNN-COCO-Attack\source_data\attack_03\clean_images\000000459153.jpg,D:\project CS\Faster-RCNN-COCO-Attack\source_data\attack_03\patched_images\000000459153.jpg,True,True,0.9984512329101562,0.9920845031738281,107.99462127685547,185.1348419189453,386.5283508300781,528.412109375,110.99608612060547,184.6266326904297,389.1442565917969,522.0070190429688,0.95608192914533,0.9515580954347268,0.006366729736328125,0.0045238337106031645,True,False
attack_03,459954,person,D:\project CS\Faster-RCNN-COCO-Attack\source_data\attack_03\clean_images\000000459954.jpg,D:\project CS\Faster-RCNN-COCO-Attack\source_data\attack_03\patched_images\000000459954.jpg,True,True,0.9742727279663086,0.9747510552406311,241.5734100341797,149.73281860351562,274.3835144042969,293.2824401855469,241.70437622070312,149.7877960205078,274.2991638183594,293.21221923828125,0.9579650831683647,0.9643603945580849,-0.00047832727432250977,-0.00639531138972016,True,False
attack_03,462371,person,D:\project CS\Faster-RCNN-COCO-Attack\source_data\attack_03\clean_images\000000462371.jpg,D:\project CS\Faster-RCNN-COCO-Attack\source_data\attack_03\patched_images\000000462371.jpg,True,True,0.9164348840713501,0.8441414833068848,191.44960021972656,17.5998592376709,368.94775390625,391.44976806640625,195.10874938964844,20.301742553710938,409.5156555175781,392.03076171875,0.6925192356137528,0.885118381899946,0.07229340076446533,-0.19259914628619312,True,False
attack_03,463522,person,D:\project CS\Faster-RCNN-COCO-Attack\source_data\attack_03\clean_images\000000463522.jpg,D:\project CS\Faster-RCNN-COCO-Attack\source_data\attack_03\patched_images\000000463522.jpg,False,False,,,,,,,,,,,,,,,False,False
attack_03,464824,car,D:\project CS\Faster-RCNN-COCO-Attack\source_data\attack_03\clean_images\000000464824.jpg,D:\project CS\Faster-RCNN-COCO-Attack\source_data\attack_03\patched_images\000000464824.jpg,True,True,0.9329202175140381,0.9433123469352722,408.34356689453125,1.4763683080673218,479.6406555175781,83.98873901367188,395.3330993652344,1.1309894323349,478.1570739746094,95.33112335205078,0.5491166765128405,0.5773804156505676,-0.01039212942123413,-0.028263739137727173,True,False
attack_03,466156,car,D:\project CS\Faster-RCNN-COCO-Attack\source_data\attack_03\clean_images\000000466156.jpg,D:\project CS\Faster-RCNN-COCO-Attack\source_data\attack_03\patched_images\000000466156.jpg,True,True,0.7187098264694214,0.6105634570121765,3.7057387828826904,0.0,500.0,375.0,1.5810739994049072,0.0,500.0,375.0,0.8738343269926698,0.8771260079512433,0.10814636945724487,-0.003291680958573462,True,False
attack_03,467511,person,D:\project CS\Faster-RCNN-COCO-Attack\source_data\attack_03\clean_images\000000467511.jpg,D:\project CS\Faster-RCNN-COCO-Attack\source_data\attack_03\patched_images\000000467511.jpg,True,True,0.9683724641799927,0.9763435125350952,21.825597763061523,70.4439926147461,176.85760498046875,398.06463623046875,20.878925323486328,69.45931243896484,179.71832275390625,403.337158203125,0.9742892648616854,0.933114015981333,-0.007971048355102539,0.0411752488803524,True,False
attack_03,470924,person,D:\project CS\Faster-RCNN-COCO-Attack\source_data\attack_03\clean_images\000000470924.jpg,D:\project CS\Faster-RCNN-COCO-Attack\source_data\attack_03\patched_images\000000470924.jpg,True,True,0.9902703762054443,0.9846449494361877,399.89666748046875,114.15132141113281,608.620849609375,474.787841796875,419.16839599609375,114.35629272460938,609.4251098632812,478.54571533203125,0.8801066920180012,0.8382914514574388,0.005625426769256592,0.041815240560562406,True,False
attack_03,474452,car,D:\project CS\Faster-RCNN-COCO-Attack\source_data\attack_03\clean_images\000000474452.jpg,D:\project CS\Faster-RCNN-COCO-Attack\source_data\attack_03\patched_images\000000474452.jpg,False,False,,,,,,,,,,,,,,,False,False
attack_03,476704,car,D:\project CS\Faster-RCNN-COCO-Attack\source_data\attack_03\clean_images\000000476704.jpg,D:\project CS\Faster-RCNN-COCO-Attack\source_data\attack_03\patched_images\000000476704.jpg,True,True,0.9758362174034119,0.9693088531494141,573.9464721679688,233.80108642578125,635.9674072265625,281.9844055175781,576.1181030273438,230.2880859375,636.1961059570312,280.5029602050781,0.8140756168656819,0.8078360791162262,0.006527364253997803,0.006239537749455626,True,False
attack_03,479126,person,D:\project CS\Faster-RCNN-COCO-Attack\source_data\attack_03\clean_images\000000479126.jpg,D:\project CS\Faster-RCNN-COCO-Attack\source_data\attack_03\patched_images\000000479126.jpg,True,True,0.9993784427642822,0.9993162155151367,339.8855285644531,157.71157836914062,576.231201171875,426.77508544921875,337.5905456542969,155.9127960205078,591.2244262695312,418.6585998535156,0.9249120848302584,0.9053733975128198,6.222724914550781e-05,0.019538687317438685,True,False
attack_03,479248,person,D:\project CS\Faster-RCNN-COCO-Attack\source_data\attack_03\clean_images\000000479248.jpg,D:\project CS\Faster-RCNN-COCO-Attack\source_data\attack_03\patched_images\000000479248.jpg,True,True,0.34038498997688293,0.9421986937522888,220.59176635742188,216.69247436523438,301.3998107910156,282.98492431640625,201.6410675048828,188.96022033691406,310.1551208496094,283.3674011230469,0.5411610222453446,0.7431219007927442,-0.6018137037754059,-0.20196087854739964,True,False
attack_03,480021,car,D:\project CS\Faster-RCNN-COCO-Attack\source_data\attack_03\clean_images\000000480021.jpg,D:\project CS\Faster-RCNN-COCO-Attack\source_data\attack_03\patched_images\000000480021.jpg,True,True,0.9712932109832764,0.9113115072250366,301.7514343261719,91.6153793334961,438.8467102050781,157.04454040527344,305.0503845214844,80.61613464355469,459.4346008300781,157.47181701660156,0.7963768014520467,0.7062923004670608,0.059981703758239746,0.09008450098498588,True,False
attack_03,482275,person,D:\project CS\Faster-RCNN-COCO-Attack\source_data\attack_03\clean_images\000000482275.jpg,D:\project CS\Faster-RCNN-COCO-Attack\source_data\attack_03\patched_images\000000482275.jpg,True,True,0.9989169836044312,0.9985615611076355,91.9540023803711,24.656177520751953,389.9524841308594,474.320556640625,91.42455291748047,20.752662658691406,389.0439453125,475.9479064941406,0.9912526243333245,0.9745665852594161,0.0003554224967956543,0.01668603907390842,True,False
attack_03,484404,person,D:\project CS\Faster-RCNN-COCO-Attack\source_data\attack_03\clean_images\000000484404.jpg,D:\project CS\Faster-RCNN-COCO-Attack\source_data\attack_03\patched_images\000000484404.jpg,False,False,,,,,,,,,,,,,,,False,False
attack_03,485071,person,D:\project CS\Faster-RCNN-COCO-Attack\source_data\attack_03\clean_images\000000485071.jpg,D:\project CS\Faster-RCNN-COCO-Attack\source_data\attack_03\patched_images\000000485071.jpg,True,True,0.999104917049408,0.9998735189437866,254.191162109375,176.16366577148438,383.8672180175781,272.7194519042969,254.58566284179688,176.60400390625,383.24615478515625,273.8018493652344,0.951641650855334,0.9587749245518636,-0.0007686018943786621,-0.007133273696529607,True,False
attack_03,485237,car,D:\project CS\Faster-RCNN-COCO-Attack\source_data\attack_03\clean_images\000000485237.jpg,D:\project CS\Faster-RCNN-COCO-Attack\source_data\attack_03\patched_images\000000485237.jpg,True,True,0.3892104923725128,0.4086970388889313,0.26381656527519226,139.7930908203125,41.53434753417969,159.03738403320312,0.036426953971385956,140.02001953125,42.377655029296875,158.90443420410156,0.933036907529225,0.9144704612568302,-0.019486546516418457,0.018566446272394788,True,False
attack_03,490936,car,D:\project CS\Faster-RCNN-COCO-Attack\source_data\attack_03\clean_images\000000490936.jpg,D:\project CS\Faster-RCNN-COCO-Attack\source_data\attack_03\patched_images\000000490936.jpg,True,True,0.7930157780647278,0.8714236617088318,357.2965087890625,83.9042739868164,454.138427734375,163.4608612060547,357.8821716308594,83.14781188964844,453.0800476074219,163.6181182861328,0.7245031917333176,0.7429527746068381,-0.078407883644104,-0.018449582873520498,True,False
attack_03,491130,person,D:\project CS\Faster-RCNN-COCO-Attack\source_data\attack_03\clean_images\000000491130.jpg,D:\project CS\Faster-RCNN-COCO-Attack\source_data\attack_03\patched_images\000000491130.jpg,True,True,0.9993665814399719,0.9994969367980957,113.35043334960938,125.66417694091797,407.4560852050781,476.6302185058594,111.85847473144531,127.52389526367188,407.30755615234375,471.25384521484375,0.9042470933971923,0.8896489538765514,-0.0001303553581237793,0.01459813952064093,True,False
attack_03,491213,car,D:\project CS\Faster-RCNN-COCO-Attack\source_data\attack_03\clean_images\000000491213.jpg,D:\project CS\Faster-RCNN-COCO-Attack\source_data\attack_03\patched_images\000000491213.jpg,True,True,0.6103187799453735,0.7772808074951172,62.41485595703125,85.9779281616211,308.1992492675781,248.3462677001953,61.93703079223633,82.93633270263672,307.47906494140625,248.63258361816406,0.9201332600316916,0.940453647637131,-0.16696202754974365,-0.020320387605439416,True,False
attack_03,491366,person,D:\project CS\Faster-RCNN-COCO-Attack\source_data\attack_03\clean_images\000000491366.jpg,D:\project CS\Faster-RCNN-COCO-Attack\source_data\attack_03\patched_images\000000491366.jpg,True,True,0.998012900352478,0.9967492818832397,1.1415106058120728,59.955108642578125,188.7460479736328,369.2929382324219,0.5648614764213562,59.44965362548828,191.77989196777344,370.5484313964844,0.9134895291498507,0.9071195063965627,0.0012636184692382812,0.006370022753288018,True,False
attack_03,493772,person,D:\project CS\Faster-RCNN-COCO-Attack\source_data\attack_03\clean_images\000000493772.jpg,D:\project CS\Faster-RCNN-COCO-Attack\source_data\attack_03\patched_images\000000493772.jpg,True,True,0.9996280670166016,0.999306321144104,288.4086608886719,282.3572998046875,336.5124816894531,436.2204284667969,288.0643005371094,282.223876953125,336.67657470703125,436.0865783691406,0.8797279313968559,0.8826430255834794,0.0003217458724975586,-0.0029150941866235014,True,False
attack_03,494869,person,D:\project CS\Faster-RCNN-COCO-Attack\source_data\attack_03\clean_images\000000494869.jpg,D:\project CS\Faster-RCNN-COCO-Attack\source_data\attack_03\patched_images\000000494869.jpg,True,True,0.9991618394851685,0.9989455342292786,180.87796020507812,95.40098571777344,365.5313720703125,440.6782531738281,180.0133819580078,97.96146392822266,362.8917236328125,432.4729309082031,0.9435392392312733,0.9495086569364297,0.00021630525588989258,-0.005969417705156466,True,False
attack_03,497599,person,D:\project CS\Faster-RCNN-COCO-Attack\source_data\attack_03\clean_images\000000497599.jpg,D:\project CS\Faster-RCNN-COCO-Attack\source_data\attack_03\patched_images\000000497599.jpg,True,True,0.9989456534385681,0.9985876083374023,0.0,2.0431740283966064,330.003173828125,586.0131225585938,0.0,2.108071804046631,335.35552978515625,597.2564697265625,0.9147881446862269,0.9381364034398704,0.0003580451011657715,-0.023348258753643436,True,False
attack_03,498286,car,D:\project CS\Faster-RCNN-COCO-Attack\source_data\attack_03\clean_images\000000498286.jpg,D:\project CS\Faster-RCNN-COCO-Attack\source_data\attack_03\patched_images\000000498286.jpg,True,True,0.9707029461860657,0.9615800380706787,427.8805236816406,336.4893798828125,614.0964965820312,420.3863220214844,429.3963928222656,336.05633544921875,611.9073486328125,419.9674987792969,0.9612569305644499,0.9620102797300356,0.009122908115386963,-0.0007533491655856706,True,False
attack_03,501005,person,D:\project CS\Faster-RCNN-COCO-Attack\source_data\attack_03\clean_images\000000501005.jpg,D:\project CS\Faster-RCNN-COCO-Attack\source_data\attack_03\patched_images\000000501005.jpg,True,True,0.99980229139328,0.9998338222503662,130.8311004638672,57.217987060546875,307.8760070800781,311.5284118652344,129.39036560058594,53.976314544677734,306.52362060546875,310.7383728027344,0.9700862803865326,0.9653978516191103,-3.153085708618164e-05,0.004688428767422259,True,False
attack_03,504415,car,D:\project CS\Faster-RCNN-COCO-Attack\source_data\attack_03\clean_images\000000504415.jpg,D:\project CS\Faster-RCNN-COCO-Attack\source_data\attack_03\patched_images\000000504415.jpg,True,True,0.9961020946502686,0.9960378408432007,79.04237365722656,178.46067810058594,284.9158630371094,240.2536163330078,80.45328521728516,177.99591064453125,286.4317321777344,240.28924560546875,0.9562187999199294,0.9579160396915447,6.42538070678711e-05,-0.0016972397716152887,True,False
attack_03,505942,car,D:\project CS\Faster-RCNN-COCO-Attack\source_data\attack_03\clean_images\000000505942.jpg,D:\project CS\Faster-RCNN-COCO-Attack\source_data\attack_03\patched_images\000000505942.jpg,True,True,0.9077816605567932,0.8077335953712463,458.05609130859375,162.91400146484375,499.8175354003906,205.91082763671875,460.15631103515625,160.89361572265625,499.7575378417969,203.31741333007812,0.9533147793490276,0.8806776185829707,0.10004806518554688,0.07263716076605697,True,False
attack_03,506707,car,D:\project CS\Faster-RCNN-COCO-Attack\source_data\attack_03\clean_images\000000506707.jpg,D:\project CS\Faster-RCNN-COCO-Attack\source_data\attack_03\patched_images\000000506707.jpg,True,True,0.5757731795310974,0.7257242202758789,143.33096313476562,155.52560424804688,274.8863830566406,277.4884338378906,170.60305786132812,154.6527099609375,274.0669860839844,272.8016052246094,0.7055446646473059,0.9237853583861916,-0.1499510407447815,-0.21824069373888566,True,False
attack_03,507667,car,D:\project CS\Faster-RCNN-COCO-Attack\source_data\attack_03\clean_images\000000507667.jpg,D:\project CS\Faster-RCNN-COCO-Attack\source_data\attack_03\patched_images\000000507667.jpg,True,True,0.971592903137207,0.9747085571289062,214.39944458007812,10.009448051452637,357.10882568359375,57.35996627807617,211.2069091796875,10.931180000305176,355.0268859863281,55.54384994506836,0.8458796105373476,0.8256501723450178,-0.0031156539916992188,0.020229438192329807,True,False
attack_03,507797,car,D:\project CS\Faster-RCNN-COCO-Attack\source_data\attack_03\clean_images\000000507797.jpg,D:\project CS\Faster-RCNN-COCO-Attack\source_data\attack_03\patched_images\000000507797.jpg,True,True,0.981313943862915,0.9670892953872681,195.69114685058594,177.27392578125,230.30564880371094,206.724365234375,204.88243103027344,179.1000213623047,230.31304931640625,206.52700805664062,0.9166237732521259,0.7378013512813799,0.014224648475646973,0.17882242197074594,True,False
attack_03,507975,car,D:\project CS\Faster-RCNN-COCO-Attack\source_data\attack_03\clean_images\000000507975.jpg,D:\project CS\Faster-RCNN-COCO-Attack\source_data\attack_03\patched_images\000000507975.jpg,True,True,0.5193884968757629,0.342515766620636,175.84744262695312,221.42774963378906,601.4017944335938,421.4045104980469,39.573795318603516,166.33607482910156,525.4088134765625,429.61993408203125,0.5752922450034157,0.627985609774577,0.17687273025512695,-0.052693364771161266,True,False
attack_03,509014,person,D:\project CS\Faster-RCNN-COCO-Attack\source_data\attack_03\clean_images\000000509014.jpg,D:\project CS\Faster-RCNN-COCO-Attack\source_data\attack_03\patched_images\000000509014.jpg,False,False,,,,,,,,,,,,,,,False,False
attack_03,511999,car,D:\project CS\Faster-RCNN-COCO-Attack\source_data\attack_03\clean_images\000000511999.jpg,D:\project CS\Faster-RCNN-COCO-Attack\source_data\attack_03\patched_images\000000511999.jpg,True,True,0.9980764389038086,0.9989141225814819,523.1978149414062,213.36375427246094,605.180908203125,274.0543212890625,523.0623168945312,212.64608764648438,605.4376831054688,274.1736755371094,0.9508945015519414,0.9653489913205959,-0.0008376836776733398,-0.014454489768654488,True,False
attack_03,512564,car,D:\project CS\Faster-RCNN-COCO-Attack\source_data\attack_03\clean_images\000000512564.jpg,D:\project CS\Faster-RCNN-COCO-Attack\source_data\attack_03\patched_images\000000512564.jpg,True,True,0.9808035492897034,0.9857211112976074,123.73535919189453,287.3936767578125,161.3209686279297,318.9382019042969,123.7524642944336,287.14166259765625,161.6354217529297,318.6586608886719,0.9064082894633192,0.8982612580548602,-0.004917562007904053,0.00814703140845896,True,False
attack_03,512836,person,D:\project CS\Faster-RCNN-COCO-Attack\source_data\attack_03\clean_images\000000512836.jpg,D:\project CS\Faster-RCNN-COCO-Attack\source_data\attack_03\patched_images\000000512836.jpg,True,True,0.9985867738723755,0.9959694147109985,142.79937744140625,150.51487731933594,291.1977233886719,528.6957397460938,142.476806640625,151.39874267578125,288.5762939453125,529.2238159179688,0.9589327862223853,0.9743833023150065,0.002617359161376953,-0.015450516092621158,True,False
attack_03,512985,person,D:\project CS\Faster-RCNN-COCO-Attack\source_data\attack_03\clean_images\000000512985.jpg,D:\project CS\Faster-RCNN-COCO-Attack\source_data\attack_03\patched_images\000000512985.jpg,True,True,0.9989179372787476,0.9994727969169617,429.12603759765625,126.27057647705078,495.72723388671875,325.2763366699219,429.4056091308594,125.15385437011719,495.56317138671875,324.20068359375,0.8152607469376444,0.8162611856558497,-0.0005548596382141113,-0.001000438718205321,True,False
attack_03,513041,person,D:\project CS\Faster-RCNN-COCO-Attack\source_data\attack_03\clean_images\000000513041.jpg,D:\project CS\Faster-RCNN-COCO-Attack\source_data\attack_03\patched_images\000000513041.jpg,True,True,0.9991760849952698,0.9988059997558594,0.0,0.7603638172149658,380.72344970703125,256.6962890625,2.079436779022217,1.848404049873352,378.69354248046875,258.90118408203125,0.978821798382858,0.9664932572305068,0.0003700852394104004,0.012328541152351158,True,False
attack_03,514586,car,D:\project CS\Faster-RCNN-COCO-Attack\source_data\attack_03\clean_images\000000514586.jpg,D:\project CS\Faster-RCNN-COCO-Attack\source_data\attack_03\patched_images\000000514586.jpg,True,True,0.8547673225402832,0.7471937537193298,266.5325012207031,107.69241333007812,314.6891174316406,153.43492126464844,264.841796875,117.64269256591797,312.9771423339844,153.78909301757812,0.5341210506317413,0.6762176171750716,0.10757356882095337,-0.14209656654333025,True,False
attack_03,515982,person,D:\project CS\Faster-RCNN-COCO-Attack\source_data\attack_03\clean_images\000000515982.jpg,D:\project CS\Faster-RCNN-COCO-Attack\source_data\attack_03\patched_images\000000515982.jpg,True,True,0.9992318153381348,0.9993060827255249,342.5164794921875,0.0,596.0699462890625,405.01708984375,342.2299499511719,0.0,594.9745483398438,405.1114196777344,0.9489115444024531,0.954214669267255,-7.426738739013672e-05,-0.005303124864801889,True,False
attack_03,521052,car,D:\project CS\Faster-RCNN-COCO-Attack\source_data\attack_03\clean_images\000000521052.jpg,D:\project CS\Faster-RCNN-COCO-Attack\source_data\attack_03\patched_images\000000521052.jpg,True,True,0.9973313808441162,0.9967723488807678,10.424896240234375,258.5092468261719,78.5660171508789,343.0090026855469,10.742279052734375,261.38690185546875,78.38838195800781,343.1849365234375,0.8958266487581097,0.9321870255336044,0.0005590319633483887,-0.03636037677549475,True,False
attack_03,521141,car,D:\project CS\Faster-RCNN-COCO-Attack\source_data\attack_03\clean_images\000000521141.jpg,D:\project CS\Faster-RCNN-COCO-Attack\source_data\attack_03\patched_images\000000521141.jpg,True,True,0.9948704242706299,0.9958828687667847,304.8529357910156,241.56907653808594,375.0,273.00299072265625,304.8777770996094,241.478271484375,375.0,272.9311828613281,0.9795480833681799,0.9784526384534781,-0.0010124444961547852,0.0010954449147018153,True,False
attack_03,521819,car,D:\project CS\Faster-RCNN-COCO-Attack\source_data\attack_03\clean_images\000000521819.jpg,D:\project CS\Faster-RCNN-COCO-Attack\source_data\attack_03\patched_images\000000521819.jpg,True,True,0.9835720658302307,0.9698020219802856,538.6162719726562,360.87103271484375,602.0127563476562,387.1094665527344,557.6088256835938,361.1152648925781,602.2280883789062,386.5845947265625,0.6432190318850914,0.897406238846218,0.013770043849945068,-0.2541872069611265,True,False
attack_03,526728,car,D:\project CS\Faster-RCNN-COCO-Attack\source_data\attack_03\clean_images\000000526728.jpg,D:\project CS\Faster-RCNN-COCO-Attack\source_data\attack_03\patched_images\000000526728.jpg,True,True,0.9978508949279785,0.9879701733589172,389.25640869140625,172.02272033691406,453.634765625,197.41915893554688,387.4972839355469,171.70176696777344,453.3349609375,197.49974060058594,0.9026990655478143,0.9007475733474313,0.00988072156906128,0.0019514922003830426,True,False
attack_03,527220,car,D:\project CS\Faster-RCNN-COCO-Attack\source_data\attack_03\clean_images\000000527220.jpg,D:\project CS\Faster-RCNN-COCO-Attack\source_data\attack_03\patched_images\000000527220.jpg,True,True,0.9812970757484436,0.975393533706665,3.105736017227173,1.2680788040161133,177.4857940673828,160.81997680664062,2.1660499572753906,2.8299670219421387,170.0135955810547,149.56826782226562,0.9040252472454009,0.9155935513360928,0.0059035420417785645,-0.011568304090691872,True,False
attack_03,533145,person,D:\project CS\Faster-RCNN-COCO-Attack\source_data\attack_03\clean_images\000000533145.jpg,D:\project CS\Faster-RCNN-COCO-Attack\source_data\attack_03\patched_images\000000533145.jpg,True,True,0.7824199199676514,0.7649183869361877,2.5667974948883057,0.0,195.64285278320312,292.5843505859375,0.7323145270347595,0.0,202.6990509033203,309.0138244628906,0.9730549782843342,0.8978695060650529,0.017501533031463623,0.07518547221928129,True,False
attack_03,534270,person,D:\project CS\Faster-RCNN-COCO-Attack\source_data\attack_03\clean_images\000000534270.jpg,D:\project CS\Faster-RCNN-COCO-Attack\source_data\attack_03\patched_images\000000534270.jpg,True,True,0.9994242191314697,0.9988929629325867,142.47930908203125,133.81558227539062,240.81973266601562,412.17864990234375,142.3048095703125,131.8769989013672,241.3084716796875,413.60809326171875,0.9280475282171241,0.9148140254287376,0.0005312561988830566,0.01323350278838653,True,False
attack_03,537506,car,D:\project CS\Faster-RCNN-COCO-Attack\source_data\attack_03\clean_images\000000537506.jpg,D:\project CS\Faster-RCNN-COCO-Attack\source_data\attack_03\patched_images\000000537506.jpg,True,True,0.9711664915084839,0.7816966772079468,123.79728698730469,57.3324089050293,253.43907165527344,176.3750457763672,120.117431640625,48.3468017578125,267.3957824707031,170.2860870361328,0.5264269533405396,0.6276131838180521,0.1894698143005371,-0.10118623047751252,True,False
attack_03,540414,person,D:\project CS\Faster-RCNN-COCO-Attack\source_data\attack_03\clean_images\000000540414.jpg,D:\project CS\Faster-RCNN-COCO-Attack\source_data\attack_03\patched_images\000000540414.jpg,False,False,,,,,,,,,,,,,,,False,False
attack_03,545007,person,D:\project CS\Faster-RCNN-COCO-Attack\source_data\attack_03\clean_images\000000545007.jpg,D:\project CS\Faster-RCNN-COCO-Attack\source_data\attack_03\patched_images\000000545007.jpg,True,True,0.9650099873542786,0.9645522832870483,150.79534912109375,31.98653221130371,281.17626953125,268.3686828613281,148.93304443359375,29.03316879272461,282.3658142089844,265.68267822265625,0.9692558083621193,0.9497842790889665,0.0004577040672302246,0.019471529273152877,True,False
attack_03,547336,person,D:\project CS\Faster-RCNN-COCO-Attack\source_data\attack_03\clean_images\000000547336.jpg,D:\project CS\Faster-RCNN-COCO-Attack\source_data\attack_03\patched_images\000000547336.jpg,True,True,0.9991082549095154,0.9981980919837952,97.38336181640625,23.400787353515625,470.18951416015625,434.56591796875,93.75659942626953,27.92365837097168,471.7156066894531,432.2046203613281,0.9777522287946203,0.9612173357855126,0.0009101629257202148,0.01653489300910771,True,False
attack_03,549390,person,D:\project CS\Faster-RCNN-COCO-Attack\source_data\attack_03\clean_images\000000549390.jpg,D:\project CS\Faster-RCNN-COCO-Attack\source_data\attack_03\patched_images\000000549390.jpg,True,True,0.9990204572677612,0.9990200996398926,196.59979248046875,63.39543533325195,385.9442443847656,375.5567932128906,198.59886169433594,65.07837677001953,392.909423828125,380.3883972167969,0.8213508559551211,0.8597124034477089,3.5762786865234375e-07,-0.0383615474925878,True,False
attack_03,550691,car,D:\project CS\Faster-RCNN-COCO-Attack\source_data\attack_03\clean_images\000000550691.jpg,D:\project CS\Faster-RCNN-COCO-Attack\source_data\attack_03\patched_images\000000550691.jpg,True,True,0.9979350566864014,0.998377799987793,115.25297546386719,285.9089660644531,198.2523956298828,353.94818115234375,115.1214370727539,286.1599426269531,198.2682342529297,353.6942138671875,0.9139528390148175,0.9061002334772926,-0.00044274330139160156,0.00785260553752487,True,False
attack_03,555050,car,D:\project CS\Faster-RCNN-COCO-Attack\source_data\attack_03\clean_images\000000555050.jpg,D:\project CS\Faster-RCNN-COCO-Attack\source_data\attack_03\patched_images\000000555050.jpg,True,True,0.9994307160377502,0.9994403719902039,2.3176651000976562,177.9023895263672,236.8602294921875,269.30859375,2.551424264907837,177.66966247558594,238.56056213378906,269.1053161621094,0.9780864049496476,0.9731724720747755,-9.655952453613281e-06,0.004913932874872073,True,False
attack_03,558854,person,D:\project CS\Faster-RCNN-COCO-Attack\source_data\attack_03\clean_images\000000558854.jpg,D:\project CS\Faster-RCNN-COCO-Attack\source_data\attack_03\patched_images\000000558854.jpg,True,True,0.9692649245262146,0.9656276106834412,97.75108337402344,0.7909226417541504,450.00506591796875,43.74295425415039,98.94795227050781,0.38290679454803467,445.3758239746094,42.998069763183594,0.7109229386717247,0.7062565518884419,0.0036373138427734375,0.004666386783282794,True,False
attack_03,564336,car,D:\project CS\Faster-RCNN-COCO-Attack\source_data\attack_03\clean_images\000000564336.jpg,D:\project CS\Faster-RCNN-COCO-Attack\source_data\attack_03\patched_images\000000564336.jpg,True,True,0.8314006328582764,0.8734296560287476,272.9403076171875,154.67129516601562,387.8916015625,207.626953125,271.4361877441406,155.45721435546875,386.880615234375,207.78201293945312,0.6440371721840454,0.6410214895618407,-0.04202902317047119,0.0030156826222047517,True,False
attack_03,565045,person,D:\project CS\Faster-RCNN-COCO-Attack\source_data\attack_03\clean_images\000000565045.jpg,D:\project CS\Faster-RCNN-COCO-Attack\source_data\attack_03\patched_images\000000565045.jpg,True,True,0.9791061878204346,0.9674410820007324,260.4371337890625,355.4281921386719,333.0,497.8316955566406,260.35711669921875,355.8995056152344,333.0,497.0758972167969,0.9731270787209877,0.9721370493973343,0.011665105819702148,0.0009900293236534408,True,False
attack_03,566282,car,D:\project CS\Faster-RCNN-COCO-Attack\source_data\attack_03\clean_images\000000566282.jpg,D:\project CS\Faster-RCNN-COCO-Attack\source_data\attack_03\patched_images\000000566282.jpg,True,True,0.987473726272583,0.9904273748397827,289.6708068847656,168.2154083251953,495.87396240234375,239.4159393310547,289.12823486328125,168.78269958496094,496.8885498046875,240.47454833984375,0.9787708615587826,0.9621821759260586,-0.002953648567199707,0.016588685632723976,True,False
attack_03,567197,car,D:\project CS\Faster-RCNN-COCO-Attack\source_data\attack_03\clean_images\000000567197.jpg,D:\project CS\Faster-RCNN-COCO-Attack\source_data\attack_03\patched_images\000000567197.jpg,True,True,0.6515803337097168,0.5916562080383301,70.9535903930664,297.5158996582031,117.24916076660156,334.3354187011719,71.19639587402344,297.12969970703125,116.28424072265625,334.2023620605469,0.9162153833950493,0.9343334061920995,0.05992412567138672,-0.018118022797050215,True,False
attack_03,567640,person,D:\project CS\Faster-RCNN-COCO-Attack\source_data\attack_03\clean_images\000000567640.jpg,D:\project CS\Faster-RCNN-COCO-Attack\source_data\attack_03\patched_images\000000567640.jpg,True,True,0.9995977282524109,0.9994819760322571,283.2296447753906,38.2508430480957,491.9764709472656,364.8869934082031,284.430908203125,41.590431213378906,490.4639892578125,368.6757507324219,0.9303563839135004,0.9629094586924689,0.0001157522201538086,-0.032553074778968516,True,False
attack_03,571598,person,D:\project CS\Faster-RCNN-COCO-Attack\source_data\attack_03\clean_images\000000571598.jpg,D:\project CS\Faster-RCNN-COCO-Attack\source_data\attack_03\patched_images\000000571598.jpg,True,True,0.9997196793556213,0.9995604157447815,174.14317321777344,91.3597640991211,464.07421875,473.8652648925781,180.31997680664062,93.02626037597656,461.07476806640625,478.4635925292969,0.968330683106063,0.9666549942391865,0.00015926361083984375,0.0016756888668764125,True,False
attack_03,577932,car,D:\project CS\Faster-RCNN-COCO-Attack\source_data\attack_03\clean_images\000000577932.jpg,D:\project CS\Faster-RCNN-COCO-Attack\source_data\attack_03\patched_images\000000577932.jpg,True,True,0.9795153737068176,0.9830754995346069,501.1446533203125,260.7978515625,639.205322265625,539.0670776367188,500.4702453613281,255.29251098632812,640.0,539.12060546875,0.8938544947535513,0.920161502564323,-0.0035601258277893066,-0.026307007810771776,True,False
