attack_id,image_id,target_class,clean_image,patched_image,clean_detected,patched_detected,clean_confidence,patched_confidence,clean_bbox,patched_bbox,clean_iou,patched_iou,confidence_drop,iou_drop,eligible,attack_success,clean_prediction_count,patched_prediction_count,inference_time_ms_clean,inference_time_ms_patched
attack_03,1532,car,D:\project CS\RT-DETRv2-COCO-Attack\source_data\attack_03\clean_images\000000001532.jpg,D:\project CS\RT-DETRv2-COCO-Attack\source_data\attack_03\patched_images\000000001532.jpg,True,True,0.9160691499710083,0.93352210521698,"[223.55413818359375, 356.657958984375, 423.3026123046875, 478.8628234863281]","[223.3836669921875, 356.5845947265625, 423.3580322265625, 478.8038330078125]",0.929362057080753,0.9273127903804897,-0.01745295524597168,0.002049266700263286,True,False,300,300,54.39740000292659,54.218800003582146
attack_03,9400,person,D:\project CS\RT-DETRv2-COCO-Attack\source_data\attack_03\clean_images\000000009400.jpg,D:\project CS\RT-DETRv2-COCO-Attack\source_data\attack_03\patched_images\000000009400.jpg,True,True,0.8511842489242554,0.2661445438861847,"[451.635498046875, 93.32498168945312, 639.796875, 366.0705261230469]","[450.017333984375, 93.85222625732422, 638.3960571289062, 368.7325134277344]",0.9627882980847937,0.9530414977643484,0.5850397050380707,0.009746800320445281,True,False,300,300,55.753399996319786,56.0646000012639
attack_03,9769,person,D:\project CS\RT-DETRv2-COCO-Attack\source_data\attack_03\clean_images\000000009769.jpg,D:\project CS\RT-DETRv2-COCO-Attack\source_data\attack_03\patched_images\000000009769.jpg,True,True,0.8341457843780518,0.8291650414466858,"[138.37298583984375, 201.41798400878906, 185.27743530273438, 277.2091064453125]","[136.7838897705078, 201.1002960205078, 184.42477416992188, 277.3724365234375]",0.892771741018339,0.8807337166065744,0.004980742931365967,0.012038024411764603,True,False,300,300,54.15550000179792,54.72400000144262
attack_03,9891,car,D:\project CS\RT-DETRv2-COCO-Attack\source_data\attack_03\clean_images\000000009891.jpg,D:\project CS\RT-DETRv2-COCO-Attack\source_data\attack_03\patched_images\000000009891.jpg,True,True,0.9125637412071228,0.9192480444908142,"[357.8446960449219, 89.97408294677734, 639.92529296875, 315.39788818359375]","[359.1695556640625, 89.61222839355469, 639.8757934570312, 313.92083740234375]",0.7176377334751898,0.7191700704804037,-0.006684303283691406,-0.0015323370052139351,True,False,300,300,55.45770000026096,55.274699996516574
attack_03,13659,person,D:\project CS\RT-DETRv2-COCO-Attack\source_data\attack_03\clean_images\000000013659.jpg,D:\project CS\RT-DETRv2-COCO-Attack\source_data\attack_03\patched_images\000000013659.jpg,True,True,0.918347954750061,0.9339170455932617,"[151.9680938720703, 219.21612548828125, 379.65460205078125, 476.8072509765625]","[153.77684020996094, 218.0072479248047, 379.51849365234375, 477.5229187011719]",0.9829386022888854,0.9826101437084414,-0.015569090843200684,0.0003284585804440576,True,False,300,300,55.97969999507768,57.60500000178581
attack_03,14226,person,D:\project CS\RT-DETRv2-COCO-Attack\source_data\attack_03\clean_images\000000014226.jpg,D:\project CS\RT-DETRv2-COCO-Attack\source_data\attack_03\patched_images\000000014226.jpg,True,True,0.9568431973457336,0.9510259628295898,"[211.1619873046875, 29.808727264404297, 546.2908325195312, 369.6246643066406]","[211.09494018554688, 29.680395126342773, 546.3982543945312, 370.05987548828125]",0.9740397837148712,0.974796150074486,0.005817234516143799,-0.0007563663596147352,True,False,300,300,59.580900000582915,59.03940000280272
attack_03,17178,car,D:\project CS\RT-DETRv2-COCO-Attack\source_data\attack_03\clean_images\000000017178.jpg,D:\project CS\RT-DETRv2-COCO-Attack\source_data\attack_03\patched_images\000000017178.jpg,True,True,0.9294669032096863,0.9307127594947815,"[433.52276611328125, 107.7143325805664, 639.8374633789062, 421.5361022949219]","[433.6230163574219, 107.6441650390625, 639.7376098632812, 421.83416748046875]",0.9796577685458299,0.98036759684487,-0.0012458562850952148,-0.0007098282990400939,True,False,300,300,54.533800001081545,54.57670000032522
attack_03,23126,person,D:\project CS\RT-DETRv2-COCO-Attack\source_data\attack_03\clean_images\000000023126.jpg,D:\project CS\RT-DETRv2-COCO-Attack\source_data\attack_03\patched_images\000000023126.jpg,True,True,0.9125357270240784,0.9219262599945068,"[157.98019409179688, 12.59238052368164, 276.89080810546875, 362.9284973144531]","[160.37783813476562, 12.718110084533691, 276.9029541015625, 362.4921875]",0.8705928038916745,0.8897178365952525,-0.009390532970428467,-0.019125032703578015,True,False,300,300,55.310799994913395,55.4647999961162
attack_03,27696,person,D:\project CS\RT-DETRv2-COCO-Attack\source_data\attack_03\clean_images\000000027696.jpg,D:\project CS\RT-DETRv2-COCO-Attack\source_data\attack_03\patched_images\000000027696.jpg,True,True,0.42601093649864197,0.4337138235569,"[0.6122016906738281, 0.1682060956954956, 338.6484375, 69.42935180664062]","[0.646514892578125, 0.21296106278896332, 339.0589904785156, 69.36005401611328]",0.9557183291373095,0.9566007064219011,-0.007702887058258057,-0.0008823772845916178,True,False,300,300,56.00309999863384,56.27470000035828
attack_03,27768,car,D:\project CS\RT-DETRv2-COCO-Attack\source_data\attack_03\clean_images\000000027768.jpg,D:\project CS\RT-DETRv2-COCO-Attack\source_data\attack_03\patched_images\000000027768.jpg,True,True,0.3941586911678314,0.2640693187713623,"[578.852783203125, 372.8581848144531, 611.6488647460938, 458.34478759765625]","[565.3585815429688, 373.0415344238281, 611.9989624023438, 475.23565673828125]",0.8224487973832981,0.6518176691732275,0.13008937239646912,0.17063112821007065,True,False,300,300,54.58409999846481,54.09959999815328
attack_03,29984,person,D:\project CS\RT-DETRv2-COCO-Attack\source_data\attack_03\clean_images\000000029984.jpg,D:\project CS\RT-DETRv2-COCO-Attack\source_data\attack_03\patched_images\000000029984.jpg,True,True,0.9193385243415833,0.909744143486023,"[221.58596801757812, 208.66668701171875, 262.7195739746094, 250.66636657714844]","[221.4000701904297, 208.5950469970703, 262.7804260253906, 250.48269653320312]",0.8334405220316392,0.836203659613843,0.009594380855560303,-0.0027631375822038118,True,False,300,300,54.54219999955967,54.50260000361595
attack_03,32570,person,D:\project CS\RT-DETRv2-COCO-Attack\source_data\attack_03\clean_images\000000032570.jpg,D:\project CS\RT-DETRv2-COCO-Attack\source_data\attack_03\patched_images\000000032570.jpg,True,True,0.9534772634506226,0.9440969228744507,"[169.6815643310547, 163.38565063476562, 310.4451904296875, 293.3258056640625]","[169.75311279296875, 162.99124145507812, 310.84930419921875, 293.3218688964844]",0.9832347835695708,0.9829516327613013,0.009380340576171875,0.0002831508082695722,True,False,300,300,54.56499999854714,54.766599998401944
attack_03,32887,person,D:\project CS\RT-DETRv2-COCO-Attack\source_data\attack_03\clean_images\000000032887.jpg,D:\project CS\RT-DETRv2-COCO-Attack\source_data\attack_03\patched_images\000000032887.jpg,True,True,0.9318536520004272,0.9095680713653564,"[373.3663330078125, 118.98526763916016, 500.4183349609375, 464.2108154296875]","[372.9569091796875, 119.0216293334961, 503.4016418457031, 464.0233154296875]",0.98777509834326,0.9628647543751031,0.0222855806350708,0.024910343968156945,True,False,300,300,55.465699995693285,54.54499999905238
attack_03,33854,car,D:\project CS\RT-DETRv2-COCO-Attack\source_data\attack_03\clean_images\000000033854.jpg,D:\project CS\RT-DETRv2-COCO-Attack\source_data\attack_03\patched_images\000000033854.jpg,True,True,0.8224777579307556,0.42103251814842224,"[-0.03479957580566406, 215.09881591796875, 278.18670654296875, 423.5315246582031]","[0.3117084503173828, 214.40736389160156, 277.91070556640625, 423.76177978515625]",0.9389043022117685,0.9368668673705873,0.4014452397823334,0.0020374348411811294,True,False,300,300,54.33259999699658,54.18849999841768
attack_03,34139,person,D:\project CS\RT-DETRv2-COCO-Attack\source_data\attack_03\clean_images\000000034139.jpg,D:\project CS\RT-DETRv2-COCO-Attack\source_data\attack_03\patched_images\000000034139.jpg,True,True,0.9428662061691284,0.9416972398757935,"[500.5701904296875, 99.35853576660156, 598.6232299804688, 378.4908447265625]","[500.3614807128906, 99.37452697753906, 598.21923828125, 377.82244873046875]",0.6387713657386708,0.6403559307288595,0.001168966293334961,-0.0015845649901887748,True,False,300,300,55.264999995415565,55.76599999767495
attack_03,39484,car,D:\project CS\RT-DETRv2-COCO-Attack\source_data\attack_03\clean_images\000000039484.jpg,D:\project CS\RT-DETRv2-COCO-Attack\source_data\attack_03\patched_images\000000039484.jpg,True,True,0.9268678426742554,0.9287315607070923,"[35.575416564941406, 364.6031188964844, 267.3245849609375, 436.4139404296875]","[35.57870864868164, 364.5480041503906, 267.1646728515625, 436.36029052734375]",0.969027187990697,0.9682408555443502,-0.001863718032836914,0.000786332446346738,True,False,300,300,56.50789999344852,57.848399999784306
attack_03,40083,car,D:\project CS\RT-DETRv2-COCO-Attack\source_data\attack_03\clean_images\000000040083.jpg,D:\project CS\RT-DETRv2-COCO-Attack\source_data\attack_03\patched_images\000000040083.jpg,True,True,0.9446187019348145,0.9440901279449463,"[134.86245727539062, 137.7235870361328, 253.94508361816406, 209.86248779296875]","[134.8170928955078, 137.72535705566406, 253.95098876953125, 209.89085388183594]",0.9667198884679931,0.9666440308349931,0.0005285739898681641,7.585763299999826e-05,True,False,300,300,58.84430000151042,55.43299999408191
attack_03,41633,car,D:\project CS\RT-DETRv2-COCO-Attack\source_data\attack_03\clean_images\000000041633.jpg,D:\project CS\RT-DETRv2-COCO-Attack\source_data\attack_03\patched_images\000000041633.jpg,True,True,0.7780271172523499,0.8072746992111206,"[562.5670776367188, 327.6102600097656, 617.6389770507812, 369.74029541015625]","[562.563720703125, 327.6104736328125, 617.9874877929688, 369.88140869140625]",0.7914503939294497,0.7991709997265986,-0.029247581958770752,-0.0077206057971488384,True,False,300,300,55.017100006807595,54.87670000002254
attack_03,43737,car,D:\project CS\RT-DETRv2-COCO-Attack\source_data\attack_03\clean_images\000000043737.jpg,D:\project CS\RT-DETRv2-COCO-Attack\source_data\attack_03\patched_images\000000043737.jpg,True,True,0.2514527142047882,0.7997725009918213,"[112.25286865234375, 414.8611755371094, 190.4580078125, 452.40582275390625]","[112.26568603515625, 415.3701171875, 190.7020263671875, 453.28765869140625]",0.8934845580849222,0.9294759492227942,-0.5483197867870331,-0.035991391137871975,True,False,300,300,54.61739999736892,54.353099993022624
attack_03,46872,car,D:\project CS\RT-DETRv2-COCO-Attack\source_data\attack_03\clean_images\000000046872.jpg,D:\project CS\RT-DETRv2-COCO-Attack\source_data\attack_03\patched_images\000000046872.jpg,True,True,0.8909854292869568,0.8862265944480896,"[601.0234375, 148.98251342773438, 639.8338012695312, 172.02464294433594]","[601.2962646484375, 148.3720703125, 639.6979370117188, 172.0626220703125]",0.8150930628761585,0.8394064791858631,0.0047588348388671875,-0.024313416309704627,True,False,300,300,55.7078999991063,56.15660000330536
attack_03,49259,person,D:\project CS\RT-DETRv2-COCO-Attack\source_data\attack_03\clean_images\000000049259.jpg,D:\project CS\RT-DETRv2-COCO-Attack\source_data\attack_03\patched_images\000000049259.jpg,True,True,0.921846330165863,0.9187655448913574,"[168.5804901123047, 56.65348815917969, 285.85955810546875, 129.6488494873047]","[168.32862854003906, 56.734886169433594, 286.07373046875, 129.4744110107422]",0.895899898251502,0.895111925049721,0.0030807852745056152,0.0007879732017809227,True,False,300,300,54.611100000329316,54.65329999424284
attack_03,49759,person,D:\project CS\RT-DETRv2-COCO-Attack\source_data\attack_03\clean_images\000000049759.jpg,D:\project CS\RT-DETRv2-COCO-Attack\source_data\attack_03\patched_images\000000049759.jpg,True,True,0.9306338429450989,0.9367511868476868,"[472.5727844238281, 158.5949249267578, 586.8026733398438, 454.8739013671875]","[472.29998779296875, 158.3005828857422, 587.4891967773438, 454.66790771484375]",0.9578753406083025,0.9662077548746185,-0.006117343902587891,-0.008332414266316035,True,False,300,300,54.45009999675676,54.33719999564346
attack_03,50679,car,D:\project CS\RT-DETRv2-COCO-Attack\source_data\attack_03\clean_images\000000050679.jpg,D:\project CS\RT-DETRv2-COCO-Attack\source_data\attack_03\patched_images\000000050679.jpg,True,True,0.7081817388534546,0.8127174377441406,"[475.8009033203125, 171.26361083984375, 563.3040771484375, 224.8270263671875]","[475.84271240234375, 171.3588409423828, 563.6049194335938, 224.83636474609375]",0.9210279572384872,0.9217651102024016,-0.10453569889068604,-0.0007371529639144114,True,False,300,300,54.33660000562668,53.88639999728184
attack_03,54593,car,D:\project CS\RT-DETRv2-COCO-Attack\source_data\attack_03\clean_images\000000054593.jpg,D:\project CS\RT-DETRv2-COCO-Attack\source_data\attack_03\patched_images\000000054593.jpg,True,True,0.9185556769371033,0.8649285435676575,"[112.6402587890625, 72.54077911376953, 310.7386474609375, 182.48004150390625]","[113.27919006347656, 74.1736068725586, 310.72430419921875, 179.09310913085938]",0.9610778169236267,0.9417440748083556,0.0536271333694458,0.019333742115271058,True,False,300,300,54.85490000137361,55.21310000040103
attack_03,54967,car,D:\project CS\RT-DETRv2-COCO-Attack\source_data\attack_03\clean_images\000000054967.jpg,D:\project CS\RT-DETRv2-COCO-Attack\source_data\attack_03\patched_images\000000054967.jpg,False,False,,,,,,,,,False,False,300,300,54.18529999587918,54.948099998000544
attack_03,55150,car,D:\project CS\RT-DETRv2-COCO-Attack\source_data\attack_03\clean_images\000000055150.jpg,D:\project CS\RT-DETRv2-COCO-Attack\source_data\attack_03\patched_images\000000055150.jpg,True,True,0.2566450536251068,0.5405213236808777,"[427.8674011230469, -0.5159187912940979, 639.83056640625, 422.54522705078125]","[421.7251281738281, -0.3889228105545044, 639.80859375, 422.5492858886719]",0.8933623401053681,0.8683866978286637,-0.2838762700557709,0.024975642276704346,True,False,300,300,55.602700005692896,55.741299998771865
attack_03,57672,person,D:\project CS\RT-DETRv2-COCO-Attack\source_data\attack_03\clean_images\000000057672.jpg,D:\project CS\RT-DETRv2-COCO-Attack\source_data\attack_03\patched_images\000000057672.jpg,False,True,,0.8331945538520813,,"[415.2811279296875, 191.56686401367188, 455.3592529296875, 280.4332275390625]",,0.5050785830515876,,,False,False,300,300,54.43119999836199,54.68560000008438
attack_03,59598,person,D:\project CS\RT-DETRv2-COCO-Attack\source_data\attack_03\clean_images\000000059598.jpg,D:\project CS\RT-DETRv2-COCO-Attack\source_data\attack_03\patched_images\000000059598.jpg,True,True,0.6594210267066956,0.5811475515365601,"[582.041748046875, 44.00379943847656, 639.9874267578125, 232.93272399902344]","[583.0280151367188, 44.50341033935547, 639.8657836914062, 232.92440795898438]",0.8851856601516856,0.9048728509751601,0.0782734751701355,-0.019687190823474476,True,False,300,300,55.11970000225119,55.4407999952673
attack_03,60823,person,D:\project CS\RT-DETRv2-COCO-Attack\source_data\attack_03\clean_images\000000060823.jpg,D:\project CS\RT-DETRv2-COCO-Attack\source_data\attack_03\patched_images\000000060823.jpg,True,True,0.9308425784111023,0.8326808214187622,"[160.74160766601562, 33.839691162109375, 269.5063781738281, 210.2766876220703]","[160.48672485351562, 33.870670318603516, 269.3733215332031, 208.8719482421875]",0.8527891828350517,0.8455815243058585,0.09816175699234009,0.007207658529193139,True,False,300,300,54.83960000128718,55.067199995392
attack_03,62353,person,D:\project CS\RT-DETRv2-COCO-Attack\source_data\attack_03\clean_images\000000062353.jpg,D:\project CS\RT-DETRv2-COCO-Attack\source_data\attack_03\patched_images\000000062353.jpg,False,True,,0.7985692024230957,,"[16.21596908569336, 228.87164306640625, 54.819278717041016, 268.57708740234375]",,0.5128891462775267,,,False,False,300,300,54.80130000069039,54.45070000132546
attack_03,64084,person,D:\project CS\RT-DETRv2-COCO-Attack\source_data\attack_03\clean_images\000000064084.jpg,D:\project CS\RT-DETRv2-COCO-Attack\source_data\attack_03\patched_images\000000064084.jpg,True,True,0.6533053517341614,0.6042338013648987,"[453.86956787109375, 0.17937308549880981, 639.9024658203125, 59.79954528808594]","[452.3817138671875, 0.16775986552238464, 639.7374267578125, 60.09336853027344]",0.7717776021221845,0.7627045958369285,0.049071550369262695,0.00907300628525598,True,False,300,300,56.486399997083936,56.42209999496117
attack_03,65455,person,D:\project CS\RT-DETRv2-COCO-Attack\source_data\attack_03\clean_images\000000065455.jpg,D:\project CS\RT-DETRv2-COCO-Attack\source_data\attack_03\patched_images\000000065455.jpg,False,False,,,,,,,,,False,False,300,300,54.91479999909643,54.396399995312095
attack_03,67406,person,D:\project CS\RT-DETRv2-COCO-Attack\source_data\attack_03\clean_images\000000067406.jpg,D:\project CS\RT-DETRv2-COCO-Attack\source_data\attack_03\patched_images\000000067406.jpg,True,True,0.9355459213256836,0.9322401285171509,"[173.62632751464844, 252.7085723876953, 198.53636169433594, 315.5806579589844]","[173.6450958251953, 252.9065399169922, 198.66226196289062, 315.6028747558594]",0.9674822552280401,0.958661519520936,0.003305792808532715,0.008820735707104066,True,False,300,300,54.34629999945173,54.24140000104671
attack_03,68093,car,D:\project CS\RT-DETRv2-COCO-Attack\source_data\attack_03\clean_images\000000068093.jpg,D:\project CS\RT-DETRv2-COCO-Attack\source_data\attack_03\patched_images\000000068093.jpg,True,True,0.31703823804855347,0.278290331363678,"[333.686767578125, 78.93994140625, 639.8062744140625, 186.39321899414062]","[337.22979736328125, 75.23673248291016, 640.03515625, 187.2959442138672]",0.9576210776499942,0.9657319534752118,0.03874790668487549,-0.008110875825217634,True,False,300,300,55.72129999927711,55.32449999736855
attack_03,68409,person,D:\project CS\RT-DETRv2-COCO-Attack\source_data\attack_03\clean_images\000000068409.jpg,D:\project CS\RT-DETRv2-COCO-Attack\source_data\attack_03\patched_images\000000068409.jpg,True,True,0.9092715382575989,0.9019359946250916,"[492.3170166015625, 19.770912170410156, 638.5523681640625, 258.9375]","[484.850341796875, 19.913650512695312, 638.4700927734375, 258.8019714355469]",0.8778856882740378,0.9222759564446013,0.007335543632507324,-0.04439026817056346,True,False,300,300,56.09240000194404,56.39549999614246
attack_03,70739,person,D:\project CS\RT-DETRv2-COCO-Attack\source_data\attack_03\clean_images\000000070739.jpg,D:\project CS\RT-DETRv2-COCO-Attack\source_data\attack_03\patched_images\000000070739.jpg,False,True,,0.6687743663787842,,"[2.8945541381835938, 1.4774179458618164, 622.944091796875, 475.1106872558594]",,0.9027661634062898,,,False,False,300,300,55.335099998046644,56.66180000116583
attack_03,71938,person,D:\project CS\RT-DETRv2-COCO-Attack\source_data\attack_03\clean_images\000000071938.jpg,D:\project CS\RT-DETRv2-COCO-Attack\source_data\attack_03\patched_images\000000071938.jpg,True,True,0.911890983581543,0.8298351764678955,"[-0.06496429443359375, 4.296083450317383, 593.52197265625, 476.6654052734375]","[0.19819259643554688, 3.8894176483154297, 591.5127563476562, 475.70855712890625]",0.9839772281641382,0.9793205135249123,0.08205580711364746,0.004656714639225901,True,False,300,300,56.00370000320254,55.9715999988839
attack_03,72281,person,D:\project CS\RT-DETRv2-COCO-Attack\source_data\attack_03\clean_images\000000072281.jpg,D:\project CS\RT-DETRv2-COCO-Attack\source_data\attack_03\patched_images\000000072281.jpg,True,True,0.9565417170524597,0.9547610878944397,"[95.77301788330078, 20.38839340209961, 354.0282897949219, 491.2614440917969]","[96.4747314453125, 20.410633087158203, 354.2170104980469, 491.32666015625]",0.9624624176388693,0.960638271503918,0.0017806291580200195,0.0018241461349512988,True,False,300,300,55.59509999875445,55.52200000238372
attack_03,76417,car,D:\project CS\RT-DETRv2-COCO-Attack\source_data\attack_03\clean_images\000000076417.jpg,D:\project CS\RT-DETRv2-COCO-Attack\source_data\attack_03\patched_images\000000076417.jpg,True,True,0.8608797788619995,0.8790583610534668,"[184.7578125, 150.08560180664062, 640.0001220703125, 472.2887268066406]","[185.0716552734375, 150.24205017089844, 639.51123046875, 472.6067199707031]",0.9709585212247612,0.9701051104122452,-0.018178582191467285,0.0008534108125159978,True,False,300,300,55.61989999841899,55.59000000357628
attack_03,85376,car,D:\project CS\RT-DETRv2-COCO-Attack\source_data\attack_03\clean_images\000000085376.jpg,D:\project CS\RT-DETRv2-COCO-Attack\source_data\attack_03\patched_images\000000085376.jpg,True,True,0.8964366912841797,0.8993914723396301,"[33.876251220703125, 318.2376403808594, 193.6416473388672, 377.89959716796875]","[34.327239990234375, 319.1663818359375, 193.19256591796875, 378.35858154296875]",0.8886909681591496,0.9005157778684528,-0.0029547810554504395,-0.011824809709303219,True,False,300,300,54.374399995140266,54.597099995589815
attack_03,86220,car,D:\project CS\RT-DETRv2-COCO-Attack\source_data\attack_03\clean_images\000000086220.jpg,D:\project CS\RT-DETRv2-COCO-Attack\source_data\attack_03\patched_images\000000086220.jpg,True,True,0.9552109241485596,0.9546965956687927,"[134.8401336669922, 209.6234893798828, 446.6708679199219, 335.56927490234375]","[135.01255798339844, 209.74375915527344, 446.7825012207031, 335.4407653808594]",0.9896769828413179,0.9868310550427984,0.0005143284797668457,0.002845927798519443,True,False,300,300,54.83310000272468,54.07730000297306
attack_03,93154,car,D:\project CS\RT-DETRv2-COCO-Attack\source_data\attack_03\clean_images\000000093154.jpg,D:\project CS\RT-DETRv2-COCO-Attack\source_data\attack_03\patched_images\000000093154.jpg,True,True,0.9006850123405457,0.8820532560348511,"[142.88348388671875, 272.87646484375, 210.79913330078125, 309.8311767578125]","[142.85191345214844, 272.9373474121094, 210.93067932128906, 310.2199401855469]",0.9509001918245223,0.9402792069171412,0.01863175630569458,0.01062098490738117,True,False,300,300,54.20030000095721,54.364899995562155
attack_03,94751,car,D:\project CS\RT-DETRv2-COCO-Attack\source_data\attack_03\clean_images\000000094751.jpg,D:\project CS\RT-DETRv2-COCO-Attack\source_data\attack_03\patched_images\000000094751.jpg,True,True,0.8877337574958801,0.8896371722221375,"[311.697265625, 273.9646911621094, 375.0303039550781, 309.18060302734375]","[311.5716857910156, 274.1463317871094, 375.0733642578125, 309.4871520996094]",0.9533649489782267,0.9560567453274679,-0.0019034147262573242,-0.0026917963492412156,True,False,300,300,54.836600000271574,54.55550000624498
attack_03,97679,car,D:\project CS\RT-DETRv2-COCO-Attack\source_data\attack_03\clean_images\000000097679.jpg,D:\project CS\RT-DETRv2-COCO-Attack\source_data\attack_03\patched_images\000000097679.jpg,True,True,0.9595738649368286,0.9629146456718445,"[102.04690551757812, 180.76426696777344, 526.8121337890625, 379.6481628417969]","[101.98736572265625, 179.680908203125, 526.4364624023438, 379.78851318359375]",0.8713289458222083,0.8761345557293215,-0.003340780735015869,-0.004805609907113206,True,False,300,300,55.218400004378054,54.139500003657304
attack_03,98392,car,D:\project CS\RT-DETRv2-COCO-Attack\source_data\attack_03\clean_images\000000098392.jpg,D:\project CS\RT-DETRv2-COCO-Attack\source_data\attack_03\patched_images\000000098392.jpg,True,True,0.9472741484642029,0.9471509456634521,"[242.3028106689453, 523.0120849609375, 479.8434753417969, 638.654296875]","[241.9474639892578, 523.5316162109375, 479.82122802734375, 638.7093505859375]",0.927897555271921,0.9228249183160461,0.00012320280075073242,0.0050726369558748985,True,False,300,300,55.104899998696055,53.66420000063954
attack_03,102411,car,D:\project CS\RT-DETRv2-COCO-Attack\source_data\attack_03\clean_images\000000102411.jpg,D:\project CS\RT-DETRv2-COCO-Attack\source_data\attack_03\patched_images\000000102411.jpg,True,True,0.7785698771476746,0.8718739748001099,"[0.25299668312072754, 199.63385009765625, 36.18191146850586, 292.90289306640625]","[0.13305068016052246, 199.65025329589844, 36.03654479980469, 291.9421081542969]",0.8896872812382567,0.8742837894559273,-0.0933040976524353,0.01540349178232936,True,False,300,300,54.7694999986561,54.553499998291954
attack_03,102805,car,D:\project CS\RT-DETRv2-COCO-Attack\source_data\attack_03\clean_images\000000102805.jpg,D:\project CS\RT-DETRv2-COCO-Attack\source_data\attack_03\patched_images\000000102805.jpg,True,True,0.9497562646865845,0.9497931003570557,"[378.61029052734375, 266.7322998046875, 606.4159545898438, 338.5505676269531]","[378.5884094238281, 266.60302734375, 606.3763427734375, 338.6058044433594]",0.9946654676867905,0.9921938326236492,-3.6835670471191406e-05,0.0024716350631412976,True,False,300,300,54.616100002021994,55.12299999827519
attack_03,105264,person,D:\project CS\RT-DETRv2-COCO-Attack\source_data\attack_03\clean_images\000000105264.jpg,D:\project CS\RT-DETRv2-COCO-Attack\source_data\attack_03\patched_images\000000105264.jpg,True,True,0.9451930522918701,0.9332122206687927,"[394.6328430175781, 108.97527313232422, 496.40155029296875, 324.61285400390625]","[395.11907958984375, 109.06908416748047, 496.5614318847656, 324.3862609863281]",0.9552002746016132,0.9596992589833648,0.011980831623077393,-0.0044989843817516695,True,False,300,300,55.162300006486475,55.11880000267411
attack_03,107226,person,D:\project CS\RT-DETRv2-COCO-Attack\source_data\attack_03\clean_images\000000107226.jpg,D:\project CS\RT-DETRv2-COCO-Attack\source_data\attack_03\patched_images\000000107226.jpg,True,True,0.8352319002151489,0.5705320239067078,"[345.98779296875, 76.26249694824219, 479.98175048828125, 418.7849426269531]","[345.4844665527344, 76.53230285644531, 479.8570861816406, 418.0277099609375]",0.8410457349196778,0.8397570018959359,0.26469987630844116,0.0012887330237418837,True,False,300,300,55.63469999469817,55.84310000267578
attack_03,109900,person,D:\project CS\RT-DETRv2-COCO-Attack\source_data\attack_03\clean_images\000000109900.jpg,D:\project CS\RT-DETRv2-COCO-Attack\source_data\attack_03\patched_images\000000109900.jpg,True,True,0.9305288791656494,0.9304270148277283,"[62.7557373046875, 175.8491668701172, 126.40487670898438, 376.3053283691406]","[62.839847564697266, 175.8946075439453, 126.03870391845703, 376.5247802734375]",0.9867349298710455,0.9809430014382954,0.00010186433792114258,0.005791928432750115,True,False,300,300,54.72140000347281,54.71870000474155
attack_03,111036,car,D:\project CS\RT-DETRv2-COCO-Attack\source_data\attack_03\clean_images\000000111036.jpg,D:\project CS\RT-DETRv2-COCO-Attack\source_data\attack_03\patched_images\000000111036.jpg,True,True,0.9224397540092468,0.8268660306930542,"[249.36227416992188, 0.3017902374267578, 424.9801025390625, 140.39166259765625]","[249.28851318359375, 0.9293842315673828, 424.80560302734375, 141.43865966796875]",0.9592336171527263,0.9713146141924538,0.09557372331619263,-0.012080997039727537,True,False,300,300,55.66420000104699,56.55470000056084
attack_03,113720,person,D:\project CS\RT-DETRv2-COCO-Attack\source_data\attack_03\clean_images\000000113720.jpg,D:\project CS\RT-DETRv2-COCO-Attack\source_data\attack_03\patched_images\000000113720.jpg,True,True,0.9389243125915527,0.9311159253120422,"[376.15716552734375, 16.133071899414062, 591.1170654296875, 318.8382873535156]","[379.5802307128906, 16.178409576416016, 591.56884765625, 318.8758850097656]",0.9421245037306256,0.9280370361826339,0.007808387279510498,0.014087467547991728,True,False,300,300,55.642199993599206,55.48199999611825
attack_03,119365,person,D:\project CS\RT-DETRv2-COCO-Attack\source_data\attack_03\clean_images\000000119365.jpg,D:\project CS\RT-DETRv2-COCO-Attack\source_data\attack_03\patched_images\000000119365.jpg,True,True,0.8895471096038818,0.9325047135353088,"[0.524897575378418, 304.4748229980469, 423.89202880859375, 634.1907958984375]","[0.15827178955078125, 302.44775390625, 423.8158874511719, 633.700439453125]",0.9781847351612866,0.9697800472981145,-0.042957603931427,0.008404687863172056,True,False,300,300,55.83560000377474,55.63610000535846
attack_03,121242,car,D:\project CS\RT-DETRv2-COCO-Attack\source_data\attack_03\clean_images\000000121242.jpg,D:\project CS\RT-DETRv2-COCO-Attack\source_data\attack_03\patched_images\000000121242.jpg,False,False,,,,,,,,,False,False,300,300,53.9615000016056,55.11839999962831
attack_03,121497,person,D:\project CS\RT-DETRv2-COCO-Attack\source_data\attack_03\clean_images\000000121497.jpg,D:\project CS\RT-DETRv2-COCO-Attack\source_data\attack_03\patched_images\000000121497.jpg,True,True,0.9218722581863403,0.9118388295173645,"[0.2131366729736328, 1.5842056274414062, 255.65673828125, 476.05181884765625]","[0.3084373474121094, 1.115412712097168, 254.31517028808594, 476.18975830078125]",0.9834583049104499,0.9875870982193969,0.01003342866897583,-0.004128793308946999,True,False,300,300,56.55040000419831,56.05430000287015
attack_03,121506,car,D:\project CS\RT-DETRv2-COCO-Attack\source_data\attack_03\clean_images\000000121506.jpg,D:\project CS\RT-DETRv2-COCO-Attack\source_data\attack_03\patched_images\000000121506.jpg,True,True,0.8355565071105957,0.81647127866745,"[448.70440673828125, 258.2122802734375, 528.635986328125, 303.8056335449219]","[448.6185302734375, 257.85858154296875, 528.573486328125, 303.7454833984375]",0.6268404108653048,0.6250992440846078,0.019085228443145752,0.0017411667806970232,True,False,300,300,55.47800000204006,55.506999997305684
attack_03,122166,car,D:\project CS\RT-DETRv2-COCO-Attack\source_data\attack_03\clean_images\000000122166.jpg,D:\project CS\RT-DETRv2-COCO-Attack\source_data\attack_03\patched_images\000000122166.jpg,True,True,0.9271894097328186,0.8680644631385803,"[162.11709594726562, 264.2261047363281, 324.0528869628906, 416.4896240234375]","[162.3908233642578, 264.3434143066406, 324.1697998046875, 416.593994140625]",0.9646861020291102,0.9634575950564662,0.05912494659423828,0.0012285069726439835,True,False,300,300,54.05420000170125,54.46759999904316
attack_03,124442,person,D:\project CS\RT-DETRv2-COCO-Attack\source_data\attack_03\clean_images\000000124442.jpg,D:\project CS\RT-DETRv2-COCO-Attack\source_data\attack_03\patched_images\000000124442.jpg,True,True,0.9354162216186523,0.9333289265632629,"[192.5520782470703, 168.92161560058594, 286.8345947265625, 381.6807556152344]","[192.6734161376953, 168.89541625976562, 287.1407775878906, 381.54803466796875]",0.9453065344171423,0.9430190593570267,0.0020872950553894043,0.002287475060115618,True,False,300,300,54.62529999931576,55.15739999827929
attack_03,124798,car,D:\project CS\RT-DETRv2-COCO-Attack\source_data\attack_03\clean_images\000000124798.jpg,D:\project CS\RT-DETRv2-COCO-Attack\source_data\attack_03\patched_images\000000124798.jpg,True,True,0.9192779660224915,0.9148886203765869,"[577.2877197265625, 310.8758239746094, 639.8236083984375, 424.92510986328125]","[577.0804443359375, 310.8911437988281, 639.827392578125, 424.5357666015625]",0.9442270705912706,0.9442556961687839,0.004389345645904541,-2.8625577513263778e-05,True,False,300,300,54.21409999689786,54.24720000155503
attack_03,125778,car,D:\project CS\RT-DETRv2-COCO-Attack\source_data\attack_03\clean_images\000000125778.jpg,D:\project CS\RT-DETRv2-COCO-Attack\source_data\attack_03\patched_images\000000125778.jpg,False,False,,,,,,,,,False,False,300,300,54.52389999845764,54.095799998322036
attack_03,127092,car,D:\project CS\RT-DETRv2-COCO-Attack\source_data\attack_03\clean_images\000000127092.jpg,D:\project CS\RT-DETRv2-COCO-Attack\source_data\attack_03\patched_images\000000127092.jpg,True,True,0.9359801411628723,0.9302139282226562,"[145.21337890625, 409.6068420410156, 218.76817321777344, 457.908935546875]","[145.0914764404297, 408.85723876953125, 218.72402954101562, 457.946533203125]",0.929544250666798,0.9421844126982254,0.0057662129402160645,-0.012640162031427371,True,False,300,300,54.357000000891276,54.54479999752948
attack_03,127394,person,D:\project CS\RT-DETRv2-COCO-Attack\source_data\attack_03\clean_images\000000127394.jpg,D:\project CS\RT-DETRv2-COCO-Attack\source_data\attack_03\patched_images\000000127394.jpg,True,True,0.8944715261459351,0.9134376645088196,"[-0.03191424161195755, 85.7639389038086, 91.82799530029297, 348.5443420410156]","[-0.07235479354858398, 85.78334045410156, 91.91456604003906, 341.32647705078125]",0.944914354058199,0.972040316084967,-0.01896613836288452,-0.02712596202676798,True,False,300,300,55.66059999546269,55.847499999799766
attack_03,130386,car,D:\project CS\RT-DETRv2-COCO-Attack\source_data\attack_03\clean_images\000000130386.jpg,D:\project CS\RT-DETRv2-COCO-Attack\source_data\attack_03\patched_images\000000130386.jpg,True,True,0.904944658279419,0.9046737551689148,"[172.1403350830078, 435.7718505859375, 228.27870178222656, 466.5293884277344]","[172.11212158203125, 435.812255859375, 228.43753051757812, 466.58184814453125]",0.8732225652938388,0.8739180486376119,0.0002709031105041504,-0.0006954833437731178,True,False,300,300,54.05350000364706,54.64909999864176
attack_03,133244,person,D:\project CS\RT-DETRv2-COCO-Attack\source_data\attack_03\clean_images\000000133244.jpg,D:\project CS\RT-DETRv2-COCO-Attack\source_data\attack_03\patched_images\000000133244.jpg,False,False,,,,,,,,,False,False,300,300,55.06310000055237,55.162600001494866
attack_03,134886,car,D:\project CS\RT-DETRv2-COCO-Attack\source_data\attack_03\clean_images\000000134886.jpg,D:\project CS\RT-DETRv2-COCO-Attack\source_data\attack_03\patched_images\000000134886.jpg,True,True,0.8030964136123657,0.7887592315673828,"[429.6160888671875, 373.8833923339844, 494.4477844238281, 434.61181640625]","[429.341064453125, 373.7900695800781, 495.3691101074219, 434.3595886230469]",0.9660837537385845,0.9619266806681133,0.01433718204498291,0.0041570730704711956,True,False,300,300,54.41869999776827,54.514499999640975
attack_03,137246,person,D:\project CS\RT-DETRv2-COCO-Attack\source_data\attack_03\clean_images\000000137246.jpg,D:\project CS\RT-DETRv2-COCO-Attack\source_data\attack_03\patched_images\000000137246.jpg,True,True,0.871795654296875,0.8736256957054138,"[134.2210693359375, 71.74595642089844, 328.6952209472656, 331.5852355957031]","[134.1810302734375, 71.66486358642578, 355.8309631347656, 331.529541015625]",0.9669759241479967,0.8483352127832059,-0.0018300414085388184,0.11864071136479082,True,False,300,300,55.18829999346053,55.455200003052596
attack_03,138979,car,D:\project CS\RT-DETRv2-COCO-Attack\source_data\attack_03\clean_images\000000138979.jpg,D:\project CS\RT-DETRv2-COCO-Attack\source_data\attack_03\patched_images\000000138979.jpg,True,True,0.8945509791374207,0.8542274832725525,"[316.2877502441406, 178.28543090820312, 640.042236328125, 422.2944030761719]","[317.34674072265625, 178.4341278076172, 640.304931640625, 422.1632385253906]",0.9641303403106194,0.9601526483436467,0.040323495864868164,0.0039776919669727295,True,False,300,300,55.30949999956647,54.78279999806546
attack_03,140987,person,D:\project CS\RT-DETRv2-COCO-Attack\source_data\attack_03\clean_images\000000140987.jpg,D:\project CS\RT-DETRv2-COCO-Attack\source_data\attack_03\patched_images\000000140987.jpg,True,True,0.9479399919509888,0.942448079586029,"[53.74624252319336, 139.20962524414062, 371.5818176269531, 440.89691162109375]","[52.8857536315918, 139.50860595703125, 371.99835205078125, 440.006103515625]",0.9467313423818909,0.9448098027763657,0.005491912364959717,0.0019215396055252132,True,False,300,300,55.46009999670787,55.92189999879338
attack_03,143068,person,D:\project CS\RT-DETRv2-COCO-Attack\source_data\attack_03\clean_images\000000143068.jpg,D:\project CS\RT-DETRv2-COCO-Attack\source_data\attack_03\patched_images\000000143068.jpg,False,False,,,,,,,,,False,False,300,300,54.60540000058245,53.928900000755675
attack_03,144333,car,D:\project CS\RT-DETRv2-COCO-Attack\source_data\attack_03\clean_images\000000144333.jpg,D:\project CS\RT-DETRv2-COCO-Attack\source_data\attack_03\patched_images\000000144333.jpg,True,True,0.3941250145435333,0.6401396989822388,"[0.38893550634384155, 133.04946899414062, 268.69683837890625, 271.3702392578125]","[0.49865251779556274, 132.03451538085938, 267.60333251953125, 271.5542907714844]",0.9567770956582051,0.9551045843449727,-0.24601468443870544,0.0016725113132324276,True,False,300,300,55.975900002522394,55.6496999997762
attack_03,147338,car,D:\project CS\RT-DETRv2-COCO-Attack\source_data\attack_03\clean_images\000000147338.jpg,D:\project CS\RT-DETRv2-COCO-Attack\source_data\attack_03\patched_images\000000147338.jpg,True,True,0.6285536885261536,0.2759043872356415,"[0.15520334243774414, 75.78251647949219, 187.06295776367188, 211.63949584960938]","[48.40452575683594, 76.08717346191406, 187.5767059326172, 188.682861328125]",0.979794410434714,0.6106254802290554,0.3526493012905121,0.36916893020565866,True,False,300,300,55.23009999888018,55.2389000004041
attack_03,147740,car,D:\project CS\RT-DETRv2-COCO-Attack\source_data\attack_03\clean_images\000000147740.jpg,D:\project CS\RT-DETRv2-COCO-Attack\source_data\attack_03\patched_images\000000147740.jpg,False,False,,,,,,,,,False,False,300,300,55.44069999450585,55.37739999999758
attack_03,151962,person,D:\project CS\RT-DETRv2-COCO-Attack\source_data\attack_03\clean_images\000000151962.jpg,D:\project CS\RT-DETRv2-COCO-Attack\source_data\attack_03\patched_images\000000151962.jpg,False,False,,,,,,,,,False,False,300,300,55.189799997606315,55.3899000005913
attack_03,155341,car,D:\project CS\RT-DETRv2-COCO-Attack\source_data\attack_03\clean_images\000000155341.jpg,D:\project CS\RT-DETRv2-COCO-Attack\source_data\attack_03\patched_images\000000155341.jpg,True,True,0.9500942230224609,0.9501547813415527,"[151.56529235839844, 285.5925598144531, 394.7109680175781, 413.69781494140625]","[151.7666015625, 285.3611755371094, 394.7398681640625, 413.3037109375]",0.9717104698733262,0.9711598687498791,-6.0558319091796875e-05,0.0005506011234470698,True,False,300,300,54.727100003219675,54.55860000074608
attack_03,157767,person,D:\project CS\RT-DETRv2-COCO-Attack\source_data\attack_03\clean_images\000000157767.jpg,D:\project CS\RT-DETRv2-COCO-Attack\source_data\attack_03\patched_images\000000157767.jpg,True,True,0.9422004818916321,0.9427212476730347,"[195.54925537109375, 144.23782348632812, 316.58544921875, 423.7331237792969]","[195.8612060546875, 144.03504943847656, 316.5094299316406, 423.7604064941406]",0.9641071670343525,0.966411990089848,-0.0005207657814025879,-0.0023048230554955085,True,False,300,300,54.91189999884227,54.626199998892844
attack_03,157928,car,D:\project CS\RT-DETRv2-COCO-Attack\source_data\attack_03\clean_images\000000157928.jpg,D:\project CS\RT-DETRv2-COCO-Attack\source_data\attack_03\patched_images\000000157928.jpg,True,True,0.8801823854446411,0.8291473388671875,"[0.058121681213378906, 100.9311752319336, 102.68759155273438, 249.07986450195312]","[0.05408763885498047, 100.6860580444336, 101.66187286376953, 249.29254150390625]",0.922945932693638,0.9141723276878875,0.05103504657745361,0.008773605005750529,True,False,300,300,55.579499996383674,54.52710000099614
attack_03,158744,car,D:\project CS\RT-DETRv2-COCO-Attack\source_data\attack_03\clean_images\000000158744.jpg,D:\project CS\RT-DETRv2-COCO-Attack\source_data\attack_03\patched_images\000000158744.jpg,True,True,0.8979955911636353,0.8160791397094727,"[592.6061401367188, 92.81749725341797, 639.8743286132812, 125.12004089355469]","[592.7894287109375, 92.78791809082031, 639.7335205078125, 123.72774505615234]",0.8563092509119148,0.9011684310023947,0.0819164514541626,-0.044859180090479955,True,False,300,300,58.48680000053719,58.14480000117328
attack_03,159791,person,D:\project CS\RT-DETRv2-COCO-Attack\source_data\attack_03\clean_images\000000159791.jpg,D:\project CS\RT-DETRv2-COCO-Attack\source_data\attack_03\patched_images\000000159791.jpg,False,False,,,,,,,,,False,False,300,300,54.96830000629416,54.77739999332698
attack_03,160012,car,D:\project CS\RT-DETRv2-COCO-Attack\source_data\attack_03\clean_images\000000160012.jpg,D:\project CS\RT-DETRv2-COCO-Attack\source_data\attack_03\patched_images\000000160012.jpg,True,True,0.901646614074707,0.86041259765625,"[500.6813049316406, 7.261985778808594, 615.8828735351562, 67.8806381225586]","[500.63006591796875, 7.423527240753174, 616.1951904296875, 66.93257904052734]",0.8345945704695831,0.8180951437209257,0.04123401641845703,0.016499426748657342,True,False,300,300,62.399100002949126,57.29280000377912
attack_03,162415,person,D:\project CS\RT-DETRv2-COCO-Attack\source_data\attack_03\clean_images\000000162415.jpg,D:\project CS\RT-DETRv2-COCO-Attack\source_data\attack_03\patched_images\000000162415.jpg,True,True,0.9672194123268127,0.9677627086639404,"[36.77100372314453, 102.30363464355469, 480.4607849121094, 635.1547241210938]","[36.22255325317383, 102.03962707519531, 480.70526123046875, 634.9160766601562]",0.9642600140551506,0.9645277769042244,-0.0005432963371276855,-0.000267762849073816,True,False,300,300,56.09309999999823,56.2874000024749
attack_03,167122,car,D:\project CS\RT-DETRv2-COCO-Attack\source_data\attack_03\clean_images\000000167122.jpg,D:\project CS\RT-DETRv2-COCO-Attack\source_data\attack_03\patched_images\000000167122.jpg,True,True,0.7879360318183899,0.8645785450935364,"[34.2449951171875, 201.8007354736328, 635.5948486328125, 474.65380859375]","[35.21930694580078, 202.18211364746094, 637.0603637695312, 474.7840881347656]",0.9218079350953525,0.9242438900663168,-0.07664251327514648,-0.0024359549709642714,True,False,300,300,55.39410000346834,55.57940000289818
attack_03,169169,car,D:\project CS\RT-DETRv2-COCO-Attack\source_data\attack_03\clean_images\000000169169.jpg,D:\project CS\RT-DETRv2-COCO-Attack\source_data\attack_03\patched_images\000000169169.jpg,True,True,0.7903241515159607,0.7351691126823425,"[394.6403503417969, 364.88360595703125, 484.4914245605469, 408.28497314453125]","[395.592041015625, 364.3887023925781, 484.126953125, 408.2803955078125]",0.9592852048740298,0.9400402027075814,0.055155038833618164,0.01924500216644842,True,False,300,300,55.1430999985314,54.56620000040857
attack_03,170099,person,D:\project CS\RT-DETRv2-COCO-Attack\source_data\attack_03\clean_images\000000170099.jpg,D:\project CS\RT-DETRv2-COCO-Attack\source_data\attack_03\patched_images\000000170099.jpg,True,True,0.9679526686668396,0.965892493724823,"[10.307044982910156, 33.066322326660156, 361.554931640625, 473.9255676269531]","[10.520076751708984, 33.2051887512207, 361.5572509765625, 473.937744140625]",0.9723763365809553,0.973248844103153,0.0020601749420166016,-0.0008725075221976963,True,False,300,300,55.985599996347446,55.830500001320615
attack_03,171788,person,D:\project CS\RT-DETRv2-COCO-Attack\source_data\attack_03\clean_images\000000171788.jpg,D:\project CS\RT-DETRv2-COCO-Attack\source_data\attack_03\patched_images\000000171788.jpg,True,True,0.9573952555656433,0.9416576027870178,"[59.83970260620117, 108.5799789428711, 426.33929443359375, 634.2789916992188]","[61.88410568237305, 109.92391967773438, 423.3975524902344, 632.9736328125]",0.9700201534386983,0.9684512294620836,0.01573765277862549,0.0015689239766146779,True,False,300,300,55.354099997202866,56.25850000069477
attack_03,173302,person,D:\project CS\RT-DETRv2-COCO-Attack\source_data\attack_03\clean_images\000000173302.jpg,D:\project CS\RT-DETRv2-COCO-Attack\source_data\attack_03\patched_images\000000173302.jpg,True,True,0.8859201669692993,0.8833582997322083,"[265.9870910644531, 166.92051696777344, 314.1014099121094, 226.99502563476562]","[266.3623352050781, 166.81581115722656, 314.02545166015625, 227.0283966064453]",0.9483996018308829,0.9416562742633368,0.0025618672370910645,0.006743327567546142,True,False,300,300,54.2187000028207,55.697100004181266
attack_03,176606,car,D:\project CS\RT-DETRv2-COCO-Attack\source_data\attack_03\clean_images\000000176606.jpg,D:\project CS\RT-DETRv2-COCO-Attack\source_data\attack_03\patched_images\000000176606.jpg,True,True,0.9160857200622559,0.9184221625328064,"[62.75861358642578, 196.08798217773438, 128.1460418701172, 249.19358825683594]","[62.578853607177734, 196.31947326660156, 128.2407989501953, 249.25860595703125]",0.96923055079165,0.9650443738674888,-0.002336442470550537,0.0041861769241612334,True,False,300,300,54.489600006490946,54.92930000036722
attack_03,177934,car,D:\project CS\RT-DETRv2-COCO-Attack\source_data\attack_03\clean_images\000000177934.jpg,D:\project CS\RT-DETRv2-COCO-Attack\source_data\attack_03\patched_images\000000177934.jpg,True,True,0.8462491631507874,0.898902952671051,"[458.14105224609375, 157.05172729492188, 555.3751831054688, 240.3806915283203]","[457.74713134765625, 157.1790771484375, 555.757568359375, 240.65139770507812]",0.883796627444111,0.882002450808528,-0.05265378952026367,0.0017941766355830113,True,False,300,300,54.492100003699306,54.28419999952894
attack_03,179141,person,D:\project CS\RT-DETRv2-COCO-Attack\source_data\attack_03\clean_images\000000179141.jpg,D:\project CS\RT-DETRv2-COCO-Attack\source_data\attack_03\patched_images\000000179141.jpg,False,False,,,,,,,,,False,False,300,300,56.754600002022926,56.86839999543736
attack_03,179174,person,D:\project CS\RT-DETRv2-COCO-Attack\source_data\attack_03\clean_images\000000179174.jpg,D:\project CS\RT-DETRv2-COCO-Attack\source_data\attack_03\patched_images\000000179174.jpg,True,True,0.8822276592254639,0.8814252018928528,"[390.6177673339844, 109.8101806640625, 417.865234375, 182.6419677734375]","[390.32965087890625, 110.06997680664062, 417.22802734375, 182.4946746826172]",0.9006030053428035,0.9174190091920035,0.000802457332611084,-0.016816003849200012,True,False,300,300,55.2657999942312,54.78100000618724
attack_03,183709,person,D:\project CS\RT-DETRv2-COCO-Attack\source_data\attack_03\clean_images\000000183709.jpg,D:\project CS\RT-DETRv2-COCO-Attack\source_data\attack_03\patched_images\000000183709.jpg,True,True,0.9514527916908264,0.9538962841033936,"[77.0791015625, 217.74380493164062, 316.6605224609375, 634.3641357421875]","[76.4205093383789, 218.7271728515625, 316.8985290527344, 634.6915283203125]",0.9803566828019704,0.9737073626886358,-0.0024434924125671387,0.006649320113334634,True,False,300,300,54.800199999590404,54.30369999521645
attack_03,184324,car,D:\project CS\RT-DETRv2-COCO-Attack\source_data\attack_03\clean_images\000000184324.jpg,D:\project CS\RT-DETRv2-COCO-Attack\source_data\attack_03\patched_images\000000184324.jpg,True,True,0.8387710452079773,0.8905172944068909,"[276.0656433105469, 237.69677734375, 344.4586486816406, 269.521484375]","[276.27215576171875, 237.85275268554688, 344.4879150390625, 269.3710021972656]",0.9445157394750316,0.9385819973194718,-0.051746249198913574,0.005933742155559862,True,False,300,300,54.797500000859145,54.5540000020992
attack_03,184611,person,D:\project CS\RT-DETRv2-COCO-Attack\source_data\attack_03\clean_images\000000184611.jpg,D:\project CS\RT-DETRv2-COCO-Attack\source_data\attack_03\patched_images\000000184611.jpg,False,False,,,,,,,,,False,False,300,300,54.69499999890104,54.80630000238307
attack_03,188296,car,D:\project CS\RT-DETRv2-COCO-Attack\source_data\attack_03\clean_images\000000188296.jpg,D:\project CS\RT-DETRv2-COCO-Attack\source_data\attack_03\patched_images\000000188296.jpg,True,True,0.821187436580658,0.5265392661094666,"[0.010204315185546875, 290.64093017578125, 120.0490493774414, 387.46844482421875]","[0.05494117736816406, 289.3672790527344, 121.06143188476562, 387.2078552246094]",0.9507576861724238,0.9529882664948741,0.2946481704711914,-0.0022305803224502707,True,False,300,300,55.29390000447165,55.26280000049155
attack_03,190923,person,D:\project CS\RT-DETRv2-COCO-Attack\source_data\attack_03\clean_images\000000190923.jpg,D:\project CS\RT-DETRv2-COCO-Attack\source_data\attack_03\patched_images\000000190923.jpg,False,False,,,,,,,,,False,False,300,300,54.14860000018962,54.49349999980768
attack_03,191288,person,D:\project CS\RT-DETRv2-COCO-Attack\source_data\attack_03\clean_images\000000191288.jpg,D:\project CS\RT-DETRv2-COCO-Attack\source_data\attack_03\patched_images\000000191288.jpg,True,True,0.9206072092056274,0.8933610320091248,"[256.2320251464844, 0.7471084594726562, 397.1903076171875, 209.4229736328125]","[258.6000671386719, 0.45107603073120117, 397.0839538574219, 209.47222900390625]",0.9101830090531042,0.9233050737638611,0.027246177196502686,-0.013122064710756831,True,False,300,300,55.34299999999348,55.65760000172304
attack_03,192716,car,D:\project CS\RT-DETRv2-COCO-Attack\source_data\attack_03\clean_images\000000192716.jpg,D:\project CS\RT-DETRv2-COCO-Attack\source_data\attack_03\patched_images\000000192716.jpg,True,True,0.9238784909248352,0.9202775955200195,"[136.69581604003906, 595.996826171875, 234.675048828125, 639.943603515625]","[137.07081604003906, 596.3887939453125, 235.0576934814453, 639.9724731445312]",0.9684957879974083,0.9605546481249297,0.003600895404815674,0.007941139872478575,True,False,300,300,54.877300004591234,54.81370000052266
attack_03,196141,car,D:\project CS\RT-DETRv2-COCO-Attack\source_data\attack_03\clean_images\000000196141.jpg,D:\project CS\RT-DETRv2-COCO-Attack\source_data\attack_03\patched_images\000000196141.jpg,True,False,0.6931614875793457,,"[461.8298034667969, 74.12299346923828, 583.416259765625, 138.96676635742188]",,0.8911723881560055,,,,True,True,300,300,54.81010000221431,54.45869999675779
attack_03,196759,car,D:\project CS\RT-DETRv2-COCO-Attack\source_data\attack_03\clean_images\000000196759.jpg,D:\project CS\RT-DETRv2-COCO-Attack\source_data\attack_03\patched_images\000000196759.jpg,True,True,0.8780595660209656,0.8505767583847046,"[574.910400390625, 227.8532257080078, 625.8516235351562, 254.96942138671875]","[574.3399047851562, 227.683837890625, 624.3350219726562, 254.75987243652344]",0.9241349151995211,0.8751904822026626,0.027482807636260986,0.04894443299685847,True,False,300,300,54.12780000187922,54.63249999593245
attack_03,197658,person,D:\project CS\RT-DETRv2-COCO-Attack\source_data\attack_03\clean_images\000000197658.jpg,D:\project CS\RT-DETRv2-COCO-Attack\source_data\attack_03\patched_images\000000197658.jpg,True,True,0.9685209393501282,0.9696075320243835,"[153.08529663085938, 141.2220001220703, 564.5482788085938, 579.0396118164062]","[152.5723419189453, 140.67593383789062, 564.4415283203125, 578.3297119140625]",0.9315824905575824,0.929257656685938,-0.001086592674255371,0.002324833871644394,True,False,300,300,54.98239999724319,54.78379999840399
attack_03,199236,person,D:\project CS\RT-DETRv2-COCO-Attack\source_data\attack_03\clean_images\000000199236.jpg,D:\project CS\RT-DETRv2-COCO-Attack\source_data\attack_03\patched_images\000000199236.jpg,False,False,,,,,,,,,False,False,300,300,54.722100001527,54.746699999668635
attack_03,200421,person,D:\project CS\RT-DETRv2-COCO-Attack\source_data\attack_03\clean_images\000000200421.jpg,D:\project CS\RT-DETRv2-COCO-Attack\source_data\attack_03\patched_images\000000200421.jpg,True,True,0.8445902466773987,0.841018795967102,"[123.24779510498047, 128.88919067382812, 500.2022705078125, 474.85089111328125]","[123.5634994506836, 130.8633270263672, 500.9619140625, 474.55328369140625]",0.963818730864726,0.961862335214911,0.003571450710296631,0.0019563956498149793,True,False,300,300,56.00179999601096,56.16659999941476
attack_03,201934,car,D:\project CS\RT-DETRv2-COCO-Attack\source_data\attack_03\clean_images\000000201934.jpg,D:\project CS\RT-DETRv2-COCO-Attack\source_data\attack_03\patched_images\000000201934.jpg,True,True,0.31742385029792786,0.8118079304695129,"[261.1029968261719, 160.67857360839844, 298.06597900390625, 194.57225036621094]","[275.892578125, 161.49974060058594, 297.2021484375, 194.33740234375]",0.885823877345753,0.5581915529104364,-0.4943840801715851,0.32763232443531654,True,False,300,300,54.66179999348242,54.367299999285024
attack_03,206579,person,D:\project CS\RT-DETRv2-COCO-Attack\source_data\attack_03\clean_images\000000206579.jpg,D:\project CS\RT-DETRv2-COCO-Attack\source_data\attack_03\patched_images\000000206579.jpg,True,True,0.8840606212615967,0.9269673824310303,"[1.3487052917480469, 1.5470123291015625, 437.2645568847656, 475.8585205078125]","[1.2678718566894531, 1.8519258499145508, 438.50396728515625, 474.6925048828125]",0.9887889726079515,0.9879678559006174,-0.042906761169433594,0.0008211167073340908,True,False,300,300,56.11720000160858,55.579299994860776
attack_03,210273,car,D:\project CS\RT-DETRv2-COCO-Attack\source_data\attack_03\clean_images\000000210273.jpg,D:\project CS\RT-DETRv2-COCO-Attack\source_data\attack_03\patched_images\000000210273.jpg,False,False,,,,,,,,,False,False,300,300,54.36040000495268,53.7525000036112
attack_03,212573,car,D:\project CS\RT-DETRv2-COCO-Attack\source_data\attack_03\clean_images\000000212573.jpg,D:\project CS\RT-DETRv2-COCO-Attack\source_data\attack_03\patched_images\000000212573.jpg,True,True,0.941443920135498,0.9354385733604431,"[-0.04787445068359375, 116.67820739746094, 169.32379150390625, 260.4809265136719]","[-0.14754295349121094, 116.97966766357422, 169.24636840820312, 259.2586364746094]",0.9463198961341086,0.9563289951090772,0.006005346775054932,-0.0100090989749686,True,False,300,300,54.26379999698838,54.098499997053295
attack_03,213547,person,D:\project CS\RT-DETRv2-COCO-Attack\source_data\attack_03\clean_images\000000213547.jpg,D:\project CS\RT-DETRv2-COCO-Attack\source_data\attack_03\patched_images\000000213547.jpg,True,True,0.9027352929115295,0.8845616579055786,"[117.91943359375, 134.98980712890625, 350.55157470703125, 613.718505859375]","[117.68610382080078, 127.7022705078125, 351.0821228027344, 611.085205078125]",0.9337637363064799,0.9261283908179861,0.018173635005950928,0.007635345488493761,True,False,300,300,54.50169999676291,55.04269999801181
attack_03,213593,car,D:\project CS\RT-DETRv2-COCO-Attack\source_data\attack_03\clean_images\000000213593.jpg,D:\project CS\RT-DETRv2-COCO-Attack\source_data\attack_03\patched_images\000000213593.jpg,True,True,0.8103916049003601,0.8168269991874695,"[199.1753387451172, 377.3664245605469, 271.2605285644531, 425.90826416015625]","[198.79544067382812, 377.6542053222656, 271.6813659667969, 425.9045104980469]",0.9407675459545444,0.9399184070621662,-0.006435394287109375,0.0008491388923781429,True,False,300,300,54.851399996550754,54.30869999690913
attack_03,213605,car,D:\project CS\RT-DETRv2-COCO-Attack\source_data\attack_03\clean_images\000000213605.jpg,D:\project CS\RT-DETRv2-COCO-Attack\source_data\attack_03\patched_images\000000213605.jpg,True,True,0.9375442862510681,0.929270327091217,"[357.8212890625, 445.2145690917969, 480.0283203125, 592.775146484375]","[357.73455810546875, 445.2044677734375, 479.9927062988281, 592.6649169921875]",0.9894959572324822,0.9898888499113488,0.008273959159851074,-0.0003928926788666631,True,False,300,300,54.274699999950826,54.76440000347793
attack_03,214200,car,D:\project CS\RT-DETRv2-COCO-Attack\source_data\attack_03\clean_images\000000214200.jpg,D:\project CS\RT-DETRv2-COCO-Attack\source_data\attack_03\patched_images\000000214200.jpg,True,True,0.9648213982582092,0.9636592864990234,"[26.959535598754883, 487.7132568359375, 427.0535583496094, 631.49462890625]","[26.87405776977539, 487.5580139160156, 426.9367370605469, 631.202880859375]",0.9603237363527243,0.9631148300743644,0.001162111759185791,-0.0027910937216401033,True,False,300,300,54.36390000249958,54.74970000068424
attack_03,215723,person,D:\project CS\RT-DETRv2-COCO-Attack\source_data\attack_03\clean_images\000000215723.jpg,D:\project CS\RT-DETRv2-COCO-Attack\source_data\attack_03\patched_images\000000215723.jpg,True,True,0.9189260005950928,0.9121761322021484,"[176.918701171875, 113.68538665771484, 297.2854919433594, 259.9659423828125]","[176.7267608642578, 113.4006576538086, 294.6003723144531, 259.967529296875]",0.956852391879025,0.9420435030581858,0.006749868392944336,0.014808888820839194,True,False,300,300,55.85679999785498,55.68630000198027
attack_03,222094,car,D:\project CS\RT-DETRv2-COCO-Attack\source_data\attack_03\clean_images\000000222094.jpg,D:\project CS\RT-DETRv2-COCO-Attack\source_data\attack_03\patched_images\000000222094.jpg,True,True,0.4115557372570038,0.3920000493526459,"[28.64868927001953, 214.42526245117188, 111.85765075683594, 242.51478576660156]","[27.48320198059082, 214.49960327148438, 111.9676742553711, 242.44375610351562]",0.8992042056545576,0.9102626338330633,0.01955568790435791,-0.011058428178505664,True,False,300,300,54.44569999963278,53.54500000248663
attack_03,223747,person,D:\project CS\RT-DETRv2-COCO-Attack\source_data\attack_03\clean_images\000000223747.jpg,D:\project CS\RT-DETRv2-COCO-Attack\source_data\attack_03\patched_images\000000223747.jpg,False,False,,,,,,,,,False,False,300,300,57.14789999910863,57.08980000053998
attack_03,224222,person,D:\project CS\RT-DETRv2-COCO-Attack\source_data\attack_03\clean_images\000000224222.jpg,D:\project CS\RT-DETRv2-COCO-Attack\source_data\attack_03\patched_images\000000224222.jpg,True,True,0.9391313791275024,0.9403848648071289,"[259.611572265625, 76.19281768798828, 327.0353698730469, 189.21693420410156]","[259.7494812011719, 76.1099853515625, 327.040771484375, 189.42877197265625]",0.9597789814779488,0.9568893301441989,-0.0012534856796264648,0.002889651333749965,True,False,300,300,54.57100000057835,54.10760000086157
attack_03,226662,person,D:\project CS\RT-DETRv2-COCO-Attack\source_data\attack_03\clean_images\000000226662.jpg,D:\project CS\RT-DETRv2-COCO-Attack\source_data\attack_03\patched_images\000000226662.jpg,True,True,0.7410340905189514,0.5070449113845825,"[476.0011291503906, 12.052433967590332, 566.6810302734375, 208.86721801757812]","[478.6412353515625, 12.330462455749512, 573.957275390625, 208.0757293701172]",0.8442749841749397,0.8007022515223193,0.2339891791343689,0.043572732652620405,True,False,300,300,56.26510000001872,57.02630000450881
attack_03,227898,car,D:\project CS\RT-DETRv2-COCO-Attack\source_data\attack_03\clean_images\000000227898.jpg,D:\project CS\RT-DETRv2-COCO-Attack\source_data\attack_03\patched_images\000000227898.jpg,True,True,0.8704509735107422,0.8748615980148315,"[578.98388671875, 188.7840118408203, 639.9697875976562, 304.0750427246094]","[578.7154541015625, 188.9351043701172, 639.9628295898438, 304.0485534667969]",0.9591534727984904,0.9617820948614787,-0.0044106245040893555,-0.002628622062988306,True,False,300,300,54.610999999567866,54.713099998480175
attack_03,229358,person,D:\project CS\RT-DETRv2-COCO-Attack\source_data\attack_03\clean_images\000000229358.jpg,D:\project CS\RT-DETRv2-COCO-Attack\source_data\attack_03\patched_images\000000229358.jpg,True,True,0.5342169404029846,0.48014941811561584,"[459.46356201171875, 0.9782300591468811, 639.6682739257812, 419.5981750488281]","[460.56695556640625, 0.9445205926895142, 639.6016845703125, 419.9551696777344]",0.9607132165850526,0.9670761315011229,0.054067522287368774,-0.006362914916070328,True,False,300,300,54.21189999469789,54.57889999524923
attack_03,230008,car,D:\project CS\RT-DETRv2-COCO-Attack\source_data\attack_03\clean_images\000000230008.jpg,D:\project CS\RT-DETRv2-COCO-Attack\source_data\attack_03\patched_images\000000230008.jpg,True,True,0.9417433142662048,0.9426640272140503,"[418.2174072265625, 75.81261444091797, 640.1226196289062, 312.5176086425781]","[414.76812744140625, 75.78108215332031, 640.1602172851562, 312.5339660644531]",0.9164836560739595,0.902434930149444,-0.000920712947845459,0.01404872592451556,True,False,300,300,55.58339999697637,55.14050000056159
attack_03,236845,car,D:\project CS\RT-DETRv2-COCO-Attack\source_data\attack_03\clean_images\000000236845.jpg,D:\project CS\RT-DETRv2-COCO-Attack\source_data\attack_03\patched_images\000000236845.jpg,True,True,0.8776666522026062,0.8289067149162292,"[48.22732925415039, 424.7574157714844, 101.33841705322266, 466.782958984375]","[50.8792610168457, 424.92242431640625, 101.61376190185547, 466.18505859375]",0.8788745088913716,0.8227753128652192,0.04875993728637695,0.05609919602615243,True,False,300,300,54.71940000279574,54.896599998755846
attack_03,242678,person,D:\project CS\RT-DETRv2-COCO-Attack\source_data\attack_03\clean_images\000000242678.jpg,D:\project CS\RT-DETRv2-COCO-Attack\source_data\attack_03\patched_images\000000242678.jpg,True,True,0.8291626572608948,0.7491140961647034,"[351.08892822265625, 164.51734924316406, 405.3016662597656, 229.53895568847656]","[351.5306091308594, 164.4593963623047, 405.4071044921875, 228.50338745117188]",0.8233412852166216,0.8430354513956932,0.0800485610961914,-0.019694166179071604,True,False,300,300,54.63919999601785,53.84040000353707
attack_03,245026,person,D:\project CS\RT-DETRv2-COCO-Attack\source_data\attack_03\clean_images\000000245026.jpg,D:\project CS\RT-DETRv2-COCO-Attack\source_data\attack_03\patched_images\000000245026.jpg,True,True,0.9565839767456055,0.9531514644622803,"[176.55091857910156, 32.52593231201172, 426.3456726074219, 304.2469787597656]","[176.4550018310547, 32.55937957763672, 426.49285888671875, 306.1385803222656]",0.9749372423708811,0.9808102951637626,0.0034325122833251953,-0.005873052792881528,True,False,300,300,55.532800004584715,55.956600001081824
attack_03,245320,car,D:\project CS\RT-DETRv2-COCO-Attack\source_data\attack_03\clean_images\000000245320.jpg,D:\project CS\RT-DETRv2-COCO-Attack\source_data\attack_03\patched_images\000000245320.jpg,False,False,,,,,,,,,False,False,300,300,54.83529999764869,54.833800000778865
attack_03,253742,person,D:\project CS\RT-DETRv2-COCO-Attack\source_data\attack_03\clean_images\000000253742.jpg,D:\project CS\RT-DETRv2-COCO-Attack\source_data\attack_03\patched_images\000000253742.jpg,True,True,0.9498550891876221,0.9541490077972412,"[389.54852294921875, 93.72567749023438, 526.0364990234375, 473.4024353027344]","[390.2433776855469, 94.06742858886719, 525.4332885742188, 472.9558410644531]",0.954271452527918,0.9549557622726066,-0.004293918609619141,-0.0006843097446885826,True,False,300,300,55.08080000436166,55.25409999972908
attack_03,254516,person,D:\project CS\RT-DETRv2-COCO-Attack\source_data\attack_03\clean_images\000000254516.jpg,D:\project CS\RT-DETRv2-COCO-Attack\source_data\attack_03\patched_images\000000254516.jpg,True,True,0.9189188480377197,0.9233949184417725,"[213.96844482421875, 91.91751861572266, 405.64117431640625, 422.8835754394531]","[213.62042236328125, 92.18151092529297, 404.1284484863281, 423.100341796875]",0.9682897225623481,0.9743485582190434,-0.004476070404052734,-0.006058835656695294,True,False,300,300,56.00910000066506,56.11660000431584
attack_03,257370,person,D:\project CS\RT-DETRv2-COCO-Attack\source_data\attack_03\clean_images\000000257370.jpg,D:\project CS\RT-DETRv2-COCO-Attack\source_data\attack_03\patched_images\000000257370.jpg,True,True,0.9626695513725281,0.9630022644996643,"[0.7931804656982422, 49.28669738769531, 186.20281982421875, 475.6876220703125]","[0.5651569366455078, 49.25535583496094, 186.13735961914062, 475.6156005859375]",0.9625890161954355,0.9642240137417608,-0.00033271312713623047,-0.0016349975463253452,True,False,300,300,54.17309999756981,54.73889999848325
attack_03,258883,person,D:\project CS\RT-DETRv2-COCO-Attack\source_data\attack_03\clean_images\000000258883.jpg,D:\project CS\RT-DETRv2-COCO-Attack\source_data\attack_03\patched_images\000000258883.jpg,True,True,0.8963216543197632,0.8426617383956909,"[0.2056083083152771, 130.41790771484375, 281.88043212890625, 349.4707946777344]","[0.3366161584854126, 130.5106201171875, 282.17626953125, 354.1778564453125]",0.7635773660447946,0.7498654893574543,0.053659915924072266,0.013711876687340308,True,False,300,300,55.879100000311155,56.10300000262214
attack_03,259690,car,D:\project CS\RT-DETRv2-COCO-Attack\source_data\attack_03\clean_images\000000259690.jpg,D:\project CS\RT-DETRv2-COCO-Attack\source_data\attack_03\patched_images\000000259690.jpg,True,True,0.3338141441345215,0.3180335760116577,"[495.9566955566406, 113.25399780273438, 575.5182495117188, 151.72222900390625]","[503.634033203125, 114.92576599121094, 575.7131958007812, 152.1915283203125]",0.5911948098535528,0.5090496660416177,0.01578056812286377,0.08214514381193505,True,False,300,300,55.13729999802308,54.56650000269292
attack_03,260266,car,D:\project CS\RT-DETRv2-COCO-Attack\source_data\attack_03\clean_images\000000260266.jpg,D:\project CS\RT-DETRv2-COCO-Attack\source_data\attack_03\patched_images\000000260266.jpg,True,True,0.9185050129890442,0.9117117524147034,"[49.91440200805664, 514.7255249023438, 127.24799346923828, 552.6196899414062]","[49.95920944213867, 515.0592041015625, 127.89157104492188, 551.9774169921875]",0.8998059403923294,0.9164966275085229,0.00679326057434082,-0.01669068711619348,True,False,300,300,54.2630000054487,54.379000001063105
attack_03,260925,car,D:\project CS\RT-DETRv2-COCO-Attack\source_data\attack_03\clean_images\000000260925.jpg,D:\project CS\RT-DETRv2-COCO-Attack\source_data\attack_03\patched_images\000000260925.jpg,True,True,0.3312356472015381,0.8825618028640747,"[0.142669677734375, 28.60276222229004, 640.1366577148438, 477.95989990234375]","[0.14781951904296875, 28.547443389892578, 640.0784301757812, 386.481689453125]",0.9895304361357249,0.8021896057750239,-0.5513261556625366,0.18734083036070104,True,False,300,300,56.94630000652978,56.90809999941848
attack_03,262487,person,D:\project CS\RT-DETRv2-COCO-Attack\source_data\attack_03\clean_images\000000262487.jpg,D:\project CS\RT-DETRv2-COCO-Attack\source_data\attack_03\patched_images\000000262487.jpg,True,True,0.46747246384620667,0.9012930989265442,"[201.9077911376953, 276.63690185546875, 418.082275390625, 458.94189453125]","[201.92369079589844, 275.6325988769531, 417.2122802734375, 477.1045227050781]",0.901654845310314,0.8697467473802591,-0.4338206350803375,0.03190809793005489,True,False,300,300,54.39209999894956,54.73270000220509
attack_03,266981,car,D:\project CS\RT-DETRv2-COCO-Attack\source_data\attack_03\clean_images\000000266981.jpg,D:\project CS\RT-DETRv2-COCO-Attack\source_data\attack_03\patched_images\000000266981.jpg,True,True,0.38703638315200806,0.48237064480781555,"[324.821533203125, 408.0267639160156, 392.7858581542969, 446.0082702636719]","[324.8021240234375, 408.12603759765625, 391.3955383300781, 445.8684997558594]",0.8028533995144936,0.7974149287840215,-0.0953342616558075,0.0054384707304721,True,False,300,300,54.91289999918081,53.93670000194106
attack_03,268378,person,D:\project CS\RT-DETRv2-COCO-Attack\source_data\attack_03\clean_images\000000268378.jpg,D:\project CS\RT-DETRv2-COCO-Attack\source_data\attack_03\patched_images\000000268378.jpg,True,True,0.9213429093360901,0.8843812346458435,"[388.3819885253906, 140.67218017578125, 621.7733154296875, 357.26953125]","[401.2449645996094, 140.90719604492188, 621.60693359375, 357.5877990722656]",0.9675916794990761,0.9341767304849347,0.03696167469024658,0.03341494901414144,True,False,300,300,54.957300002570264,54.98910000460455
attack_03,269316,person,D:\project CS\RT-DETRv2-COCO-Attack\source_data\attack_03\clean_images\000000269316.jpg,D:\project CS\RT-DETRv2-COCO-Attack\source_data\attack_03\patched_images\000000269316.jpg,True,True,0.9556865096092224,0.9572693705558777,"[396.15374755859375, 146.00692749023438, 610.4924926757812, 398.5099792480469]","[395.6578063964844, 145.7938995361328, 610.8563232421875, 398.72576904296875]",0.9886374899540191,0.9890376031322542,-0.0015828609466552734,-0.0004001131782350731,True,False,300,300,55.36900000151945,54.95369999698596
attack_03,273198,car,D:\project CS\RT-DETRv2-COCO-Attack\source_data\attack_03\clean_images\000000273198.jpg,D:\project CS\RT-DETRv2-COCO-Attack\source_data\attack_03\patched_images\000000273198.jpg,True,True,0.7727931141853333,0.7868678569793701,"[257.4739685058594, -0.018361955881118774, 386.49578857421875, 33.38632583618164]","[257.50982666015625, 0.08037686347961426, 386.2608642578125, 33.5015983581543]",0.9936606154350941,0.9888651016215709,-0.014074742794036865,0.004795513813523167,True,False,300,300,56.091999998898245,55.04429999564309
attack_03,273711,person,D:\project CS\RT-DETRv2-COCO-Attack\source_data\attack_03\clean_images\000000273711.jpg,D:\project CS\RT-DETRv2-COCO-Attack\source_data\attack_03\patched_images\000000273711.jpg,True,True,0.8819186091423035,0.8902158141136169,"[534.51025390625, 41.62055969238281, 639.89306640625, 476.7456359863281]","[535.855224609375, 41.132511138916016, 639.4772338867188, 476.7156066894531]",0.9128943404996663,0.9036587047842957,-0.008297204971313477,0.009235635715370671,True,False,300,300,55.67809999774909,55.71749999944586
attack_03,275058,person,D:\project CS\RT-DETRv2-COCO-Attack\source_data\attack_03\clean_images\000000275058.jpg,D:\project CS\RT-DETRv2-COCO-Attack\source_data\attack_03\patched_images\000000275058.jpg,True,True,0.9094767570495605,0.8769514560699463,"[205.46075439453125, 151.4906463623047, 274.6549987792969, 292.8670959472656]","[205.72914123535156, 151.56556701660156, 273.98095703125, 292.1903381347656]",0.889402734807343,0.8849362832374649,0.03252530097961426,0.004466451569878127,True,False,300,300,54.541099998459686,54.859900003066286
attack_03,276707,car,D:\project CS\RT-DETRv2-COCO-Attack\source_data\attack_03\clean_images\000000276707.jpg,D:\project CS\RT-DETRv2-COCO-Attack\source_data\attack_03\patched_images\000000276707.jpg,True,True,0.6037869453430176,0.6665903925895691,"[0.17914295196533203, 450.5866394042969, 108.9593505859375, 479.8143615722656]","[0.17859458923339844, 450.72369384765625, 106.82274627685547, 479.85418701171875]",0.9653710125963153,0.943266218549516,-0.06280344724655151,0.022104794046799325,True,False,300,300,54.584699995757546,54.38929999945685
attack_03,281754,person,D:\project CS\RT-DETRv2-COCO-Attack\source_data\attack_03\clean_images\000000281754.jpg,D:\project CS\RT-DETRv2-COCO-Attack\source_data\attack_03\patched_images\000000281754.jpg,True,True,0.9337496757507324,0.9374479055404663,"[47.14973449707031, 12.502880096435547, 227.84088134765625, 601.9378051757812]","[46.44166946411133, 12.169418334960938, 227.98568725585938, 602.1015014648438]",0.9146258092773164,0.9111512445150288,-0.0036982297897338867,0.0034745647622875797,True,False,300,300,56.087400000251364,55.78570000216132
attack_03,281929,person,D:\project CS\RT-DETRv2-COCO-Attack\source_data\attack_03\clean_images\000000281929.jpg,D:\project CS\RT-DETRv2-COCO-Attack\source_data\attack_03\patched_images\000000281929.jpg,True,True,0.9091929793357849,0.8676108121871948,"[260.67913818359375, 61.571006774902344, 430.8687744140625, 468.20062255859375]","[260.5191650390625, 61.352821350097656, 430.74334716796875, 466.4954528808594]",0.9285522818493321,0.9257980673519078,0.04158216714859009,0.002754214497424301,True,False,300,300,55.467999998654705,55.688399996142834
attack_03,283037,car,D:\project CS\RT-DETRv2-COCO-Attack\source_data\attack_03\clean_images\000000283037.jpg,D:\project CS\RT-DETRv2-COCO-Attack\source_data\attack_03\patched_images\000000283037.jpg,True,True,0.901993989944458,0.8277721405029297,"[-0.022113896906375885, 356.855224609375, 93.43059539794922, 448.3653259277344]","[0.002996876835823059, 356.54449462890625, 93.2973861694336, 448.423828125]",0.9732603770817446,0.9709941501121875,0.07422184944152832,0.002266226969557139,True,False,300,300,55.57709999993676,55.342299994663335
attack_03,283038,car,D:\project CS\RT-DETRv2-COCO-Attack\source_data\attack_03\clean_images\000000283038.jpg,D:\project CS\RT-DETRv2-COCO-Attack\source_data\attack_03\patched_images\000000283038.jpg,True,True,0.890131950378418,0.8714908361434937,"[0.08318573236465454, 186.1782989501953, 47.50190734863281, 215.48452758789062]","[-0.0003948807716369629, 186.0028076171875, 47.49345397949219, 215.50338745117188]",0.9616993248299411,0.9568861738947054,0.018641114234924316,0.0048131509352357105,True,False,300,300,54.21020000358112,54.173600001377054
attack_03,284991,person,D:\project CS\RT-DETRv2-COCO-Attack\source_data\attack_03\clean_images\000000284991.jpg,D:\project CS\RT-DETRv2-COCO-Attack\source_data\attack_03\patched_images\000000284991.jpg,True,True,0.9484378099441528,0.9540548920631409,"[81.42528533935547, 1.0106226205825806, 639.1407470703125, 425.0048828125]","[81.66187286376953, 0.9196511507034302, 639.3749389648438, 424.83319091796875]",0.983810399764261,0.984236057417295,-0.005617082118988037,-0.00042565765303403946,True,False,300,300,55.830999997851904,55.56169999908889
attack_03,291634,person,D:\project CS\RT-DETRv2-COCO-Attack\source_data\attack_03\clean_images\000000291634.jpg,D:\project CS\RT-DETRv2-COCO-Attack\source_data\attack_03\patched_images\000000291634.jpg,True,True,0.9129104614257812,0.8993144035339355,"[347.9168701171875, 188.34716796875, 381.783203125, 287.1829833984375]","[347.84246826171875, 188.22216796875, 382.60089111328125, 287.1513671875]",0.8263886321764706,0.8439581429824782,0.013596057891845703,-0.01756951080600755,True,False,300,300,55.002900000545196,54.9410000021453
attack_03,292997,car,D:\project CS\RT-DETRv2-COCO-Attack\source_data\attack_03\clean_images\000000292997.jpg,D:\project CS\RT-DETRv2-COCO-Attack\source_data\attack_03\patched_images\000000292997.jpg,True,True,0.9461364150047302,0.2511453330516815,"[0.24560928344726562, 214.185546875, 189.92376708984375, 386.0328369140625]","[0.04525184631347656, 213.341552734375, 190.25131225585938, 386.61541748046875]",0.9696845675485593,0.9731086305355093,0.6949910819530487,-0.0034240629869500827,True,False,300,300,54.49969999608584,54.95890000020154
attack_03,294831,person,D:\project CS\RT-DETRv2-COCO-Attack\source_data\attack_03\clean_images\000000294831.jpg,D:\project CS\RT-DETRv2-COCO-Attack\source_data\attack_03\patched_images\000000294831.jpg,True,True,0.9517661333084106,0.9389314651489258,"[515.0091552734375, 153.62501525878906, 639.7472534179688, 358.0583801269531]","[515.2910766601562, 153.1849365234375, 639.7417602539062, 357.87744140625]",0.9744304081329244,0.9770782385895069,0.012834668159484863,-0.002647830456582567,True,False,300,300,56.186399997386616,56.90049999975599
attack_03,296224,car,D:\project CS\RT-DETRv2-COCO-Attack\source_data\attack_03\clean_images\000000296224.jpg,D:\project CS\RT-DETRv2-COCO-Attack\source_data\attack_03\patched_images\000000296224.jpg,True,True,0.2502341866493225,0.8022027015686035,"[0.17939090728759766, 188.07762145996094, 55.34671401977539, 221.3259735107422]","[0.18627643585205078, 172.6894989013672, 55.167503356933594, 220.22018432617188]",0.7840587877593249,0.6155041976921403,-0.551968514919281,0.16855459006718465,True,False,300,300,54.71969999780413,54.43790000572335
attack_03,296649,car,D:\project CS\RT-DETRv2-COCO-Attack\source_data\attack_03\clean_images\000000296649.jpg,D:\project CS\RT-DETRv2-COCO-Attack\source_data\attack_03\patched_images\000000296649.jpg,True,True,0.8324100971221924,0.8086109757423401,"[425.8985900878906, 328.0947570800781, 640.232177734375, 425.37713623046875]","[425.5782775878906, 328.2591247558594, 640.2053833007812, 425.3075866699219]",0.9487193360917767,0.9497054778485741,0.023799121379852295,-0.000986141756797343,True,False,300,300,54.57149999710964,54.44999999599531
attack_03,297084,person,D:\project CS\RT-DETRv2-COCO-Attack\source_data\attack_03\clean_images\000000297084.jpg,D:\project CS\RT-DETRv2-COCO-Attack\source_data\attack_03\patched_images\000000297084.jpg,True,True,0.9628024697303772,0.9610870480537415,"[142.4540557861328, 0.8732113838195801, 536.2430419921875, 424.3787841796875]","[142.2412872314453, 0.5244812965393066, 536.298583984375, 423.6740417480469]",0.9592493671984041,0.9596696053118663,0.0017154216766357422,-0.0004202381134621458,True,False,300,300,55.6125000002794,55.94060000294121
attack_03,297595,person,D:\project CS\RT-DETRv2-COCO-Attack\source_data\attack_03\clean_images\000000297595.jpg,D:\project CS\RT-DETRv2-COCO-Attack\source_data\attack_03\patched_images\000000297595.jpg,True,True,0.931274950504303,0.924426257610321,"[136.21156311035156, 231.73301696777344, 177.5895538330078, 268.1064453125]","[135.7583770751953, 231.64608764648438, 177.13369750976562, 267.9528503417969]",0.9371315812199188,0.9203284302359819,0.006848692893981934,0.01680315098393692,True,False,300,300,54.284300000290386,54.56499999854714
attack_03,300341,person,D:\project CS\RT-DETRv2-COCO-Attack\source_data\attack_03\clean_images\000000300341.jpg,D:\project CS\RT-DETRv2-COCO-Attack\source_data\attack_03\patched_images\000000300341.jpg,True,True,0.9345126748085022,0.9353585839271545,"[419.1969299316406, 5.883664608001709, 602.43798828125, 422.6358947753906]","[418.81304931640625, 6.897805213928223, 602.2960815429688, 422.6938781738281]",0.8814573812106482,0.8819213533129574,-0.0008459091186523438,-0.00046397210230919583,True,False,300,300,54.90069999359548,54.75420000584563
attack_03,301421,car,D:\project CS\RT-DETRv2-COCO-Attack\source_data\attack_03\clean_images\000000301421.jpg,D:\project CS\RT-DETRv2-COCO-Attack\source_data\attack_03\patched_images\000000301421.jpg,True,True,0.8917089104652405,0.7787079215049744,"[296.3140869140625, 97.37311553955078, 377.584228515625, 156.26687622070312]","[296.28143310546875, 97.65916442871094, 377.4726867675781, 156.10757446289062]",0.9575224341510523,0.9570337156557317,0.11300098896026611,0.000488718495320617,True,False,300,300,55.6843000013032,55.92099999921629
attack_03,301718,person,D:\project CS\RT-DETRv2-COCO-Attack\source_data\attack_03\clean_images\000000301718.jpg,D:\project CS\RT-DETRv2-COCO-Attack\source_data\attack_03\patched_images\000000301718.jpg,True,True,0.876196563243866,0.9004297852516174,"[301.3815612792969, 1.5555572509765625, 479.8747253417969, 368.7848205566406]","[302.1190490722656, 1.5887260437011719, 479.8117980957031, 365.831298828125]",0.966144761375454,0.9626752362139955,-0.024233222007751465,0.0034695251614584866,True,False,300,300,55.50729999959003,55.65129999740748
attack_03,302990,person,D:\project CS\RT-DETRv2-COCO-Attack\source_data\attack_03\clean_images\000000302990.jpg,D:\project CS\RT-DETRv2-COCO-Attack\source_data\attack_03\patched_images\000000302990.jpg,True,True,0.9388592839241028,0.9379826784133911,"[250.62110900878906, 138.9136505126953, 453.6031494140625, 288.7793273925781]","[250.86154174804688, 138.8390350341797, 453.68060302734375, 298.12750244140625]",0.8977562716291175,0.857936089045968,0.0008766055107116699,0.039820182583149566,True,False,300,300,54.82130000018515,55.12030000681989
attack_03,303305,car,D:\project CS\RT-DETRv2-COCO-Attack\source_data\attack_03\clean_images\000000303305.jpg,D:\project CS\RT-DETRv2-COCO-Attack\source_data\attack_03\patched_images\000000303305.jpg,True,True,0.7283259034156799,0.6569464206695557,"[591.2551879882812, 203.58702087402344, 639.9572143554688, 253.05401611328125]","[590.3801879882812, 203.27847290039062, 639.8920288085938, 253.13807678222656]",0.955463779827017,0.9375619525339761,0.07137948274612427,0.017901827293040906,True,False,300,300,54.38549999962561,54.55430000438355
attack_03,303566,car,D:\project CS\RT-DETRv2-COCO-Attack\source_data\attack_03\clean_images\000000303566.jpg,D:\project CS\RT-DETRv2-COCO-Attack\source_data\attack_03\patched_images\000000303566.jpg,True,True,0.6208263635635376,0.6705461144447327,"[208.15447998046875, 86.03121185302734, 249.90145874023438, 123.96307373046875]","[207.94691467285156, 85.98793029785156, 249.91754150390625, 123.01373291015625]",0.8144148231501319,0.8373718386781579,-0.04971975088119507,-0.02295701552802598,True,False,300,300,54.85919999773614,55.03569999564206
attack_03,304812,person,D:\project CS\RT-DETRv2-COCO-Attack\source_data\attack_03\clean_images\000000304812.jpg,D:\project CS\RT-DETRv2-COCO-Attack\source_data\attack_03\patched_images\000000304812.jpg,True,True,0.8034977912902832,0.8550894856452942,"[95.78164672851562, 379.64227294921875, 112.72358703613281, 450.4908752441406]","[95.84600067138672, 379.27978515625, 124.67871856689453, 450.1185607910156]",0.5352899583290268,0.9108592884016705,-0.051591694355010986,-0.3755693300726437,True,False,300,300,54.181299994525034,54.24459999630926
attack_03,305609,person,D:\project CS\RT-DETRv2-COCO-Attack\source_data\attack_03\clean_images\000000305609.jpg,D:\project CS\RT-DETRv2-COCO-Attack\source_data\attack_03\patched_images\000000305609.jpg,True,True,0.2659204602241516,0.5984461903572083,"[290.6743469238281, 0.23293966054916382, 611.5902099609375, 153.73167419433594]","[290.7190246582031, 0.3770005702972412, 611.3065185546875, 151.37164306640625]",0.9486491762838787,0.9342240701680664,-0.33252573013305664,0.01442510611581227,True,False,300,300,55.95789999642875,55.75700000190409
attack_03,309391,car,D:\project CS\RT-DETRv2-COCO-Attack\source_data\attack_03\clean_images\000000309391.jpg,D:\project CS\RT-DETRv2-COCO-Attack\source_data\attack_03\patched_images\000000309391.jpg,True,True,0.9038828015327454,0.90517258644104,"[258.6731262207031, 236.8832244873047, 323.5137939453125, 289.8723449707031]","[258.5202941894531, 236.4315948486328, 323.8244934082031, 289.92095947265625]",0.9081828736355797,0.9217252304639383,-0.0012897849082946777,-0.013542356828358582,True,False,300,300,54.1293999995105,53.83509999956004
attack_03,311002,person,D:\project CS\RT-DETRv2-COCO-Attack\source_data\attack_03\clean_images\000000311002.jpg,D:\project CS\RT-DETRv2-COCO-Attack\source_data\attack_03\patched_images\000000311002.jpg,True,True,0.9035747051239014,0.9277009963989258,"[30.137462615966797, 141.92904663085938, 254.6888885498047, 424.1208190917969]","[29.632530212402344, 140.94444274902344, 255.0206756591797, 423.8670654296875]",0.939820716347997,0.9366890113334835,-0.024126291275024414,0.0031317050145135417,True,False,300,300,55.092400005378295,55.140800002845936
attack_03,319184,person,D:\project CS\RT-DETRv2-COCO-Attack\source_data\attack_03\clean_images\000000319184.jpg,D:\project CS\RT-DETRv2-COCO-Attack\source_data\attack_03\patched_images\000000319184.jpg,True,True,0.9564027786254883,0.9538934826850891,"[272.5015869140625, 91.39039611816406, 472.93048095703125, 270.7696838378906]","[272.49151611328125, 91.28694915771484, 472.8374938964844, 270.8112487792969]",0.9648090604619963,0.9651895626493504,0.00250929594039917,-0.0003805021873540815,True,False,300,300,54.27919999783626,54.477800003951415
attack_03,319369,car,D:\project CS\RT-DETRv2-COCO-Attack\source_data\attack_03\clean_images\000000319369.jpg,D:\project CS\RT-DETRv2-COCO-Attack\source_data\attack_03\patched_images\000000319369.jpg,True,True,0.9118949174880981,0.8776892423629761,"[598.1959228515625, 193.9443817138672, 639.9940185546875, 221.22471618652344]","[598.5975341796875, 194.01919555664062, 639.8438720703125, 220.27320861816406]",0.92560881499199,0.9411204498059774,0.03420567512512207,-0.01551163481398743,True,False,300,300,54.52060000243364,53.989599997294135
attack_03,321790,person,D:\project CS\RT-DETRv2-COCO-Attack\source_data\attack_03\clean_images\000000321790.jpg,D:\project CS\RT-DETRv2-COCO-Attack\source_data\attack_03\patched_images\000000321790.jpg,True,True,0.9338828325271606,0.9359830617904663,"[124.15373992919922, 8.880363464355469, 312.5085754394531, 423.3074951171875]","[124.25357818603516, 9.126909255981445, 312.1214599609375, 423.25689697265625]",0.9784859975516054,0.980564114110792,-0.002100229263305664,-0.00207811655918666,True,False,300,300,54.613300002529286,53.711299995484296
attack_03,323571,car,D:\project CS\RT-DETRv2-COCO-Attack\source_data\attack_03\clean_images\000000323571.jpg,D:\project CS\RT-DETRv2-COCO-Attack\source_data\attack_03\patched_images\000000323571.jpg,True,True,0.6793626546859741,0.4528357684612274,"[74.8965072631836, 594.34130859375, 152.1023712158203, 628.208984375]","[74.84382629394531, 593.5039672851562, 151.87716674804688, 627.4649658203125]",0.9137712691379122,0.9142416447541173,0.2265268862247467,-0.0004703756162051098,True,False,300,300,54.751999996369705,54.66819999855943
attack_03,325031,person,D:\project CS\RT-DETRv2-COCO-Attack\source_data\attack_03\clean_images\000000325031.jpg,D:\project CS\RT-DETRv2-COCO-Attack\source_data\attack_03\patched_images\000000325031.jpg,False,False,,,,,,,,,False,False,300,300,54.63120000058552,54.43360000208486
attack_03,326541,car,D:\project CS\RT-DETRv2-COCO-Attack\source_data\attack_03\clean_images\000000326541.jpg,D:\project CS\RT-DETRv2-COCO-Attack\source_data\attack_03\patched_images\000000326541.jpg,False,False,,,,,,,,,False,False,300,300,55.22149999887915,55.59069999435451
attack_03,334371,car,D:\project CS\RT-DETRv2-COCO-Attack\source_data\attack_03\clean_images\000000334371.jpg,D:\project CS\RT-DETRv2-COCO-Attack\source_data\attack_03\patched_images\000000334371.jpg,True,True,0.4859094023704529,0.5878230929374695,"[48.123046875, 260.5447082519531, 168.19369506835938, 294.9771423339844]","[48.052772521972656, 259.6509704589844, 168.41261291503906, 295.179443359375]",0.860342833254969,0.8858108220550653,-0.1019136905670166,-0.025467988800096375,True,False,300,300,53.81639999541221,54.286899998260196
attack_03,334555,car,D:\project CS\RT-DETRv2-COCO-Attack\source_data\attack_03\clean_images\000000334555.jpg,D:\project CS\RT-DETRv2-COCO-Attack\source_data\attack_03\patched_images\000000334555.jpg,True,True,0.839082658290863,0.7548282146453857,"[468.63763427734375, 186.39944458007812, 579.671630859375, 260.51910400390625]","[468.2098083496094, 185.78431701660156, 579.782470703125, 260.365234375]",0.797739430372103,0.806598089065092,0.0842544436454773,-0.008858658692988963,True,False,300,300,54.51549999997951,54.15859999629902
attack_03,338560,car,D:\project CS\RT-DETRv2-COCO-Attack\source_data\attack_03\clean_images\000000338560.jpg,D:\project CS\RT-DETRv2-COCO-Attack\source_data\attack_03\patched_images\000000338560.jpg,True,True,0.88559490442276,0.8937530517578125,"[57.402366638183594, 164.84840393066406, 138.2613067626953, 200.58810424804688]","[57.42373275756836, 164.93218994140625, 139.51475524902344, 200.4403533935547]",0.961617937835782,0.9452371912815264,-0.00815814733505249,0.016380746554255587,True,False,300,300,54.5157999949879,54.340299997420516
attack_03,338625,car,D:\project CS\RT-DETRv2-COCO-Attack\source_data\attack_03\clean_images\000000338625.jpg,D:\project CS\RT-DETRv2-COCO-Attack\source_data\attack_03\patched_images\000000338625.jpg,True,True,0.9289235472679138,0.9282257556915283,"[8.368515968322754, 236.8473663330078, 123.45741271972656, 280.07403564453125]","[8.561038970947266, 236.924560546875, 123.79360961914062, 280.11041259765625]",0.8873515465851175,0.8888696722673546,0.000697791576385498,-0.0015181256822370814,True,False,300,300,53.78770000243094,54.30269999487791
attack_03,338986,car,D:\project CS\RT-DETRv2-COCO-Attack\source_data\attack_03\clean_images\000000338986.jpg,D:\project CS\RT-DETRv2-COCO-Attack\source_data\attack_03\patched_images\000000338986.jpg,True,True,0.8200874924659729,0.3077499568462372,"[296.69366455078125, 536.7944946289062, 402.69476318359375, 629.0172119140625]","[286.0117492675781, 508.5485534667969, 402.7792663574219, 628.5166625976562]",0.8350077219988722,0.7980858059791173,0.5123375356197357,0.03692191601975492,True,False,300,300,57.80709999817191,57.76000000332715
attack_03,343453,person,D:\project CS\RT-DETRv2-COCO-Attack\source_data\attack_03\clean_images\000000343453.jpg,D:\project CS\RT-DETRv2-COCO-Attack\source_data\attack_03\patched_images\000000343453.jpg,True,True,0.9602307081222534,0.9603425860404968,"[253.08029174804688, 58.69810485839844, 434.0203857421875, 477.8964538574219]","[252.56935119628906, 58.71240997314453, 433.7972412109375, 478.0362548828125]",0.9372761737960095,0.9384230219760678,-0.0001118779182434082,-0.0011468481800582797,True,False,300,300,58.52559999766527,55.090200003178325
attack_03,344909,car,D:\project CS\RT-DETRv2-COCO-Attack\source_data\attack_03\clean_images\000000344909.jpg,D:\project CS\RT-DETRv2-COCO-Attack\source_data\attack_03\patched_images\000000344909.jpg,True,True,0.3947661221027374,0.40642133355140686,"[380.61700439453125, 197.22576904296875, 440.15069580078125, 236.4556121826172]","[380.390625, 197.0664825439453, 439.2745361328125, 236.46592712402344]",0.9325348013967861,0.9480776116934148,-0.011655211448669434,-0.015542810296628629,True,False,300,300,55.24169999989681,54.95209999935469
attack_03,345361,car,D:\project CS\RT-DETRv2-COCO-Attack\source_data\attack_03\clean_images\000000345361.jpg,D:\project CS\RT-DETRv2-COCO-Attack\source_data\attack_03\patched_images\000000345361.jpg,False,True,,0.561076819896698,,"[446.64483642578125, 54.36915969848633, 477.1278381347656, 88.83686065673828]",,0.9511483966737336,,,False,False,300,300,54.58800000633346,54.59050000354182
attack_03,350122,person,D:\project CS\RT-DETRv2-COCO-Attack\source_data\attack_03\clean_images\000000350122.jpg,D:\project CS\RT-DETRv2-COCO-Attack\source_data\attack_03\patched_images\000000350122.jpg,False,False,,,,,,,,,False,False,300,300,54.73280000296654,54.879600000276696
attack_03,353027,person,D:\project CS\RT-DETRv2-COCO-Attack\source_data\attack_03\clean_images\000000353027.jpg,D:\project CS\RT-DETRv2-COCO-Attack\source_data\attack_03\patched_images\000000353027.jpg,True,True,0.9377555847167969,0.9416529536247253,"[0.3365516662597656, 0.7314329147338867, 231.68417358398438, 230.1497802734375]","[0.19400596618652344, 0.7228403091430664, 232.14923095703125, 230.07196044921875]",0.9618786601317979,0.9641138934917806,-0.003897368907928467,-0.002235233359982658,True,False,300,300,56.500799997593276,56.239899997308385
attack_03,354829,car,D:\project CS\RT-DETRv2-COCO-Attack\source_data\attack_03\clean_images\000000354829.jpg,D:\project CS\RT-DETRv2-COCO-Attack\source_data\attack_03\patched_images\000000354829.jpg,True,True,0.9545785188674927,0.8960790038108826,"[83.46642303466797, 83.95127868652344, 371.5111083984375, 238.83895874023438]","[83.47695922851562, 84.0527114868164, 371.3054504394531, 237.4917449951172]",0.9893145365772578,0.9851474795160612,0.05849951505661011,0.004167057061196577,True,False,300,300,56.38339999859454,55.93599999701837
attack_03,355257,person,D:\project CS\RT-DETRv2-COCO-Attack\source_data\attack_03\clean_images\000000355257.jpg,D:\project CS\RT-DETRv2-COCO-Attack\source_data\attack_03\patched_images\000000355257.jpg,True,True,0.4716821312904358,0.4881104826927185,"[327.5435791015625, 233.187744140625, 638.55517578125, 354.0134582519531]","[327.9269104003906, 233.1123046875, 638.5269775390625, 331.71502685546875]",0.7743415040113472,0.9431566639381016,-0.016428351402282715,-0.16881515992675444,True,False,300,300,54.99199999758275,55.24019999575103
attack_03,359540,person,D:\project CS\RT-DETRv2-COCO-Attack\source_data\attack_03\clean_images\000000359540.jpg,D:\project CS\RT-DETRv2-COCO-Attack\source_data\attack_03\patched_images\000000359540.jpg,True,True,0.9533206820487976,0.9575256109237671,"[152.999755859375, 170.27249145507812, 283.4930114746094, 343.1236267089844]","[152.95362854003906, 170.47763061523438, 283.08721923828125, 343.0451965332031]",0.9691813381695655,0.9741195635014565,-0.004204928874969482,-0.004938225331890922,True,False,300,300,54.3515999961528,54.359699999622535
attack_03,361506,car,D:\project CS\RT-DETRv2-COCO-Attack\source_data\attack_03\clean_images\000000361506.jpg,D:\project CS\RT-DETRv2-COCO-Attack\source_data\attack_03\patched_images\000000361506.jpg,True,True,0.7532032132148743,0.6616839170455933,"[484.5975036621094, 260.8737487792969, 567.0130004882812, 284.6396179199219]","[469.57586669921875, 260.7906494140625, 566.2194213867188, 284.5299987792969]",0.7802556804783605,0.732351218496374,0.091519296169281,0.0479044619819865,True,False,300,300,54.80459999671439,54.204500003834255
attack_03,363188,car,D:\project CS\RT-DETRv2-COCO-Attack\source_data\attack_03\clean_images\000000363188.jpg,D:\project CS\RT-DETRv2-COCO-Attack\source_data\attack_03\patched_images\000000363188.jpg,True,False,0.5985270738601685,,"[586.53515625, 196.95016479492188, 639.8711547851562, 302.7855224609375]",,0.8947284819921661,,,,True,True,300,300,55.75500000122702,54.97009999817237
attack_03,365642,car,D:\project CS\RT-DETRv2-COCO-Attack\source_data\attack_03\clean_images\000000365642.jpg,D:\project CS\RT-DETRv2-COCO-Attack\source_data\attack_03\patched_images\000000365642.jpg,True,True,0.7813763618469238,0.7763453125953674,"[-0.07510511577129364, 29.277259826660156, 92.01226043701172, 94.68252563476562]","[-0.07251834869384766, 28.935258865356445, 91.7962417602539, 95.22579956054688]",0.9286825732920088,0.9242454047056664,0.0050310492515563965,0.004437168586342355,True,False,300,300,54.874800000106916,54.555499998969026
attack_03,367680,person,D:\project CS\RT-DETRv2-COCO-Attack\source_data\attack_03\clean_images\000000367680.jpg,D:\project CS\RT-DETRv2-COCO-Attack\source_data\attack_03\patched_images\000000367680.jpg,True,True,0.8996928334236145,0.8946813941001892,"[248.59742736816406, 150.96572875976562, 271.9642333984375, 196.55624389648438]","[248.5819549560547, 151.06434631347656, 272.0130310058594, 196.54112243652344]",0.923947048536026,0.9268944064837233,0.005011439323425293,-0.0029473579476972933,True,False,300,300,54.8997000005329,54.29269999876851
attack_03,369812,car,D:\project CS\RT-DETRv2-COCO-Attack\source_data\attack_03\clean_images\000000369812.jpg,D:\project CS\RT-DETRv2-COCO-Attack\source_data\attack_03\patched_images\000000369812.jpg,True,True,0.5259274840354919,0.6532046794891357,"[460.217041015625, 496.1070861816406, 639.5196533203125, 627.835693359375]","[459.94012451171875, 495.997314453125, 639.574462890625, 627.806884765625]",0.9589823071043819,0.9591707702832307,-0.1272771954536438,-0.0001884631788487967,True,False,300,300,54.06319999747211,54.7115000008489
attack_03,370208,person,D:\project CS\RT-DETRv2-COCO-Attack\source_data\attack_03\clean_images\000000370208.jpg,D:\project CS\RT-DETRv2-COCO-Attack\source_data\attack_03\patched_images\000000370208.jpg,True,True,0.6993933916091919,0.2674521803855896,"[-0.14792196452617645, 196.01768493652344, 49.8463134765625, 259.6211242675781]","[0.018376857042312622, 196.33546447753906, 50.000675201416016, 259.06939697265625]",0.9219586296148808,0.9093432250779635,0.4319412112236023,0.01261540453691734,True,False,300,300,55.470399995101616,55.543099995702505
attack_03,370270,person,D:\project CS\RT-DETRv2-COCO-Attack\source_data\attack_03\clean_images\000000370270.jpg,D:\project CS\RT-DETRv2-COCO-Attack\source_data\attack_03\patched_images\000000370270.jpg,True,True,0.9575008153915405,0.9581887125968933,"[289.28167724609375, 199.34837341308594, 479.6666564941406, 635.76171875]","[289.1474609375, 199.35989379882812, 479.70245361328125, 635.8743896484375]",0.9196460926417167,0.9186126699716083,-0.0006878972053527832,0.0010334226701084193,True,False,300,300,54.908800004341174,54.36330000520684
attack_03,372577,person,D:\project CS\RT-DETRv2-COCO-Attack\source_data\attack_03\clean_images\000000372577.jpg,D:\project CS\RT-DETRv2-COCO-Attack\source_data\attack_03\patched_images\000000372577.jpg,True,True,0.9610505104064941,0.9613575339317322,"[178.5482177734375, 114.70037841796875, 345.3876647949219, 508.7655029296875]","[178.51161193847656, 114.20570373535156, 345.5560302734375, 508.60736083984375]",0.9306056958362989,0.9302936995375986,-0.0003070235252380371,0.0003119962987003788,True,False,300,300,54.43309999827761,54.064999996626284
attack_03,374982,person,D:\project CS\RT-DETRv2-COCO-Attack\source_data\attack_03\clean_images\000000374982.jpg,D:\project CS\RT-DETRv2-COCO-Attack\source_data\attack_03\patched_images\000000374982.jpg,True,True,0.9542274475097656,0.9548725485801697,"[64.7200698852539, 0.9465813636779785, 292.37908935546875, 293.53509521484375]","[64.65534973144531, 0.837177038192749, 292.63507080078125, 292.54315185546875]",0.9433781434941009,0.945972545742902,-0.0006451010704040527,-0.002594402248801142,True,False,300,300,55.99960000108695,55.41129999619443
attack_03,376625,person,D:\project CS\RT-DETRv2-COCO-Attack\source_data\attack_03\clean_images\000000376625.jpg,D:\project CS\RT-DETRv2-COCO-Attack\source_data\attack_03\patched_images\000000376625.jpg,True,True,0.8451021313667297,0.8509839773178101,"[538.650634765625, 207.26341247558594, 581.7913818359375, 327.842529296875]","[539.1900024414062, 207.69041442871094, 581.1973266601562, 327.9834899902344]",0.8940366909866626,0.9153936050406982,-0.005881845951080322,-0.021356914054035614,True,False,300,300,54.831699999340344,54.05169999721693
attack_03,377946,car,D:\project CS\RT-DETRv2-COCO-Attack\source_data\attack_03\clean_images\000000377946.jpg,D:\project CS\RT-DETRv2-COCO-Attack\source_data\attack_03\patched_images\000000377946.jpg,True,True,0.9501817226409912,0.9507941603660583,"[507.53704833984375, 251.90284729003906, 639.8772583007812, 423.13983154296875]","[507.5416259765625, 252.0376434326172, 639.953369140625, 422.9893493652344]",0.9621625819716668,0.961569583151672,-0.0006124377250671387,0.000592998819994861,True,False,300,300,54.744300003221724,54.27630000485806
attack_03,380706,person,D:\project CS\RT-DETRv2-COCO-Attack\source_data\attack_03\clean_images\000000380706.jpg,D:\project CS\RT-DETRv2-COCO-Attack\source_data\attack_03\patched_images\000000380706.jpg,True,True,0.9448961019515991,0.9197699427604675,"[276.05145263671875, 170.22105407714844, 381.89239501953125, 379.8479919433594]","[275.24066162109375, 170.12730407714844, 382.3115234375, 380.6366882324219]",0.9872352846601512,0.9720071169151657,0.025126159191131592,0.015228167744985477,True,False,300,300,54.13820000103442,53.713799999968614
attack_03,389566,car,D:\project CS\RT-DETRv2-COCO-Attack\source_data\attack_03\clean_images\000000389566.jpg,D:\project CS\RT-DETRv2-COCO-Attack\source_data\attack_03\patched_images\000000389566.jpg,True,True,0.8851839900016785,0.8961612582206726,"[456.75048828125, 160.70883178710938, 504.7830810546875, 196.80995178222656]","[456.99151611328125, 160.60577392578125, 504.75469970703125, 196.74205017089844]",0.9126526295080541,0.9169075552253013,-0.01097726821899414,-0.004254925717247171,True,False,300,300,54.15779999748338,55.30680000083521
attack_03,392722,car,D:\project CS\RT-DETRv2-COCO-Attack\source_data\attack_03\clean_images\000000392722.jpg,D:\project CS\RT-DETRv2-COCO-Attack\source_data\attack_03\patched_images\000000392722.jpg,True,True,0.6211127042770386,0.7136361002922058,"[315.0330810546875, 265.9386291503906, 352.8167419433594, 294.5390319824219]","[318.8876037597656, 266.805419921875, 353.2345886230469, 294.6806335449219]",0.8573726216790036,0.8105853112202219,-0.09252339601516724,0.046787310458781706,True,False,300,300,53.945799998473376,54.19399999664165
attack_03,393093,car,D:\project CS\RT-DETRv2-COCO-Attack\source_data\attack_03\clean_images\000000393093.jpg,D:\project CS\RT-DETRv2-COCO-Attack\source_data\attack_03\patched_images\000000393093.jpg,True,True,0.9205307364463806,0.8959295153617859,"[280.6622619628906, 355.5302429199219, 359.61346435546875, 400.9232177734375]","[280.5521240234375, 355.6326904296875, 359.3680419921875, 400.9228820800781]",0.9386070114653046,0.9381345268213748,0.024601221084594727,0.0004724846439297936,True,False,300,300,53.98589999822434,54.492700000992045
attack_03,393226,car,D:\project CS\RT-DETRv2-COCO-Attack\source_data\attack_03\clean_images\000000393226.jpg,D:\project CS\RT-DETRv2-COCO-Attack\source_data\attack_03\patched_images\000000393226.jpg,True,True,0.9276061654090881,0.9238768815994263,"[37.15081024169922, 206.96044921875, 106.27444458007812, 246.88136291503906]","[36.999847412109375, 206.91238403320312, 106.13318634033203, 246.92298889160156]",0.9362662251162659,0.9359554117167246,0.0037292838096618652,0.0003108133995413098,True,False,300,300,54.66529999830527,54.720100000849925
attack_03,396338,car,D:\project CS\RT-DETRv2-COCO-Attack\source_data\attack_03\clean_images\000000396338.jpg,D:\project CS\RT-DETRv2-COCO-Attack\source_data\attack_03\patched_images\000000396338.jpg,True,True,0.8093685507774353,0.45866215229034424,"[-0.019969940185546875, 133.15081787109375, 288.0173034667969, 421.5367431640625]","[0.012121200561523438, 133.59666442871094, 288.98651123046875, 421.9259948730469]",0.986386840251874,0.989538078945126,0.35070639848709106,-0.0031512386932520675,True,False,300,300,55.55840000306489,54.91710000205785
attack_03,397351,car,D:\project CS\RT-DETRv2-COCO-Attack\source_data\attack_03\clean_images\000000397351.jpg,D:\project CS\RT-DETRv2-COCO-Attack\source_data\attack_03\patched_images\000000397351.jpg,True,True,0.3198617994785309,0.2545829713344574,"[234.98597717285156, 20.96384620666504, 638.6221313476562, 258.6547546386719]","[236.07260131835938, 16.985239028930664, 638.188232421875, 260.1077575683594]",0.8882261773222203,0.898933170393645,0.06527882814407349,-0.010706993071424642,True,False,300,300,54.99269999563694,55.21980000048643
attack_03,398742,person,D:\project CS\RT-DETRv2-COCO-Attack\source_data\attack_03\clean_images\000000398742.jpg,D:\project CS\RT-DETRv2-COCO-Attack\source_data\attack_03\patched_images\000000398742.jpg,True,True,0.9685465693473816,0.9675647020339966,"[-0.3814496099948883, 41.49702072143555, 371.8498229980469, 536.9896850585938]","[-0.15417054295539856, 40.497703552246094, 371.3011169433594, 539.1801147460938]",0.9658304132609157,0.9673288901990703,0.0009818673133850098,-0.001498476938154636,True,False,300,300,55.377800003043376,55.532700003823265
attack_03,400367,car,D:\project CS\RT-DETRv2-COCO-Attack\source_data\attack_03\clean_images\000000400367.jpg,D:\project CS\RT-DETRv2-COCO-Attack\source_data\attack_03\patched_images\000000400367.jpg,True,True,0.9333730340003967,0.9236239790916443,"[9.660906791687012, 241.04624938964844, 130.51336669921875, 326.6741027832031]","[9.744282722473145, 241.05233764648438, 131.49392700195312, 326.6463928222656]",0.8894292821871338,0.8832236133553519,0.009749054908752441,0.006205668831781863,True,False,300,300,53.8929000031203,54.296200003591366
attack_03,403565,person,D:\project CS\RT-DETRv2-COCO-Attack\source_data\attack_03\clean_images\000000403565.jpg,D:\project CS\RT-DETRv2-COCO-Attack\source_data\attack_03\patched_images\000000403565.jpg,True,True,0.8891170620918274,0.8594585657119751,"[179.80621337890625, 231.43325805664062, 281.27984619140625, 526.1388549804688]","[178.38092041015625, 231.31011962890625, 281.97625732421875, 525.5648803710938]",0.9584036718162976,0.944021548989785,0.029658496379852295,0.014382122826512633,True,False,300,300,54.703499998140614,54.74530000356026
attack_03,404923,person,D:\project CS\RT-DETRv2-COCO-Attack\source_data\attack_03\clean_images\000000404923.jpg,D:\project CS\RT-DETRv2-COCO-Attack\source_data\attack_03\patched_images\000000404923.jpg,True,True,0.9384602308273315,0.9429606199264526,"[194.44810485839844, 102.43616485595703, 363.8691711425781, 476.0924072265625]","[195.00091552734375, 100.0718002319336, 363.913818359375, 475.981201171875]",0.9774979179304691,0.9750806558691746,-0.004500389099121094,0.002417262061294556,True,False,300,300,54.68180000025313,54.21370000112802
attack_03,407083,car,D:\project CS\RT-DETRv2-COCO-Attack\source_data\attack_03\clean_images\000000407083.jpg,D:\project CS\RT-DETRv2-COCO-Attack\source_data\attack_03\patched_images\000000407083.jpg,False,False,,,,,,,,,False,False,300,300,55.60919999697944,55.698099997243844
attack_03,407868,person,D:\project CS\RT-DETRv2-COCO-Attack\source_data\attack_03\clean_images\000000407868.jpg,D:\project CS\RT-DETRv2-COCO-Attack\source_data\attack_03\patched_images\000000407868.jpg,True,True,0.9019121527671814,0.8874977231025696,"[200.90682983398438, 240.716796875, 250.6212158203125, 341.5465087890625]","[201.1269989013672, 242.03030395507812, 250.27017211914062, 341.5240173339844]",0.9003451252068478,0.9143463699809378,0.014414429664611816,-0.014001244774089927,True,False,300,300,54.46569999912754,54.24640000273939
attack_03,412286,person,D:\project CS\RT-DETRv2-COCO-Attack\source_data\attack_03\clean_images\000000412286.jpg,D:\project CS\RT-DETRv2-COCO-Attack\source_data\attack_03\patched_images\000000412286.jpg,True,True,0.9637296199798584,0.9657581448554993,"[75.00198364257812, 155.59622192382812, 207.4130401611328, 453.9360046386719]","[75.16322326660156, 155.4665985107422, 207.4202880859375, 453.8796691894531]",0.9715010886739255,0.973235002570934,-0.002028524875640869,-0.0017339138970084989,True,False,300,300,54.40989999624435,53.96350000228267
attack_03,413689,car,D:\project CS\RT-DETRv2-COCO-Attack\source_data\attack_03\clean_images\000000413689.jpg,D:\project CS\RT-DETRv2-COCO-Attack\source_data\attack_03\patched_images\000000413689.jpg,True,True,0.8854199051856995,0.647249162197113,"[2.05125093460083, 144.71847534179688, 54.918975830078125, 167.42543029785156]","[2.6560449600219727, 144.89939880371094, 54.14596176147461, 167.07781982421875]",0.9423713554667529,0.9176543563828073,0.23817074298858643,0.024716999083945534,True,False,300,300,54.06330000550952,53.89429999922868
attack_03,414385,car,D:\project CS\RT-DETRv2-COCO-Attack\source_data\attack_03\clean_images\000000414385.jpg,D:\project CS\RT-DETRv2-COCO-Attack\source_data\attack_03\patched_images\000000414385.jpg,True,True,0.9104294776916504,0.9104966521263123,"[150.13925170898438, 276.34429931640625, 218.1706085205078, 327.37933349609375]","[150.12905883789062, 276.1153564453125, 218.35955810546875, 327.2956848144531]",0.9192912036290263,0.9273423887733112,-6.717443466186523e-05,-0.008051185144284934,True,False,300,300,54.749399998399895,54.5473000020138
attack_03,415727,person,D:\project CS\RT-DETRv2-COCO-Attack\source_data\attack_03\clean_images\000000415727.jpg,D:\project CS\RT-DETRv2-COCO-Attack\source_data\attack_03\patched_images\000000415727.jpg,True,True,0.891103982925415,0.9016472697257996,"[109.49180603027344, 87.54425811767578, 475.3848571777344, 476.0774841308594]","[110.43882751464844, 87.67925262451172, 476.6524658203125, 476.0601501464844]",0.8305073748031138,0.8362616995877059,-0.010543286800384521,-0.005754324784592146,True,False,300,300,55.759399998351,56.270600005518645
attack_03,416885,car,D:\project CS\RT-DETRv2-COCO-Attack\source_data\attack_03\clean_images\000000416885.jpg,D:\project CS\RT-DETRv2-COCO-Attack\source_data\attack_03\patched_images\000000416885.jpg,True,True,0.36630013585090637,0.34763723611831665,"[170.85325622558594, 0.5355756878852844, 500.1286926269531, 147.29055786132812]","[169.97369384765625, 0.6448030471801758, 499.7305603027344, 133.3228302001953]",0.9168369593427494,0.8284196671086008,0.01866289973258972,0.08841729223414863,True,False,300,300,55.770099999790546,55.72099999699276
attack_03,417249,person,D:\project CS\RT-DETRv2-COCO-Attack\source_data\attack_03\clean_images\000000417249.jpg,D:\project CS\RT-DETRv2-COCO-Attack\source_data\attack_03\patched_images\000000417249.jpg,True,True,0.9526639580726624,0.9508121609687805,"[325.950439453125, 216.4734649658203, 470.6775817871094, 541.9940185546875]","[325.9889221191406, 216.2457275390625, 470.5980224609375, 541.7516479492188]",0.9898117097700662,0.988988803842477,0.001851797103881836,0.000822905927589157,True,False,300,300,54.82330000086222,54.75699999806238
attack_03,417779,car,D:\project CS\RT-DETRv2-COCO-Attack\source_data\attack_03\clean_images\000000417779.jpg,D:\project CS\RT-DETRv2-COCO-Attack\source_data\attack_03\patched_images\000000417779.jpg,True,True,0.896216630935669,0.8932594060897827,"[189.34130859375, 100.29190063476562, 256.041259765625, 141.54779052734375]","[189.8961181640625, 100.27962493896484, 255.8698272705078, 141.75119018554688]",0.7725593886482695,0.7792947017479408,0.0029572248458862305,-0.006735313099671347,True,False,300,300,54.42670000047656,53.54600000282517
attack_03,419408,car,D:\project CS\RT-DETRv2-COCO-Attack\source_data\attack_03\clean_images\000000419408.jpg,D:\project CS\RT-DETRv2-COCO-Attack\source_data\attack_03\patched_images\000000419408.jpg,True,True,0.8724141716957092,0.8338525891304016,"[17.67677116394043, 187.64166259765625, 92.96623992919922, 216.96311950683594]","[17.421083450317383, 187.61102294921875, 92.98552703857422, 218.8633575439453]",0.8775980536770294,0.8217795915277366,0.03856158256530762,0.05581846214929276,True,False,300,300,54.14580000069691,54.857900002389215
attack_03,423617,car,D:\project CS\RT-DETRv2-COCO-Attack\source_data\attack_03\clean_images\000000423617.jpg,D:\project CS\RT-DETRv2-COCO-Attack\source_data\attack_03\patched_images\000000423617.jpg,True,True,0.942298173904419,0.9405898451805115,"[406.8143310546875, 340.5248107910156, 573.4992065429688, 468.4674072265625]","[406.89788818359375, 339.9914855957031, 573.6718139648438, 468.6090087890625]",0.918370151931095,0.9130631615812872,0.0017083287239074707,0.00530699034980775,True,False,300,300,53.96969999856083,54.197500001464505
attack_03,425221,person,D:\project CS\RT-DETRv2-COCO-Attack\source_data\attack_03\clean_images\000000425221.jpg,D:\project CS\RT-DETRv2-COCO-Attack\source_data\attack_03\patched_images\000000425221.jpg,True,False,0.30681726336479187,,"[2.760457992553711, 396.9346618652344, 68.85431671142578, 509.772705078125]",,0.9284665166326851,,,,True,True,300,300,54.63389999931678,54.773999996541534
attack_03,425925,car,D:\project CS\RT-DETRv2-COCO-Attack\source_data\attack_03\clean_images\000000425925.jpg,D:\project CS\RT-DETRv2-COCO-Attack\source_data\attack_03\patched_images\000000425925.jpg,True,True,0.6932536959648132,0.6393508911132812,"[52.794551849365234, 415.3346862792969, 132.64871215820312, 463.6734924316406]","[53.218135833740234, 415.3244323730469, 133.16232299804688, 463.90264892578125]",0.9538443797184284,0.9665488644782472,0.05390280485153198,-0.01270448475981878,True,False,300,300,53.87150000024121,54.22569999791449
attack_03,427055,car,D:\project CS\RT-DETRv2-COCO-Attack\source_data\attack_03\clean_images\000000427055.jpg,D:\project CS\RT-DETRv2-COCO-Attack\source_data\attack_03\patched_images\000000427055.jpg,True,True,0.679628312587738,0.5992208123207092,"[319.6532287597656, 313.3887634277344, 365.47314453125, 341.0296630859375]","[319.4075622558594, 309.851806640625, 365.72369384765625, 341.1709899902344]",0.8421216709810283,0.957551781548727,0.08040750026702881,-0.1154301105676987,True,False,300,300,53.64990000089165,54.22030000045197
attack_03,427500,car,D:\project CS\RT-DETRv2-COCO-Attack\source_data\attack_03\clean_images\000000427500.jpg,D:\project CS\RT-DETRv2-COCO-Attack\source_data\attack_03\patched_images\000000427500.jpg,True,True,0.8733071684837341,0.8454601168632507,"[0.03474728763103485, 6.049461364746094, 43.34270095825195, 134.80674743652344]","[0.02090609073638916, 7.2051239013671875, 43.302371978759766, 135.94737243652344]",0.9814755000952251,0.9807606590054783,0.0278470516204834,0.0007148410897468427,True,False,300,300,54.7770000048331,54.52839999634307
attack_03,427655,car,D:\project CS\RT-DETRv2-COCO-Attack\source_data\attack_03\clean_images\000000427655.jpg,D:\project CS\RT-DETRv2-COCO-Attack\source_data\attack_03\patched_images\000000427655.jpg,True,True,0.7883830070495605,0.7243072390556335,"[220.73757934570312, 225.64569091796875, 278.6551208496094, 265.32342529296875]","[220.73178100585938, 225.6059112548828, 278.42767333984375, 263.03594970703125]",0.7419792466146424,0.738568243505691,0.064075767993927,0.0034110031089514825,True,False,300,300,55.116800001997035,55.31370000244351
attack_03,430048,car,D:\project CS\RT-DETRv2-COCO-Attack\source_data\attack_03\clean_images\000000430048.jpg,D:\project CS\RT-DETRv2-COCO-Attack\source_data\attack_03\patched_images\000000430048.jpg,True,True,0.5533578395843506,0.434846431016922,"[215.5944366455078, 239.86752319335938, 293.7069091796875, 275.29852294921875]","[215.65882873535156, 239.51596069335938, 293.8856506347656, 277.9188537597656]",0.7952080107115904,0.7919270472821265,0.11851140856742859,0.0032809634294639345,True,False,300,300,54.863099998328835,54.616100002021994
attack_03,436738,car,D:\project CS\RT-DETRv2-COCO-Attack\source_data\attack_03\clean_images\000000436738.jpg,D:\project CS\RT-DETRv2-COCO-Attack\source_data\attack_03\patched_images\000000436738.jpg,True,True,0.9284691214561462,0.923650324344635,"[261.2051086425781, 346.36297607421875, 397.8448791503906, 404.85150146484375]","[261.1571044921875, 346.2516784667969, 397.5406188964844, 404.579833984375]",0.9250576480148551,0.9293439446517483,0.0048187971115112305,-0.004286296636893172,True,False,300,300,53.94200000591809,54.64229999779491
attack_03,437239,person,D:\project CS\RT-DETRv2-COCO-Attack\source_data\attack_03\clean_images\000000437239.jpg,D:\project CS\RT-DETRv2-COCO-Attack\source_data\attack_03\patched_images\000000437239.jpg,True,True,0.9574141502380371,0.9558327198028564,"[534.1068115234375, 145.9983673095703, 631.5173950195312, 375.3774108886719]","[534.2718505859375, 145.86695861816406, 631.3898315429688, 376.33642578125]",0.9399003038425108,0.9459497307132764,0.001581430435180664,-0.006049426870765595,True,False,300,300,54.379200002586,53.96910000126809
attack_03,437351,person,D:\project CS\RT-DETRv2-COCO-Attack\source_data\attack_03\clean_images\000000437351.jpg,D:\project CS\RT-DETRv2-COCO-Attack\source_data\attack_03\patched_images\000000437351.jpg,True,True,0.9020078182220459,0.8713663220405579,"[25.67233657836914, 18.838003158569336, 241.39329528808594, 494.8768005371094]","[23.506938934326172, 18.893285751342773, 238.06130981445312, 494.7778015136719]",0.9452150789785467,0.9401933205305841,0.030641496181488037,0.005021758447962599,True,False,300,300,55.964199993468355,55.91640000056941
attack_03,438876,person,D:\project CS\RT-DETRv2-COCO-Attack\source_data\attack_03\clean_images\000000438876.jpg,D:\project CS\RT-DETRv2-COCO-Attack\source_data\attack_03\patched_images\000000438876.jpg,True,True,0.9272990822792053,0.9300753474235535,"[161.08995056152344, 22.320011138916016, 348.7970886230469, 332.0846862792969]","[160.3512420654297, 22.356056213378906, 349.4413757324219, 331.88897705078125]",0.9414345002659689,0.9415701174637917,-0.0027762651443481445,-0.00013561719782284598,True,False,300,300,54.96609999681823,54.90709999867249
attack_03,439623,car,D:\project CS\RT-DETRv2-COCO-Attack\source_data\attack_03\clean_images\000000439623.jpg,D:\project CS\RT-DETRv2-COCO-Attack\source_data\attack_03\patched_images\000000439623.jpg,True,True,0.3684613108634949,0.6255778074264526,"[72.87517547607422, 150.89694213867188, 401.84075927734375, 313.11865234375]","[73.41492462158203, 146.54638671875, 401.486083984375, 315.69097900390625]",0.921174263181258,0.9379345597596868,-0.25711649656295776,-0.016760296578428813,True,False,300,300,54.86210000526626,54.93469999782974
attack_03,441468,car,D:\project CS\RT-DETRv2-COCO-Attack\source_data\attack_03\clean_images\000000441468.jpg,D:\project CS\RT-DETRv2-COCO-Attack\source_data\attack_03\patched_images\000000441468.jpg,True,True,0.9310014843940735,0.9288492798805237,"[97.5455551147461, 137.1648406982422, 157.3889923095703, 183.96209716796875]","[97.29098510742188, 136.93284606933594, 157.32119750976562, 184.00625610351562]",0.9578067964755951,0.9471499811513595,0.0021522045135498047,0.010656815324235569,True,False,300,300,54.13679999765009,54.161399995791726
attack_03,442456,car,D:\project CS\RT-DETRv2-COCO-Attack\source_data\attack_03\clean_images\000000442456.jpg,D:\project CS\RT-DETRv2-COCO-Attack\source_data\attack_03\patched_images\000000442456.jpg,True,True,0.5629639625549316,0.8114818334579468,"[206.1024169921875, 68.67115783691406, 622.6328125, 245.6504669189453]","[205.87599182128906, 68.95325469970703, 622.6715087890625, 245.2165069580078]",0.9730207541208804,0.9715880022130093,-0.24851787090301514,0.001432751907871066,True,False,300,300,55.15259999810951,55.41809999704128
attack_03,447187,person,D:\project CS\RT-DETRv2-COCO-Attack\source_data\attack_03\clean_images\000000447187.jpg,D:\project CS\RT-DETRv2-COCO-Attack\source_data\attack_03\patched_images\000000447187.jpg,True,True,0.9179763197898865,0.905917763710022,"[50.77598571777344, 115.82621002197266, 223.6044158935547, 476.05572509765625]","[50.25297164916992, 115.21640014648438, 223.29046630859375, 475.4828796386719]",0.8893427716359369,0.8879428929887826,0.012058556079864502,0.0013998786471542957,True,False,300,300,55.90180000581313,54.75200000364566
attack_03,447611,person,D:\project CS\RT-DETRv2-COCO-Attack\source_data\attack_03\clean_images\000000447611.jpg,D:\project CS\RT-DETRv2-COCO-Attack\source_data\attack_03\patched_images\000000447611.jpg,True,True,0.529977560043335,0.48725762963294983,"[323.18377685546875, 0.18017691373825073, 499.3907775878906, 210.6254425048828]","[325.0435791015625, 0.23120099306106567, 499.34039306640625, 210.83731079101562]",0.9542577422416804,0.9650581088692101,0.04271993041038513,-0.0108003666275297,True,False,300,300,56.43910000071628,55.869299998448696
attack_03,448410,person,D:\project CS\RT-DETRv2-COCO-Attack\source_data\attack_03\clean_images\000000448410.jpg,D:\project CS\RT-DETRv2-COCO-Attack\source_data\attack_03\patched_images\000000448410.jpg,True,True,0.893328070640564,0.8950411677360535,"[17.56098175048828, 273.57586669921875, 68.373291015625, 414.9742736816406]","[17.181682586669922, 272.95550537109375, 69.52572631835938, 412.8508605957031]",0.9630847944359131,0.9634436976874922,-0.001713097095489502,-0.0003589032515790569,True,False,300,300,54.60820000007516,54.65399999957299
attack_03,449312,car,D:\project CS\RT-DETRv2-COCO-Attack\source_data\attack_03\clean_images\000000449312.jpg,D:\project CS\RT-DETRv2-COCO-Attack\source_data\attack_03\patched_images\000000449312.jpg,False,False,,,,,,,,,False,False,300,300,55.84239999734564,55.85300000529969
attack_03,449661,person,D:\project CS\RT-DETRv2-COCO-Attack\source_data\attack_03\clean_images\000000449661.jpg,D:\project CS\RT-DETRv2-COCO-Attack\source_data\attack_03\patched_images\000000449661.jpg,False,True,,0.2595338523387909,,"[379.18072509765625, 61.76906204223633, 464.2377014160156, 154.08197021484375]",,0.6886907316341299,,,False,False,300,300,55.982600002607796,55.14699999912409
attack_03,450559,person,D:\project CS\RT-DETRv2-COCO-Attack\source_data\attack_03\clean_images\000000450559.jpg,D:\project CS\RT-DETRv2-COCO-Attack\source_data\attack_03\patched_images\000000450559.jpg,True,True,0.9578326940536499,0.9525500535964966,"[82.48167419433594, 34.993629455566406, 299.1160888671875, 357.3202209472656]","[82.26910400390625, 35.089073181152344, 299.05145263671875, 358.9725036621094]",0.9228662818157277,0.9279569754554386,0.00528264045715332,-0.00509069363971093,True,False,300,300,54.06840000068769,54.92890000459738
attack_03,453841,car,D:\project CS\RT-DETRv2-COCO-Attack\source_data\attack_03\clean_images\000000453841.jpg,D:\project CS\RT-DETRv2-COCO-Attack\source_data\attack_03\patched_images\000000453841.jpg,True,True,0.9330289959907532,0.9291940927505493,"[202.78109741210938, 160.93565368652344, 396.3634948730469, 321.11279296875]","[202.5732421875, 160.9405517578125, 396.1978454589844, 320.2096252441406]",0.9175221287427235,0.9125398486573422,0.0038349032402038574,0.004982280085381374,True,False,300,300,54.3995999978506,54.485100001329556
attack_03,454661,car,D:\project CS\RT-DETRv2-COCO-Attack\source_data\attack_03\clean_images\000000454661.jpg,D:\project CS\RT-DETRv2-COCO-Attack\source_data\attack_03\patched_images\000000454661.jpg,True,True,0.9586371183395386,0.9590284824371338,"[248.40802001953125, 183.36404418945312, 639.6906127929688, 359.3902893066406]","[248.12319946289062, 183.34442138671875, 639.7405395507812, 359.08758544921875]",0.982337270541106,0.9810977862397938,-0.00039136409759521484,0.0012394843013121548,True,False,300,300,54.91230000188807,54.80810000153724
attack_03,455157,person,D:\project CS\RT-DETRv2-COCO-Attack\source_data\attack_03\clean_images\000000455157.jpg,D:\project CS\RT-DETRv2-COCO-Attack\source_data\attack_03\patched_images\000000455157.jpg,True,True,0.8654763698577881,0.8668940663337708,"[151.1598663330078, 157.48919677734375, 375.69293212890625, 501.7608337402344]","[147.83140563964844, 157.45843505859375, 375.39971923828125, 502.19293212890625]",0.7682128942529234,0.7586821540934545,-0.001417696475982666,0.009530740159468865,True,False,300,300,54.950199999439064,55.19230000209063
attack_03,455555,person,D:\project CS\RT-DETRv2-COCO-Attack\source_data\attack_03\clean_images\000000455555.jpg,D:\project CS\RT-DETRv2-COCO-Attack\source_data\attack_03\patched_images\000000455555.jpg,True,True,0.9527238607406616,0.9591805934906006,"[108.46965789794922, 100.88449096679688, 461.08648681640625, 530.6666259765625]","[108.12145233154297, 100.75003814697266, 460.8238525390625, 533.1483764648438]",0.8158113099645773,0.810678555303512,-0.006456732749938965,0.005132754661065331,True,False,300,300,55.77540000376757,55.4100000008475
attack_03,455624,person,D:\project CS\RT-DETRv2-COCO-Attack\source_data\attack_03\clean_images\000000455624.jpg,D:\project CS\RT-DETRv2-COCO-Attack\source_data\attack_03\patched_images\000000455624.jpg,True,True,0.9536595940589905,0.9509301781654358,"[274.96356201171875, 57.225101470947266, 464.1427001953125, 335.3009033203125]","[274.8970947265625, 57.42570877075195, 463.58001708984375, 335.03155517578125]",0.9604444388473973,0.9589204741338875,0.0027294158935546875,0.0015239647135097956,True,False,300,300,54.60789999779081,54.97990000003483
attack_03,456015,person,D:\project CS\RT-DETRv2-COCO-Attack\source_data\attack_03\clean_images\000000456015.jpg,D:\project CS\RT-DETRv2-COCO-Attack\source_data\attack_03\patched_images\000000456015.jpg,True,True,0.9222140312194824,0.9115492701530457,"[404.73046875, 55.4626579284668, 467.7665710449219, 174.43421936035156]","[404.81427001953125, 55.39734649658203, 468.59423828125, 174.34837341308594]",0.8987306939819275,0.8884021335091713,0.010664761066436768,0.01032856047275621,True,False,300,300,54.4891000026837,54.553499998291954
attack_03,456394,car,D:\project CS\RT-DETRv2-COCO-Attack\source_data\attack_03\clean_images\000000456394.jpg,D:\project CS\RT-DETRv2-COCO-Attack\source_data\attack_03\patched_images\000000456394.jpg,True,True,0.5208240747451782,0.40190717577934265,"[91.09150695800781, 0.07253336906433105, 204.3935546875, 20.114688873291016]","[91.0499267578125, 0.09553754329681396, 204.44729614257812, 20.239566802978516]",0.9696978224724395,0.9776679708625549,0.11891689896583557,-0.00797014839011534,True,False,300,300,55.48840000119526,56.09299999923678
attack_03,458325,car,D:\project CS\RT-DETRv2-COCO-Attack\source_data\attack_03\clean_images\000000458325.jpg,D:\project CS\RT-DETRv2-COCO-Attack\source_data\attack_03\patched_images\000000458325.jpg,True,True,0.9315038919448853,0.8094655275344849,"[1.2310028076171875, 163.92054748535156, 181.7137908935547, 331.58966064453125]","[1.1725234985351562, 163.93707275390625, 181.63238525390625, 331.9215087890625]",0.9348755662866253,0.9367185038462371,0.12203836441040039,-0.0018429375596118458,True,False,300,300,54.56389999744715,54.2524999982561
attack_03,458992,person,D:\project CS\RT-DETRv2-COCO-Attack\source_data\attack_03\clean_images\000000458992.jpg,D:\project CS\RT-DETRv2-COCO-Attack\source_data\attack_03\patched_images\000000458992.jpg,True,True,0.9698215126991272,0.9719505906105042,"[-0.02067089080810547, 1.1832618713378906, 462.55023193359375, 414.79730224609375]","[0.3424072265625, 0.9905815124511719, 462.2593994140625, 409.70367431640625]",0.978671516079967,0.979138140008393,-0.002129077911376953,-0.0004666239284260021,True,False,300,300,55.697999996482395,56.0129000004963
attack_03,459153,person,D:\project CS\RT-DETRv2-COCO-Attack\source_data\attack_03\clean_images\000000459153.jpg,D:\project CS\RT-DETRv2-COCO-Attack\source_data\attack_03\patched_images\000000459153.jpg,True,True,0.9245207905769348,0.9362603425979614,"[111.1530532836914, 179.32958984375, 387.5812683105469, 529.0106811523438]","[111.1332015991211, 179.4739532470703, 388.3367919921875, 528.9920043945312]",0.9721901751164685,0.9752480104397298,-0.011739552021026611,-0.0030578353232612043,True,False,300,300,55.2592999956687,55.332299998553935
attack_03,459954,person,D:\project CS\RT-DETRv2-COCO-Attack\source_data\attack_03\clean_images\000000459954.jpg,D:\project CS\RT-DETRv2-COCO-Attack\source_data\attack_03\patched_images\000000459954.jpg,True,True,0.8334320783615112,0.8080841302871704,"[241.43687438964844, 149.2241668701172, 274.1296691894531, 292.1333312988281]","[241.56690979003906, 149.28286743164062, 274.09912109375, 292.3084411621094]",0.972481136085952,0.975026107052598,0.02534794807434082,-0.0025449709666459652,True,False,300,300,56.18710000271676,55.73469999944791
attack_03,462371,person,D:\project CS\RT-DETRv2-COCO-Attack\source_data\attack_03\clean_images\000000462371.jpg,D:\project CS\RT-DETRv2-COCO-Attack\source_data\attack_03\patched_images\000000462371.jpg,True,True,0.8506008982658386,0.567964494228363,"[126.31757354736328, 10.47074031829834, 404.8914794921875, 398.7978210449219]","[125.99134826660156, 10.855327606201172, 412.5348815917969, 399.6331787109375]",0.6512454827486215,0.6748715759532172,0.2826364040374756,-0.023626093204595744,True,False,300,300,55.42340000101831,56.51220000436297
attack_03,463522,person,D:\project CS\RT-DETRv2-COCO-Attack\source_data\attack_03\clean_images\000000463522.jpg,D:\project CS\RT-DETRv2-COCO-Attack\source_data\attack_03\patched_images\000000463522.jpg,False,False,,,,,,,,,False,False,300,300,54.33110000012675,53.739900002256036
attack_03,464824,car,D:\project CS\RT-DETRv2-COCO-Attack\source_data\attack_03\clean_images\000000464824.jpg,D:\project CS\RT-DETRv2-COCO-Attack\source_data\attack_03\patched_images\000000464824.jpg,False,False,,,,,,,,,False,False,300,300,55.69620000460418,55.46850000246195
attack_03,466156,car,D:\project CS\RT-DETRv2-COCO-Attack\source_data\attack_03\clean_images\000000466156.jpg,D:\project CS\RT-DETRv2-COCO-Attack\source_data\attack_03\patched_images\000000466156.jpg,True,True,0.7654609084129333,0.6681388020515442,"[-0.0006556510925292969, 7.948111534118652, 499.9979248046875, 373.70635986328125]","[0.0909566879272461, 3.1948909759521484, 500.08843994140625, 378.00390625]",0.9017932868467033,0.8797250290443274,0.09732210636138916,0.02206825780237598,True,False,300,300,55.7081000006292,55.5854000049294
attack_03,467511,person,D:\project CS\RT-DETRv2-COCO-Attack\source_data\attack_03\clean_images\000000467511.jpg,D:\project CS\RT-DETRv2-COCO-Attack\source_data\attack_03\patched_images\000000467511.jpg,True,True,0.8034988045692444,0.8290984034538269,"[21.016643524169922, 69.4985580444336, 176.79534912109375, 393.45599365234375]","[21.140913009643555, 69.33242797851562, 176.6378936767578, 394.65899658203125]",0.9805833235198944,0.9782256659838082,-0.02559959888458252,0.0023576575360861884,True,False,300,300,56.42429999716114,55.69590000231983
attack_03,470924,person,D:\project CS\RT-DETRv2-COCO-Attack\source_data\attack_03\clean_images\000000470924.jpg,D:\project CS\RT-DETRv2-COCO-Attack\source_data\attack_03\patched_images\000000470924.jpg,True,True,0.9526060819625854,0.9452242255210876,"[404.90411376953125, 121.09735870361328, 609.881591796875, 475.429931640625]","[405.8153991699219, 120.85926818847656, 610.0281982421875, 475.7251281738281]",0.8931978167344341,0.8912049860180594,0.007381856441497803,0.001992830716374683,True,False,300,300,55.532800004584715,55.51079999713693
attack_03,474452,car,D:\project CS\RT-DETRv2-COCO-Attack\source_data\attack_03\clean_images\000000474452.jpg,D:\project CS\RT-DETRv2-COCO-Attack\source_data\attack_03\patched_images\000000474452.jpg,False,False,,,,,,,,,False,False,300,300,54.50850000488572,53.570999996736646
attack_03,476704,car,D:\project CS\RT-DETRv2-COCO-Attack\source_data\attack_03\clean_images\000000476704.jpg,D:\project CS\RT-DETRv2-COCO-Attack\source_data\attack_03\patched_images\000000476704.jpg,True,True,0.8398386240005493,0.8641794323921204,"[573.5929565429688, 230.7909698486328, 632.8406372070312, 279.8831787109375]","[573.6796264648438, 228.32310485839844, 634.2337646484375, 279.7722473144531]",0.8616475345393717,0.8044362056859568,-0.024340808391571045,0.057211328853414956,True,False,300,300,54.137300001457334,54.32870000367984
attack_03,479126,person,D:\project CS\RT-DETRv2-COCO-Attack\source_data\attack_03\clean_images\000000479126.jpg,D:\project CS\RT-DETRv2-COCO-Attack\source_data\attack_03\patched_images\000000479126.jpg,True,True,0.9474173784255981,0.9463216662406921,"[335.69085693359375, 158.10829162597656, 573.3936157226562, 424.1176452636719]","[335.154296875, 157.62168884277344, 574.61767578125, 424.0924072265625]",0.9522928923318649,0.9471887695761316,0.0010957121849060059,0.0051041227557332425,True,False,300,300,55.283699999563396,54.99479999707546
attack_03,479248,person,D:\project CS\RT-DETRv2-COCO-Attack\source_data\attack_03\clean_images\000000479248.jpg,D:\project CS\RT-DETRv2-COCO-Attack\source_data\attack_03\patched_images\000000479248.jpg,True,False,0.6617090106010437,,"[235.1439208984375, 198.98428344726562, 316.40704345703125, 283.5181884765625]",,0.571210449734126,,,,True,True,300,300,54.449199997179676,54.81970000255387
attack_03,480021,car,D:\project CS\RT-DETRv2-COCO-Attack\source_data\attack_03\clean_images\000000480021.jpg,D:\project CS\RT-DETRv2-COCO-Attack\source_data\attack_03\patched_images\000000480021.jpg,True,True,0.31093472242355347,0.6280960440635681,"[303.3489990234375, 90.95988464355469, 456.42401123046875, 158.09963989257812]","[304.04779052734375, 90.59992980957031, 403.34356689453125, 156.89364624023438]",0.8429411433967551,0.5854889206580615,-0.31716132164001465,0.2574522227386936,True,False,300,300,55.259500004467554,55.50039999798173
attack_03,482275,person,D:\project CS\RT-DETRv2-COCO-Attack\source_data\attack_03\clean_images\000000482275.jpg,D:\project CS\RT-DETRv2-COCO-Attack\source_data\attack_03\patched_images\000000482275.jpg,True,True,0.9525886178016663,0.8308958411216736,"[94.07528686523438, 21.142658233642578, 397.35687255859375, 476.1614685058594]","[93.42169189453125, 21.308326721191406, 307.7579040527344, 475.5196533203125]",0.9575358107745193,0.7115546020473669,0.12169277667999268,0.24598120872715246,True,False,300,300,54.616000001260545,54.906000004848465
attack_03,484404,person,D:\project CS\RT-DETRv2-COCO-Attack\source_data\attack_03\clean_images\000000484404.jpg,D:\project CS\RT-DETRv2-COCO-Attack\source_data\attack_03\patched_images\000000484404.jpg,True,True,0.7772283554077148,0.7450436353683472,"[297.2590026855469, 289.55010986328125, 345.0805969238281, 317.38140869140625]","[297.8026123046875, 289.27032470703125, 344.5601806640625, 317.36541748046875]",0.7430654643670963,0.7359702024364853,0.032184720039367676,0.007095261930611052,True,False,300,300,54.24089999723947,54.65909999475116
attack_03,485071,person,D:\project CS\RT-DETRv2-COCO-Attack\source_data\attack_03\clean_images\000000485071.jpg,D:\project CS\RT-DETRv2-COCO-Attack\source_data\attack_03\patched_images\000000485071.jpg,True,True,0.9438170194625854,0.85317063331604,"[252.24693298339844, 177.2681884765625, 384.236572265625, 274.2597351074219]","[252.699951171875, 177.1226806640625, 384.1955261230469, 274.2231140136719]",0.9854368078498466,0.9806849377175912,0.09064638614654541,0.004751870132255309,True,False,300,300,54.53599999600556,55.403500002285
attack_03,485237,car,D:\project CS\RT-DETRv2-COCO-Attack\source_data\attack_03\clean_images\000000485237.jpg,D:\project CS\RT-DETRv2-COCO-Attack\source_data\attack_03\patched_images\000000485237.jpg,True,True,0.4853973090648651,0.480179101228714,"[0.1489424705505371, 140.09375, 41.62047576904297, 158.60569763183594]","[0.1515507698059082, 140.11941528320312, 41.96440887451172, 158.4727325439453]",0.9217016388107334,0.9089165661958312,0.005218207836151123,0.012785072614902249,True,False,300,300,54.596900001342874,54.166000001714565
attack_03,490936,car,D:\project CS\RT-DETRv2-COCO-Attack\source_data\attack_03\clean_images\000000490936.jpg,D:\project CS\RT-DETRv2-COCO-Attack\source_data\attack_03\patched_images\000000490936.jpg,True,True,0.7468231916427612,0.7720911502838135,"[372.4173278808594, 82.90020751953125, 451.97332763671875, 166.10015869140625]","[372.1880187988281, 82.91838073730469, 451.96466064453125, 166.1297607421875]",0.9071588004311503,0.90486507129264,-0.025267958641052246,0.0022937291385102254,True,False,300,300,54.4168999986141,55.01139999978477
attack_03,491130,person,D:\project CS\RT-DETRv2-COCO-Attack\source_data\attack_03\clean_images\000000491130.jpg,D:\project CS\RT-DETRv2-COCO-Attack\source_data\attack_03\patched_images\000000491130.jpg,True,True,0.9346408247947693,0.9381875395774841,"[108.31127166748047, 125.2706527709961, 407.4830017089844, 473.53460693359375]","[111.22290802001953, 125.22899627685547, 407.322021484375, 472.8356628417969]",0.9127413651414344,0.9016621880996203,-0.0035467147827148438,0.011079177041814159,True,False,300,300,55.70109999825945,55.733799999870826
attack_03,491213,car,D:\project CS\RT-DETRv2-COCO-Attack\source_data\attack_03\clean_images\000000491213.jpg,D:\project CS\RT-DETRv2-COCO-Attack\source_data\attack_03\patched_images\000000491213.jpg,True,True,0.9051026105880737,0.9198562502861023,"[62.249107360839844, 82.58319091796875, 305.0366516113281, 248.18641662597656]","[61.91276550292969, 82.36224365234375, 305.2273254394531, 248.13363647460938]",0.9531507044818358,0.9553057902952786,-0.014753639698028564,-0.002155085813442814,True,False,300,300,54.56140000023879,54.29199999343837
attack_03,491366,person,D:\project CS\RT-DETRv2-COCO-Attack\source_data\attack_03\clean_images\000000491366.jpg,D:\project CS\RT-DETRv2-COCO-Attack\source_data\attack_03\patched_images\000000491366.jpg,True,True,0.928541898727417,0.9284566044807434,"[-0.18347054719924927, 58.540977478027344, 202.7402801513672, 370.5218200683594]","[0.188484787940979, 59.18345642089844, 190.8042755126953, 370.4317321777344]",0.8631498370982164,0.9140044628771892,8.529424667358398e-05,-0.05085462577897282,True,False,300,300,55.20040000556037,54.58039999939501
attack_03,493772,person,D:\project CS\RT-DETRv2-COCO-Attack\source_data\attack_03\clean_images\000000493772.jpg,D:\project CS\RT-DETRv2-COCO-Attack\source_data\attack_03\patched_images\000000493772.jpg,True,True,0.9427557587623596,0.9415790438652039,"[289.0576477050781, 284.92669677734375, 335.2693176269531, 436.6336669921875]","[288.9797668457031, 284.91461181640625, 335.21136474609375, 436.71234130859375]",0.8605990834099585,0.8613580842935568,0.0011767148971557617,-0.0007590008835982598,True,False,300,300,54.440899999463,54.80309999984456
attack_03,494869,person,D:\project CS\RT-DETRv2-COCO-Attack\source_data\attack_03\clean_images\000000494869.jpg,D:\project CS\RT-DETRv2-COCO-Attack\source_data\attack_03\patched_images\000000494869.jpg,True,True,0.9265738129615784,0.9263584017753601,"[175.64939880371094, 96.33749389648438, 364.419677734375, 438.5491943359375]","[174.89830017089844, 96.42799377441406, 364.8094787597656, 446.4229736328125]",0.9265359018705555,0.9005970640047342,0.00021541118621826172,0.025938837865821296,True,False,300,300,54.12380000052508,54.09460000373656
attack_03,497599,person,D:\project CS\RT-DETRv2-COCO-Attack\source_data\attack_03\clean_images\000000497599.jpg,D:\project CS\RT-DETRv2-COCO-Attack\source_data\attack_03\patched_images\000000497599.jpg,True,True,0.9681569933891296,0.9646220207214355,"[-0.07692620158195496, 1.6173362731933594, 334.2644348144531, 632.7916870117188]","[-0.008042573928833008, 1.84814453125, 334.76019287109375, 632.7556762695312]",0.9976534608173755,0.9959619003788452,0.003534972667694092,0.0016915604385302485,True,False,300,300,55.85030000656843,55.34830000397051
attack_03,498286,car,D:\project CS\RT-DETRv2-COCO-Attack\source_data\attack_03\clean_images\000000498286.jpg,D:\project CS\RT-DETRv2-COCO-Attack\source_data\attack_03\patched_images\000000498286.jpg,True,True,0.5251466631889343,0.8730422258377075,"[431.33819580078125, 334.560791015625, 615.6160888671875, 420.7930908203125]","[431.3798522949219, 334.60662841796875, 616.2158813476562, 420.2464294433594]",0.9465618212440333,0.9557655340701807,-0.3478955626487732,-0.009203712826147403,True,False,300,300,56.52679999911925,57.6156999959494
attack_03,501005,person,D:\project CS\RT-DETRv2-COCO-Attack\source_data\attack_03\clean_images\000000501005.jpg,D:\project CS\RT-DETRv2-COCO-Attack\source_data\attack_03\patched_images\000000501005.jpg,True,True,0.9581788778305054,0.960909366607666,"[128.8437957763672, 58.42388153076172, 306.5657043457031, 311.6485290527344]","[128.4980926513672, 58.314918518066406, 306.7323913574219, 311.3017883300781]",0.9690064842250087,0.9679577203592665,-0.0027304887771606445,0.0010487638657421527,True,False,300,300,55.03000000317115,54.945399999269284
attack_03,504415,car,D:\project CS\RT-DETRv2-COCO-Attack\source_data\attack_03\clean_images\000000504415.jpg,D:\project CS\RT-DETRv2-COCO-Attack\source_data\attack_03\patched_images\000000504415.jpg,True,True,0.9194306135177612,0.917695939540863,"[78.9944076538086, 178.09483337402344, 281.8817138671875, 239.88916015625]","[79.19083404541016, 178.22378540039062, 282.36181640625, 239.75035095214844]",0.9310018231783339,0.9338397229738454,0.0017346739768981934,-0.0028378997955115226,True,False,300,300,53.86279999947874,54.28089999622898
attack_03,505942,car,D:\project CS\RT-DETRv2-COCO-Attack\source_data\attack_03\clean_images\000000505942.jpg,D:\project CS\RT-DETRv2-COCO-Attack\source_data\attack_03\patched_images\000000505942.jpg,True,True,0.3786602020263672,0.4521235525608063,"[458.4571533203125, 169.90428161621094, 500.00787353515625, 211.09957885742188]","[458.7330017089844, 170.1913299560547, 500.0321960449219, 210.80810546875]",0.7277469084984791,0.730209206982551,-0.07346335053443909,-0.0024622984840718676,True,False,300,300,54.18709999503335,54.613300002529286
attack_03,506707,car,D:\project CS\RT-DETRv2-COCO-Attack\source_data\attack_03\clean_images\000000506707.jpg,D:\project CS\RT-DETRv2-COCO-Attack\source_data\attack_03\patched_images\000000506707.jpg,False,False,,,,,,,,,False,False,300,300,55.034999997587875,55.61719999968773
attack_03,507667,car,D:\project CS\RT-DETRv2-COCO-Attack\source_data\attack_03\clean_images\000000507667.jpg,D:\project CS\RT-DETRv2-COCO-Attack\source_data\attack_03\patched_images\000000507667.jpg,True,True,0.7714818716049194,0.7911468744277954,"[212.84893798828125, 11.472466468811035, 352.84820556640625, 54.29148864746094]","[212.9164581298828, 11.357131958007812, 353.13494873046875, 54.068817138671875]",0.7921052243866691,0.7912616595473682,-0.019665002822875977,0.0008435648393009254,True,False,300,300,54.56899999990128,54.01020000135759
attack_03,507797,car,D:\project CS\RT-DETRv2-COCO-Attack\source_data\attack_03\clean_images\000000507797.jpg,D:\project CS\RT-DETRv2-COCO-Attack\source_data\attack_03\patched_images\000000507797.jpg,True,True,0.6123992204666138,0.47811630368232727,"[201.29122924804688, 177.87051391601562, 231.18675231933594, 205.91012573242188]","[199.2122802734375, 178.2119140625, 231.14492797851562, 206.1172332763672]",0.8458288396555252,0.9029995110328403,0.1342829167842865,-0.05717067137731502,True,False,300,300,54.72640000516549,54.39150000165682
attack_03,507975,car,D:\project CS\RT-DETRv2-COCO-Attack\source_data\attack_03\clean_images\000000507975.jpg,D:\project CS\RT-DETRv2-COCO-Attack\source_data\attack_03\patched_images\000000507975.jpg,False,False,,,,,,,,,False,False,300,300,56.428100004268344,56.1563999945065
attack_03,509014,person,D:\project CS\RT-DETRv2-COCO-Attack\source_data\attack_03\clean_images\000000509014.jpg,D:\project CS\RT-DETRv2-COCO-Attack\source_data\attack_03\patched_images\000000509014.jpg,False,False,,,,,,,,,False,False,300,300,54.562800003623124,54.30000000342261
attack_03,511999,car,D:\project CS\RT-DETRv2-COCO-Attack\source_data\attack_03\clean_images\000000511999.jpg,D:\project CS\RT-DETRv2-COCO-Attack\source_data\attack_03\patched_images\000000511999.jpg,True,True,0.9300225377082825,0.930248498916626,"[523.7545166015625, 213.15281677246094, 605.2234497070312, 274.9461975097656]","[523.8406982421875, 213.09945678710938, 605.1900024414062, 274.8352966308594]",0.9749599633957445,0.974665049322568,-0.00022596120834350586,0.00029491407317649987,True,False,300,300,54.858799994690344,55.41559999983292
attack_03,512564,car,D:\project CS\RT-DETRv2-COCO-Attack\source_data\attack_03\clean_images\000000512564.jpg,D:\project CS\RT-DETRv2-COCO-Attack\source_data\attack_03\patched_images\000000512564.jpg,True,True,0.8582231998443604,0.8439698815345764,"[123.99990844726562, 287.2572326660156, 160.90171813964844, 318.44873046875]","[123.79622650146484, 287.2847595214844, 160.66598510742188, 318.44000244140625]",0.8991959733196242,0.9084303914282749,0.014253318309783936,-0.009234418108650666,True,False,300,300,53.72659999557072,54.2249999998603
attack_03,512836,person,D:\project CS\RT-DETRv2-COCO-Attack\source_data\attack_03\clean_images\000000512836.jpg,D:\project CS\RT-DETRv2-COCO-Attack\source_data\attack_03\patched_images\000000512836.jpg,True,True,0.9319990277290344,0.9263348579406738,"[143.0124053955078, 159.4510040283203, 287.2494812011719, 529.66064453125]","[142.73440551757812, 159.13526916503906, 286.96844482421875, 529.6036376953125]",0.9405390912018887,0.9414671133263607,0.005664169788360596,-0.0009280221244719611,True,False,300,300,55.3966000006767,55.14229999971576
attack_03,512985,person,D:\project CS\RT-DETRv2-COCO-Attack\source_data\attack_03\clean_images\000000512985.jpg,D:\project CS\RT-DETRv2-COCO-Attack\source_data\attack_03\patched_images\000000512985.jpg,True,True,0.932166576385498,0.9302922487258911,"[427.5103454589844, 126.21131134033203, 495.83233642578125, 326.96173095703125]","[427.75286865234375, 126.25555419921875, 495.4884033203125, 326.98529052734375]",0.8061359351182042,0.804130050838249,0.0018743276596069336,0.0020058842799552945,True,False,300,300,54.313400003593415,54.39160000241827
attack_03,513041,person,D:\project CS\RT-DETRv2-COCO-Attack\source_data\attack_03\clean_images\000000513041.jpg,D:\project CS\RT-DETRv2-COCO-Attack\source_data\attack_03\patched_images\000000513041.jpg,True,True,0.9532282948493958,0.9497246146202087,"[0.28072357177734375, 1.068563461303711, 375.96533203125, 252.46768188476562]","[0.4674339294433594, 1.1377286911010742, 376.0894775390625, 251.46109008789062]",0.9569730728861916,0.9536951503191515,0.0035036802291870117,0.0032779225670400702,True,False,300,300,55.934100004378706,55.881799999042414
attack_03,514586,car,D:\project CS\RT-DETRv2-COCO-Attack\source_data\attack_03\clean_images\000000514586.jpg,D:\project CS\RT-DETRv2-COCO-Attack\source_data\attack_03\patched_images\000000514586.jpg,False,True,,0.2598913311958313,,"[288.9427490234375, 120.64766693115234, 313.1209411621094, 151.66973876953125]",,0.6153111712487004,,,False,False,300,300,55.47569999907864,55.4037000038079
attack_03,515982,person,D:\project CS\RT-DETRv2-COCO-Attack\source_data\attack_03\clean_images\000000515982.jpg,D:\project CS\RT-DETRv2-COCO-Attack\source_data\attack_03\patched_images\000000515982.jpg,True,True,0.9454982280731201,0.9539908766746521,"[341.8053894042969, 0.3679874539375305, 591.2742309570312, 406.32489013671875]","[341.15582275390625, 0.38625669479370117, 591.4021606445312, 405.68182373046875]",0.9691384737733533,0.9704587270037984,-0.008492648601531982,-0.0013202532304451564,True,False,300,300,56.394400002318434,55.71339999733027
attack_03,521052,car,D:\project CS\RT-DETRv2-COCO-Attack\source_data\attack_03\clean_images\000000521052.jpg,D:\project CS\RT-DETRv2-COCO-Attack\source_data\attack_03\patched_images\000000521052.jpg,True,True,0.8984435796737671,0.8986619114875793,"[11.744291305541992, 262.66943359375, 78.40277099609375, 342.0380859375]","[11.617033004760742, 262.29107666015625, 78.51116180419922, 342.2179870605469]",0.9749543798242813,0.9647342064869686,-0.00021833181381225586,0.010220173337312732,True,False,300,300,55.56529999739723,55.581499997060746
attack_03,521141,car,D:\project CS\RT-DETRv2-COCO-Attack\source_data\attack_03\clean_images\000000521141.jpg,D:\project CS\RT-DETRv2-COCO-Attack\source_data\attack_03\patched_images\000000521141.jpg,True,True,0.8971604108810425,0.8297672271728516,"[305.2796630859375, 241.88479614257812, 375.0226745605469, 272.7485046386719]","[305.45361328125, 241.54197692871094, 374.9296875, 272.65887451171875]",0.9556452558256837,0.9623038412399167,0.06739318370819092,-0.006658585414233031,True,False,300,300,54.30579999665497,54.18959999951767
attack_03,521819,car,D:\project CS\RT-DETRv2-COCO-Attack\source_data\attack_03\clean_images\000000521819.jpg,D:\project CS\RT-DETRv2-COCO-Attack\source_data\attack_03\patched_images\000000521819.jpg,True,True,0.8330491781234741,0.7776150703430176,"[559.0755615234375, 361.19073486328125, 602.454345703125, 386.5522155761719]","[559.1426391601562, 361.3187255859375, 602.4348754882812, 386.0174255371094]",0.923332285501667,0.9042062754832391,0.05543410778045654,0.019126010018427952,True,False,300,300,54.41620000055991,54.255700000794604
attack_03,526728,car,D:\project CS\RT-DETRv2-COCO-Attack\source_data\attack_03\clean_images\000000526728.jpg,D:\project CS\RT-DETRv2-COCO-Attack\source_data\attack_03\patched_images\000000526728.jpg,True,True,0.8746007680892944,0.7949570417404175,"[388.4332580566406, 172.1151123046875, 451.9426574707031, 197.12034606933594]","[388.279296875, 171.1512908935547, 452.29705810546875, 197.16781616210938]",0.8965759463999895,0.9319112549958319,0.07964372634887695,-0.03533530859584244,True,False,300,300,54.74819999653846,54.84689999866532
attack_03,527220,car,D:\project CS\RT-DETRv2-COCO-Attack\source_data\attack_03\clean_images\000000527220.jpg,D:\project CS\RT-DETRv2-COCO-Attack\source_data\attack_03\patched_images\000000527220.jpg,True,True,0.5116764307022095,0.38574475049972534,"[3.6156325340270996, 4.183806896209717, 167.05014038085938, 159.84022521972656]","[3.4367740154266357, 4.063613414764404, 166.7896270751953, 159.2965545654297]",0.9739356904778499,0.9807008835084997,0.12593168020248413,-0.006765193030649819,True,False,300,300,55.912999996508006,56.01520000345772
attack_03,533145,person,D:\project CS\RT-DETRv2-COCO-Attack\source_data\attack_03\clean_images\000000533145.jpg,D:\project CS\RT-DETRv2-COCO-Attack\source_data\attack_03\patched_images\000000533145.jpg,True,True,0.351698637008667,0.2646559178829193,"[0.2812296152114868, 0.7254369258880615, 194.60134887695312, 289.3968200683594]","[0.15834718942642212, 0.6862096786499023, 196.4686737060547, 291.92340087890625]",0.9904009681860101,0.9837975429830073,0.08704271912574768,0.006603425203002833,True,False,300,300,56.1057000013534,55.842900001152884
attack_03,534270,person,D:\project CS\RT-DETRv2-COCO-Attack\source_data\attack_03\clean_images\000000534270.jpg,D:\project CS\RT-DETRv2-COCO-Attack\source_data\attack_03\patched_images\000000534270.jpg,True,True,0.9459918141365051,0.94676673412323,"[145.8040008544922, 135.27249145507812, 239.4430389404297, 410.66632080078125]","[145.63050842285156, 135.1650848388672, 239.5335235595703, 410.6272888183594]",0.9119124924130139,0.9123437699695116,-0.0007749199867248535,-0.00043127755649774446,True,False,300,300,55.63170000095852,55.445700003474485
attack_03,537506,car,D:\project CS\RT-DETRv2-COCO-Attack\source_data\attack_03\clean_images\000000537506.jpg,D:\project CS\RT-DETRv2-COCO-Attack\source_data\attack_03\patched_images\000000537506.jpg,True,True,0.7875722646713257,0.2548108994960785,"[118.10802459716797, 50.55683898925781, 276.06805419921875, 174.59925842285156]","[110.78817749023438, 50.05458450317383, 325.1569519042969, 177.00723266601562]",0.683591382546795,0.9129545077152692,0.5327613651752472,-0.22936312516847424,True,False,300,300,56.20030000136467,55.76989999826765
attack_03,540414,person,D:\project CS\RT-DETRv2-COCO-Attack\source_data\attack_03\clean_images\000000540414.jpg,D:\project CS\RT-DETRv2-COCO-Attack\source_data\attack_03\patched_images\000000540414.jpg,False,False,,,,,,,,,False,False,300,300,54.9410000021453,55.05129999801284
attack_03,545007,person,D:\project CS\RT-DETRv2-COCO-Attack\source_data\attack_03\clean_images\000000545007.jpg,D:\project CS\RT-DETRv2-COCO-Attack\source_data\attack_03\patched_images\000000545007.jpg,False,False,,,,,,,,,False,False,300,300,54.4307000018307,54.78910000238102
attack_03,547336,person,D:\project CS\RT-DETRv2-COCO-Attack\source_data\attack_03\clean_images\000000547336.jpg,D:\project CS\RT-DETRv2-COCO-Attack\source_data\attack_03\patched_images\000000547336.jpg,True,True,0.9654892683029175,0.9597030878067017,"[99.66678619384766, 28.083572387695312, 468.7535095214844, 438.29852294921875]","[100.73719024658203, 28.40734100341797, 468.3883972167969, 438.2926330566406]",0.9857582046195408,0.9819974379575922,0.00578618049621582,0.003760766661948578,True,False,300,300,55.8660000024247,55.5707999956212
attack_03,549390,person,D:\project CS\RT-DETRv2-COCO-Attack\source_data\attack_03\clean_images\000000549390.jpg,D:\project CS\RT-DETRv2-COCO-Attack\source_data\attack_03\patched_images\000000549390.jpg,True,True,0.9233518242835999,0.9462071657180786,"[202.76275634765625, 64.78084564208984, 393.23809814453125, 380.29315185546875]","[205.29335021972656, 64.71717834472656, 394.91046142578125, 380.1668701171875]",0.8428646835451638,0.8388036020237665,-0.02285534143447876,0.004061081521397281,True,False,300,300,54.190399998333305,54.21849999402184
attack_03,550691,car,D:\project CS\RT-DETRv2-COCO-Attack\source_data\attack_03\clean_images\000000550691.jpg,D:\project CS\RT-DETRv2-COCO-Attack\source_data\attack_03\patched_images\000000550691.jpg,True,True,0.9492477774620056,0.9469234943389893,"[115.93629455566406, 285.821533203125, 198.14511108398438, 353.9961853027344]","[115.80941009521484, 285.93310546875, 198.06808471679688, 353.9146728515625]",0.9208461173555915,0.9168145585094853,0.0023242831230163574,0.004031558846106176,True,False,300,300,54.4233999971766,54.61729999660747
attack_03,555050,car,D:\project CS\RT-DETRv2-COCO-Attack\source_data\attack_03\clean_images\000000555050.jpg,D:\project CS\RT-DETRv2-COCO-Attack\source_data\attack_03\patched_images\000000555050.jpg,True,True,0.9516645669937134,0.9522929787635803,"[1.2373552322387695, 177.65834045410156, 237.11106872558594, 269.843505859375]","[1.4490336179733276, 177.63430786132812, 237.11041259765625, 269.7628479003906]",0.978509953339468,0.9787384079267442,-0.0006284117698669434,-0.0002284545872761612,True,False,300,300,54.16540000442183,54.85249999765074
attack_03,558854,person,D:\project CS\RT-DETRv2-COCO-Attack\source_data\attack_03\clean_images\000000558854.jpg,D:\project CS\RT-DETRv2-COCO-Attack\source_data\attack_03\patched_images\000000558854.jpg,True,True,0.4293637275695801,0.44187644124031067,"[103.57331848144531, 0.3350861370563507, 320.3112487792969, 41.76082992553711]","[103.48831176757812, 0.2424507439136505, 320.4713439941406, 41.64113998413086]",0.7437972713059038,0.7406123762118985,-0.01251271367073059,0.0031848950940053244,True,False,300,300,55.94560000463389,55.864499998278916
attack_03,564336,car,D:\project CS\RT-DETRv2-COCO-Attack\source_data\attack_03\clean_images\000000564336.jpg,D:\project CS\RT-DETRv2-COCO-Attack\source_data\attack_03\patched_images\000000564336.jpg,False,False,,,,,,,,,False,False,300,300,56.07149999559624,54.8765000057756
attack_03,565045,person,D:\project CS\RT-DETRv2-COCO-Attack\source_data\attack_03\clean_images\000000565045.jpg,D:\project CS\RT-DETRv2-COCO-Attack\source_data\attack_03\patched_images\000000565045.jpg,True,True,0.8210561871528625,0.7433071732521057,"[261.6172180175781, 356.56243896484375, 332.9458312988281, 498.5541076660156]","[260.69989013671875, 357.01116943359375, 332.9438171386719, 498.10455322265625]",0.9683321859215077,0.9767425510596665,0.07774901390075684,-0.008410365138158737,True,False,300,300,55.743299999448936,55.62140000256477
attack_03,566282,car,D:\project CS\RT-DETRv2-COCO-Attack\source_data\attack_03\clean_images\000000566282.jpg,D:\project CS\RT-DETRv2-COCO-Attack\source_data\attack_03\patched_images\000000566282.jpg,True,True,0.9346849918365479,0.8433538675308228,"[290.45806884765625, 170.25157165527344, 495.8784484863281, 239.58023071289062]","[290.45721435546875, 170.72486877441406, 496.3919677734375, 239.5629425048828]",0.9567981216765028,0.9478010609805518,0.0913311243057251,0.008997060695950965,True,False,300,300,54.12849999993341,54.41949999658391
attack_03,567197,car,D:\project CS\RT-DETRv2-COCO-Attack\source_data\attack_03\clean_images\000000567197.jpg,D:\project CS\RT-DETRv2-COCO-Attack\source_data\attack_03\patched_images\000000567197.jpg,True,True,0.5297049880027771,0.4406518042087555,"[70.82331848144531, 297.6870422363281, 117.80481719970703, 333.78326416015625]","[70.63941955566406, 297.6452331542969, 117.66114807128906, 333.7325744628906]",0.920929775625628,0.9203683018421301,0.0890531837940216,0.0005614737834979122,True,False,300,300,54.342800001904834,54.58080000244081
attack_03,567640,person,D:\project CS\RT-DETRv2-COCO-Attack\source_data\attack_03\clean_images\000000567640.jpg,D:\project CS\RT-DETRv2-COCO-Attack\source_data\attack_03\patched_images\000000567640.jpg,True,True,0.9635553956031799,0.954981803894043,"[286.7934265136719, 42.603885650634766, 491.0347900390625, 368.3553161621094]","[286.76953125, 42.27360534667969, 491.6212463378906, 368.6258239746094]",0.9733291247761976,0.9702783005631511,0.008573591709136963,0.003050824213046477,True,False,300,300,55.10620000131894,55.29949999618111
attack_03,571598,person,D:\project CS\RT-DETRv2-COCO-Attack\source_data\attack_03\clean_images\000000571598.jpg,D:\project CS\RT-DETRv2-COCO-Attack\source_data\attack_03\patched_images\000000571598.jpg,True,True,0.9469075798988342,0.9473146796226501,"[178.63949584960938, 93.63418579101562, 462.7795715332031, 476.0298156738281]","[178.7484893798828, 93.59066772460938, 462.26007080078125, 475.9581604003906]",0.9735564635254801,0.9711197334751283,-0.00040709972381591797,0.002436730050351832,True,False,300,300,54.4921999971848,55.1772999970126
attack_03,577932,car,D:\project CS\RT-DETRv2-COCO-Attack\source_data\attack_03\clean_images\000000577932.jpg,D:\project CS\RT-DETRv2-COCO-Attack\source_data\attack_03\patched_images\000000577932.jpg,True,True,0.9426806569099426,0.9456800818443298,"[500.32135009765625, 255.8054656982422, 639.8167724609375, 538.6180419921875]","[500.2073669433594, 255.53321838378906, 639.7076416015625, 538.757080078125]",0.9207866020790506,0.9212919814023012,-0.002999424934387207,-0.0005053793232505654,True,False,300,300,54.75579999620095,54.03359999763779
