attack_id,image_id,target_class,clean_image,patched_image,clean_detected,patched_detected,clean_confidence,patched_confidence,clean_bbox,patched_bbox,clean_iou,patched_iou,confidence_drop,iou_drop,eligible,attack_success,clean_prediction_count,patched_prediction_count,inference_time_ms_clean,inference_time_ms_patched
attack_04,1532,car,D:\project CS\RT-DETRv2-COCO-Attack\source_data\attack_04\clean_images\000000001532.jpg,D:\project CS\RT-DETRv2-COCO-Attack\source_data\attack_04\patched_images\000000001532.jpg,True,True,0.9160691499710083,0.935842752456665,"[223.55413818359375, 356.657958984375, 423.3026123046875, 478.8628234863281]","[223.4134063720703, 356.6988220214844, 423.454345703125, 478.87432861328125]",0.929362057080753,0.9284123062562657,-0.01977360248565674,0.0009497508244873387,True,False,300,300,54.29059999732999,54.91249999613501
attack_04,7281,person,D:\project CS\RT-DETRv2-COCO-Attack\source_data\attack_04\clean_images\000000007281.jpg,D:\project CS\RT-DETRv2-COCO-Attack\source_data\attack_04\patched_images\000000007281.jpg,True,True,0.8944956660270691,0.8544872403144836,"[391.1504821777344, 132.97384643554688, 466.76348876953125, 297.4468688964844]","[391.9508056640625, 132.53842163085938, 466.8047790527344, 297.29412841796875]",0.5820709650526903,0.574816091912063,0.04000842571258545,0.007254873140627338,True,False,300,300,58.509199996478856,58.80030000116676
attack_04,8211,person,D:\project CS\RT-DETRv2-COCO-Attack\source_data\attack_04\clean_images\000000008211.jpg,D:\project CS\RT-DETRv2-COCO-Attack\source_data\attack_04\patched_images\000000008211.jpg,True,True,0.9433120489120483,0.9429152607917786,"[325.11065673828125, 202.2179412841797, 406.57305908203125, 351.1244201660156]","[325.258544921875, 202.23440551757812, 406.51153564453125, 351.09112548828125]",0.9217915555639427,0.9225522758808877,0.0003967881202697754,-0.0007607203169450738,True,False,300,300,54.30280000291532,54.90519999875687
attack_04,8690,person,D:\project CS\RT-DETRv2-COCO-Attack\source_data\attack_04\clean_images\000000008690.jpg,D:\project CS\RT-DETRv2-COCO-Attack\source_data\attack_04\patched_images\000000008690.jpg,True,True,0.9590600728988647,0.9560006856918335,"[127.50065612792969, 22.011795043945312, 351.3963623046875, 395.78466796875]","[129.2582550048828, 22.10331916809082, 351.55694580078125, 396.788818359375]",0.9475238890549961,0.9575788915020912,0.00305938720703125,-0.010055002447095118,True,False,300,300,55.58779999410035,56.03069999779109
attack_04,10363,car,D:\project CS\RT-DETRv2-COCO-Attack\source_data\attack_04\clean_images\000000010363.jpg,D:\project CS\RT-DETRv2-COCO-Attack\source_data\attack_04\patched_images\000000010363.jpg,True,True,0.9341886043548584,0.9594084620475769,"[89.795166015625, 23.859302520751953, 640.5091552734375, 356.7826232910156]","[90.48458099365234, 26.049535751342773, 640.5858154296875, 356.8434753417969]",0.9749640051484618,0.9825999343033647,-0.025219857692718506,-0.007635929154902854,True,False,300,300,55.56400000205031,55.789300000469666
attack_04,11197,car,D:\project CS\RT-DETRv2-COCO-Attack\source_data\attack_04\clean_images\000000011197.jpg,D:\project CS\RT-DETRv2-COCO-Attack\source_data\attack_04\patched_images\000000011197.jpg,True,True,0.9453813433647156,0.9352968335151672,"[400.7809753417969, 154.45986938476562, 486.1455078125, 193.2537384033203]","[401.1815185546875, 154.544189453125, 485.9875793457031, 193.0410614013672]",0.9541055754882046,0.9411565467007726,0.01008450984954834,0.012949028787431982,True,False,300,300,54.642400005832314,54.00229999941075
attack_04,15338,car,D:\project CS\RT-DETRv2-COCO-Attack\source_data\attack_04\clean_images\000000015338.jpg,D:\project CS\RT-DETRv2-COCO-Attack\source_data\attack_04\patched_images\000000015338.jpg,True,False,0.4380539059638977,,"[0.18478870391845703, 187.82080078125, 32.61265182495117, 216.62054443359375]",,0.9034439506563378,,,,True,True,300,300,54.458799997519236,54.396200001065154
attack_04,16228,person,D:\project CS\RT-DETRv2-COCO-Attack\source_data\attack_04\clean_images\000000016228.jpg,D:\project CS\RT-DETRv2-COCO-Attack\source_data\attack_04\patched_images\000000016228.jpg,False,False,,,,,,,,,False,False,300,300,54.3004999999539,54.129600001033396
attack_04,17029,car,D:\project CS\RT-DETRv2-COCO-Attack\source_data\attack_04\clean_images\000000017029.jpg,D:\project CS\RT-DETRv2-COCO-Attack\source_data\attack_04\patched_images\000000017029.jpg,True,True,0.8482272028923035,0.9507631659507751,"[52.758121490478516, 25.525001525878906, 563.2025146484375, 175.76104736328125]","[53.63983154296875, 24.60712432861328, 563.059326171875, 176.68121337890625]",0.9625364343050905,0.9640541633130654,-0.10253596305847168,-0.0015177290079748662,True,False,300,300,54.8179000033997,55.36519999441225
attack_04,17178,car,D:\project CS\RT-DETRv2-COCO-Attack\source_data\attack_04\clean_images\000000017178.jpg,D:\project CS\RT-DETRv2-COCO-Attack\source_data\attack_04\patched_images\000000017178.jpg,True,True,0.9294669032096863,0.9263838529586792,"[433.52276611328125, 107.7143325805664, 639.8374633789062, 421.5361022949219]","[433.46160888671875, 107.74048614501953, 639.8370361328125, 421.70440673828125]",0.9796577685458299,0.9799761957535568,0.00308305025100708,-0.00031842720772690125,True,False,300,300,54.45959999633487,54.62709999846993
attack_04,17207,car,D:\project CS\RT-DETRv2-COCO-Attack\source_data\attack_04\clean_images\000000017207.jpg,D:\project CS\RT-DETRv2-COCO-Attack\source_data\attack_04\patched_images\000000017207.jpg,True,False,0.4261917471885681,,"[481.6164855957031, 79.95928192138672, 639.9903564453125, 321.17889404296875]",,0.9667262789208877,,,,True,True,300,300,55.329500006337184,54.42619999666931
attack_04,17627,car,D:\project CS\RT-DETRv2-COCO-Attack\source_data\attack_04\clean_images\000000017627.jpg,D:\project CS\RT-DETRv2-COCO-Attack\source_data\attack_04\patched_images\000000017627.jpg,True,True,0.8910468220710754,0.891371488571167,"[30.050159454345703, 231.27377319335938, 122.80010223388672, 326.19989013671875]","[28.395395278930664, 214.1420135498047, 122.30086517333984, 325.7615051269531]",0.7635955738641846,0.653549413432888,-0.00032466650009155273,0.11004616043129667,True,False,300,300,54.064399999333546,53.824999995413236
attack_04,22705,person,D:\project CS\RT-DETRv2-COCO-Attack\source_data\attack_04\clean_images\000000022705.jpg,D:\project CS\RT-DETRv2-COCO-Attack\source_data\attack_04\patched_images\000000022705.jpg,True,True,0.9562077522277832,0.9566206932067871,"[141.18687438964844, 82.62580871582031, 364.11236572265625, 606.8477783203125]","[141.17198181152344, 82.73515319824219, 364.2089538574219, 607.00048828125]",0.980177080029126,0.9801739063123731,-0.00041294097900390625,3.1737167528467225e-06,True,False,300,300,55.03630000021076,55.71039999631466
attack_04,22755,car,D:\project CS\RT-DETRv2-COCO-Attack\source_data\attack_04\clean_images\000000022755.jpg,D:\project CS\RT-DETRv2-COCO-Attack\source_data\attack_04\patched_images\000000022755.jpg,True,True,0.39823925495147705,0.7117482423782349,"[363.96478271484375, 225.66722106933594, 421.3243103027344, 252.4011688232422]","[365.1655578613281, 226.5307159423828, 421.190185546875, 252.9510498046875]",0.8339264597466617,0.8634305501905204,-0.3135089874267578,-0.02950409044385871,True,False,300,300,54.13399999815738,54.64919999940321
attack_04,23272,car,D:\project CS\RT-DETRv2-COCO-Attack\source_data\attack_04\clean_images\000000023272.jpg,D:\project CS\RT-DETRv2-COCO-Attack\source_data\attack_04\patched_images\000000023272.jpg,True,True,0.9488325715065002,0.9361541867256165,"[0.34999847412109375, 1.0312423706054688, 500.3473815917969, 372.57891845703125]","[0.30305981636047363, -0.5592293739318848, 500.2782287597656, 374.18304443359375]",0.9909193484559565,0.9877475494030624,0.012678384780883789,0.0031717990528941087,True,False,300,300,56.27699999604374,56.21890000475105
attack_04,25424,person,D:\project CS\RT-DETRv2-COCO-Attack\source_data\attack_04\clean_images\000000025424.jpg,D:\project CS\RT-DETRv2-COCO-Attack\source_data\attack_04\patched_images\000000025424.jpg,True,True,0.9172954559326172,0.9190109372138977,"[126.35298156738281, 241.88519287109375, 313.25201416015625, 635.7356567382812]","[126.33045959472656, 241.05467224121094, 314.8461608886719, 636.3931274414062]",0.9519605349090586,0.9596754482343702,-0.0017154812812805176,-0.007714913325311601,True,False,300,300,54.32029999792576,54.47409999760566
attack_04,25603,person,D:\project CS\RT-DETRv2-COCO-Attack\source_data\attack_04\clean_images\000000025603.jpg,D:\project CS\RT-DETRv2-COCO-Attack\source_data\attack_04\patched_images\000000025603.jpg,True,True,0.9458253979682922,0.8361228108406067,"[317.2040710449219, 104.16203308105469, 639.9606323242188, 413.0558166503906]","[318.10223388671875, 104.3150405883789, 639.1223754882812, 371.4917297363281]",0.9605079493353805,0.8310734190395617,0.10970258712768555,0.12943453029581886,True,False,300,300,55.75350000435719,55.2735000019311
attack_04,26204,car,D:\project CS\RT-DETRv2-COCO-Attack\source_data\attack_04\clean_images\000000026204.jpg,D:\project CS\RT-DETRv2-COCO-Attack\source_data\attack_04\patched_images\000000026204.jpg,True,True,0.9514064788818359,0.9499735832214355,"[163.74473571777344, 245.9686279296875, 291.9891357421875, 332.18212890625]","[163.72463989257812, 246.032470703125, 291.92413330078125, 332.3525085449219]",0.9543706640920536,0.9524722347304985,0.0014328956604003906,0.001898429361555154,True,False,300,300,54.41660000360571,53.87190000328701
attack_04,32334,person,D:\project CS\RT-DETRv2-COCO-Attack\source_data\attack_04\clean_images\000000032334.jpg,D:\project CS\RT-DETRv2-COCO-Attack\source_data\attack_04\patched_images\000000032334.jpg,True,True,0.9034180641174316,0.9585490822792053,"[223.04501342773438, 0.3741931915283203, 640.052978515625, 476.7349853515625]","[221.60806274414062, -0.06973743438720703, 639.9218139648438, 477.6264343261719]",0.9707474903519426,0.9650120432318877,-0.05513101816177368,0.005735447120054915,True,False,300,300,55.206600001838524,55.11140000453452
attack_04,33005,person,D:\project CS\RT-DETRv2-COCO-Attack\source_data\attack_04\clean_images\000000033005.jpg,D:\project CS\RT-DETRv2-COCO-Attack\source_data\attack_04\patched_images\000000033005.jpg,True,True,0.9471554160118103,0.944884717464447,"[270.5765075683594, 149.0004425048828, 329.0222473144531, 331.7520751953125]","[270.6429443359375, 149.00445556640625, 328.7889404296875, 331.66094970703125]",0.9328416938251597,0.9296054302252557,0.0022706985473632812,0.0032362635999040323,True,False,300,300,54.20929999672808,54.72800000279676
attack_04,33221,person,D:\project CS\RT-DETRv2-COCO-Attack\source_data\attack_04\clean_images\000000033221.jpg,D:\project CS\RT-DETRv2-COCO-Attack\source_data\attack_04\patched_images\000000033221.jpg,True,True,0.883285641670227,0.9078675508499146,"[9.91635799407959, 104.05643463134766, 122.96064758300781, 332.1774597167969]","[10.217517852783203, 103.98543548583984, 140.523681640625, 331.9450988769531]",0.8271235739576204,0.9527510188180145,-0.0245819091796875,-0.12562744486039412,True,False,300,300,54.62189999525435,55.06279999826802
attack_04,40083,car,D:\project CS\RT-DETRv2-COCO-Attack\source_data\attack_04\clean_images\000000040083.jpg,D:\project CS\RT-DETRv2-COCO-Attack\source_data\attack_04\patched_images\000000040083.jpg,True,True,0.9446187019348145,0.9434438347816467,"[134.86245727539062, 137.7235870361328, 253.94508361816406, 209.86248779296875]","[134.8228759765625, 137.65965270996094, 253.94818115234375, 209.9569854736328]",0.9667198884679931,0.966637278121377,0.0011748671531677246,8.261034661605215e-05,True,False,300,300,55.94879999989644,55.72830000164686
attack_04,43737,car,D:\project CS\RT-DETRv2-COCO-Attack\source_data\attack_04\clean_images\000000043737.jpg,D:\project CS\RT-DETRv2-COCO-Attack\source_data\attack_04\patched_images\000000043737.jpg,True,True,0.2514527142047882,0.41190728545188904,"[112.25286865234375, 414.8611755371094, 190.4580078125, 452.40582275390625]","[112.0725326538086, 414.63433837890625, 192.7200164794922, 450.32403564453125]",0.8934845580849222,0.8554449174410043,-0.16045457124710083,0.03803964064391796,True,False,300,300,55.395399998815265,54.318100003001746
attack_04,44590,car,D:\project CS\RT-DETRv2-COCO-Attack\source_data\attack_04\clean_images\000000044590.jpg,D:\project CS\RT-DETRv2-COCO-Attack\source_data\attack_04\patched_images\000000044590.jpg,False,False,,,,,,,,,False,False,300,300,55.0911999962409,54.53459999989718
attack_04,46048,person,D:\project CS\RT-DETRv2-COCO-Attack\source_data\attack_04\clean_images\000000046048.jpg,D:\project CS\RT-DETRv2-COCO-Attack\source_data\attack_04\patched_images\000000046048.jpg,True,True,0.924586296081543,0.9190115928649902,"[407.40093994140625, 138.39895629882812, 504.2602844238281, 272.68682861328125]","[407.17083740234375, 138.06028747558594, 504.4445495605469, 272.622802734375]",0.9767381974096817,0.9792172684366576,0.005574703216552734,-0.0024790710269758653,True,False,300,300,54.77549999341136,54.62789999728557
attack_04,50811,person,D:\project CS\RT-DETRv2-COCO-Attack\source_data\attack_04\clean_images\000000050811.jpg,D:\project CS\RT-DETRv2-COCO-Attack\source_data\attack_04\patched_images\000000050811.jpg,True,True,0.9536462426185608,0.9543493986129761,"[73.19808959960938, 68.20207977294922, 463.110107421875, 493.8640441894531]","[73.30374145507812, 68.07959747314453, 462.0023193359375, 493.3020324707031]",0.9792029422526597,0.977724849896905,-0.0007031559944152832,0.0014780923557546899,True,False,300,300,55.273999998462386,54.68739999923855
attack_04,51610,person,D:\project CS\RT-DETRv2-COCO-Attack\source_data\attack_04\clean_images\000000051610.jpg,D:\project CS\RT-DETRv2-COCO-Attack\source_data\attack_04\patched_images\000000051610.jpg,True,True,0.9555028676986694,0.9374855756759644,"[345.48431396484375, 102.31473541259766, 591.3919067382812, 404.12054443359375]","[346.828369140625, 102.04222106933594, 591.35302734375, 404.51104736328125]",0.972891999148032,0.9698664709203516,0.018017292022705078,0.0030255282276804296,True,False,300,300,55.20019999676151,55.61619999934919
attack_04,52412,car,D:\project CS\RT-DETRv2-COCO-Attack\source_data\attack_04\clean_images\000000052412.jpg,D:\project CS\RT-DETRv2-COCO-Attack\source_data\attack_04\patched_images\000000052412.jpg,False,False,,,,,,,,,False,False,300,300,54.83970000204863,54.18199999985518
attack_04,53529,person,D:\project CS\RT-DETRv2-COCO-Attack\source_data\attack_04\clean_images\000000053529.jpg,D:\project CS\RT-DETRv2-COCO-Attack\source_data\attack_04\patched_images\000000053529.jpg,True,True,0.7034398317337036,0.5102006196975708,"[48.93017578125, 71.60585021972656, 147.81051635742188, 272.46527099609375]","[48.66880416870117, 71.12750244140625, 146.92031860351562, 272.58282470703125]",0.8727821918104203,0.8805479158569479,0.1932392120361328,-0.0077657240465276445,True,False,300,300,56.61099999997532,56.508499998017214
attack_04,54967,car,D:\project CS\RT-DETRv2-COCO-Attack\source_data\attack_04\clean_images\000000054967.jpg,D:\project CS\RT-DETRv2-COCO-Attack\source_data\attack_04\patched_images\000000054967.jpg,False,False,,,,,,,,,False,False,300,300,54.29790000198409,54.301999996823724
attack_04,55150,car,D:\project CS\RT-DETRv2-COCO-Attack\source_data\attack_04\clean_images\000000055150.jpg,D:\project CS\RT-DETRv2-COCO-Attack\source_data\attack_04\patched_images\000000055150.jpg,True,True,0.2566450536251068,0.46985843777656555,"[427.8674011230469, -0.5159187912940979, 639.83056640625, 422.54522705078125]","[420.1995849609375, -0.33353108167648315, 639.869140625, 422.6800537109375]",0.8933623401053681,0.8624441297487181,-0.21321338415145874,0.03091821035664999,True,False,300,300,55.66959999850951,55.7394000061322
attack_04,57150,person,D:\project CS\RT-DETRv2-COCO-Attack\source_data\attack_04\clean_images\000000057150.jpg,D:\project CS\RT-DETRv2-COCO-Attack\source_data\attack_04\patched_images\000000057150.jpg,True,True,0.8771600723266602,0.8604847192764282,"[38.86857223510742, 82.72945404052734, 123.808837890625, 266.5474853515625]","[41.71491622924805, 82.68829345703125, 125.24036407470703, 267.0236511230469]",0.9259009309984013,0.9129325254679467,0.016675353050231934,0.01296840553045464,True,False,300,300,55.506999997305684,55.690300003334414
attack_04,58539,car,D:\project CS\RT-DETRv2-COCO-Attack\source_data\attack_04\clean_images\000000058539.jpg,D:\project CS\RT-DETRv2-COCO-Attack\source_data\attack_04\patched_images\000000058539.jpg,True,True,0.914461612701416,0.8962115049362183,"[412.71295166015625, 140.22247314453125, 639.9224243164062, 415.2443542480469]","[411.8901062011719, 140.14981079101562, 639.9210205078125, 415.3894348144531]",0.9656490267267478,0.9629905985967557,0.018250107765197754,0.002658428129992063,True,False,300,300,56.723499998042826,56.07229999441188
attack_04,63154,person,D:\project CS\RT-DETRv2-COCO-Attack\source_data\attack_04\clean_images\000000063154.jpg,D:\project CS\RT-DETRv2-COCO-Attack\source_data\attack_04\patched_images\000000063154.jpg,True,False,0.7362642884254456,,"[261.7596740722656, 137.11990356445312, 389.86749267578125, 213.1739501953125]",,0.888490393997522,,,,True,True,300,300,53.78579999523936,54.34459999378305
attack_04,64868,person,D:\project CS\RT-DETRv2-COCO-Attack\source_data\attack_04\clean_images\000000064868.jpg,D:\project CS\RT-DETRv2-COCO-Attack\source_data\attack_04\patched_images\000000064868.jpg,True,True,0.943824052810669,0.945067822933197,"[2.707794189453125, 6.236683368682861, 328.4872741699219, 372.5318298339844]","[2.1936745643615723, 6.346251964569092, 329.47491455078125, 372.8534851074219]",0.7749364944448061,0.7709342525253104,-0.0012437701225280762,0.004002241919495608,True,False,300,300,56.1874999984866,56.20009999984177
attack_04,67213,car,D:\project CS\RT-DETRv2-COCO-Attack\source_data\attack_04\clean_images\000000067213.jpg,D:\project CS\RT-DETRv2-COCO-Attack\source_data\attack_04\patched_images\000000067213.jpg,True,True,0.8249809145927429,0.8221191763877869,"[0.31607627868652344, 306.0389709472656, 201.92176818847656, 409.94268798828125]","[0.29099464416503906, 305.9759521484375, 201.97491455078125, 410.0703125]",0.9492005723053257,0.9505457778781259,0.0028617382049560547,-0.0013452055728001566,True,False,300,300,54.63170000439277,54.99740000232123
attack_04,67310,person,D:\project CS\RT-DETRv2-COCO-Attack\source_data\attack_04\clean_images\000000067310.jpg,D:\project CS\RT-DETRv2-COCO-Attack\source_data\attack_04\patched_images\000000067310.jpg,True,True,0.9618716835975647,0.9572346210479736,"[11.641407012939453, 97.33264923095703, 240.90542602539062, 369.64288330078125]","[11.48324966430664, 97.27107238769531, 240.6031494140625, 369.95843505859375]",0.8947404376756254,0.8940650296463521,0.0046370625495910645,0.000675408029273239,True,False,300,300,54.77239999891026,54.26710000028834
attack_04,69356,person,D:\project CS\RT-DETRv2-COCO-Attack\source_data\attack_04\clean_images\000000069356.jpg,D:\project CS\RT-DETRv2-COCO-Attack\source_data\attack_04\patched_images\000000069356.jpg,True,True,0.9218093752861023,0.9197134375572205,"[74.19461059570312, 106.76432800292969, 179.04518127441406, 491.4242248535156]","[73.9951171875, 106.99744415283203, 178.42709350585938, 491.2993469238281]",0.9751023351862126,0.9684858032267095,0.002095937728881836,0.006616531959503069,True,False,300,300,54.12380000052508,54.70649999915622
attack_04,73702,person,D:\project CS\RT-DETRv2-COCO-Attack\source_data\attack_04\clean_images\000000073702.jpg,D:\project CS\RT-DETRv2-COCO-Attack\source_data\attack_04\patched_images\000000073702.jpg,True,True,0.7572197914123535,0.6194170713424683,"[139.47100830078125, 186.17698669433594, 431.1939697265625, 636.7840576171875]","[156.7202911376953, 167.683837890625, 454.5849914550781, 636.9237060546875]",0.8423927697470001,0.8303402390401817,0.13780272006988525,0.012052530706818332,True,False,300,300,56.03749999863794,56.05859999923268
attack_04,74058,car,D:\project CS\RT-DETRv2-COCO-Attack\source_data\attack_04\clean_images\000000074058.jpg,D:\project CS\RT-DETRv2-COCO-Attack\source_data\attack_04\patched_images\000000074058.jpg,True,True,0.9030606746673584,0.9005094170570374,"[581.1099243164062, 203.1204376220703, 639.9246826171875, 346.59869384765625]","[581.1892700195312, 202.53807067871094, 639.8424682617188, 347.10308837890625]",0.9193758782617819,0.9187997708554847,0.002551257610321045,0.0005761074062972105,True,False,300,300,55.60410000180127,55.61409999791067
attack_04,76416,person,D:\project CS\RT-DETRv2-COCO-Attack\source_data\attack_04\clean_images\000000076416.jpg,D:\project CS\RT-DETRv2-COCO-Attack\source_data\attack_04\patched_images\000000076416.jpg,False,False,,,,,,,,,False,False,300,300,54.97460000333376,54.64409999694908
attack_04,76417,car,D:\project CS\RT-DETRv2-COCO-Attack\source_data\attack_04\clean_images\000000076417.jpg,D:\project CS\RT-DETRv2-COCO-Attack\source_data\attack_04\patched_images\000000076417.jpg,True,True,0.8608797788619995,0.8101336359977722,"[184.7578125, 150.08560180664062, 640.0001220703125, 472.2887268066406]","[184.57559204101562, 150.08485412597656, 639.903076171875, 472.6730041503906]",0.9709585212247612,0.9692068115878204,0.050746142864227295,0.0017517096369408236,True,False,300,300,55.876999998872634,55.78399999649264
attack_04,76625,person,D:\project CS\RT-DETRv2-COCO-Attack\source_data\attack_04\clean_images\000000076625.jpg,D:\project CS\RT-DETRv2-COCO-Attack\source_data\attack_04\patched_images\000000076625.jpg,True,True,0.9240090847015381,0.9272415637969971,"[516.948486328125, 342.5040283203125, 574.408203125, 479.23284912109375]","[516.7408447265625, 342.1966552734375, 574.458984375, 479.29302978515625]",0.947707467660135,0.9459079945561295,-0.0032324790954589844,0.0017994731040055223,True,False,300,300,54.87580000044545,54.59390000032727
attack_04,78823,car,D:\project CS\RT-DETRv2-COCO-Attack\source_data\attack_04\clean_images\000000078823.jpg,D:\project CS\RT-DETRv2-COCO-Attack\source_data\attack_04\patched_images\000000078823.jpg,True,True,0.9459677338600159,0.9409185647964478,"[14.920120239257812, 160.52218627929688, 482.22943115234375, 474.34967041015625]","[15.211467742919922, 160.70555114746094, 483.85198974609375, 474.1711730957031]",0.9715564376971864,0.9665360841730493,0.005049169063568115,0.0050203535241371,True,False,300,300,55.898400001751725,55.354399999487214
attack_04,79969,person,D:\project CS\RT-DETRv2-COCO-Attack\source_data\attack_04\clean_images\000000079969.jpg,D:\project CS\RT-DETRv2-COCO-Attack\source_data\attack_04\patched_images\000000079969.jpg,False,False,,,,,,,,,False,False,300,300,55.54600000323262,54.15930000162916
attack_04,80340,person,D:\project CS\RT-DETRv2-COCO-Attack\source_data\attack_04\clean_images\000000080340.jpg,D:\project CS\RT-DETRv2-COCO-Attack\source_data\attack_04\patched_images\000000080340.jpg,True,True,0.9571263194084167,0.9559739232063293,"[143.56553649902344, 71.99508666992188, 272.7994079589844, 388.6298828125]","[143.62921142578125, 71.9475326538086, 273.0145568847656, 388.63128662109375]",0.7672493731244333,0.7688076828033376,0.0011523962020874023,-0.001558309678904246,True,False,300,300,55.054499993275385,54.55140000412939
attack_04,80932,person,D:\project CS\RT-DETRv2-COCO-Attack\source_data\attack_04\clean_images\000000080932.jpg,D:\project CS\RT-DETRv2-COCO-Attack\source_data\attack_04\patched_images\000000080932.jpg,True,True,0.9328802227973938,0.9301877617835999,"[64.69062042236328, 135.24844360351562, 367.94561767578125, 467.402099609375]","[64.58805084228516, 135.024169921875, 365.8558349609375, 458.88641357421875]",0.9593803703125381,0.9669515526030632,0.0026924610137939453,-0.007571182290525114,True,False,300,300,56.08049999864306,55.68259999563452
attack_04,81738,person,D:\project CS\RT-DETRv2-COCO-Attack\source_data\attack_04\clean_images\000000081738.jpg,D:\project CS\RT-DETRv2-COCO-Attack\source_data\attack_04\patched_images\000000081738.jpg,True,True,0.9322707653045654,0.8112891912460327,"[455.155029296875, 142.97439575195312, 639.6096801757812, 475.817138671875]","[454.4961853027344, 142.7234649658203, 639.6040649414062, 475.14501953125]",0.9686752074932914,0.9747464524087434,0.12098157405853271,-0.006071244915451968,True,False,300,300,55.13280000013765,55.772500003513414
attack_04,84362,person,D:\project CS\RT-DETRv2-COCO-Attack\source_data\attack_04\clean_images\000000084362.jpg,D:\project CS\RT-DETRv2-COCO-Attack\source_data\attack_04\patched_images\000000084362.jpg,True,True,0.899948000907898,0.8622636795043945,"[373.6398010253906, 142.23171997070312, 481.24554443359375, 268.43475341796875]","[373.7177734375, 142.3262481689453, 481.25048828125, 268.37109375]",0.892452605401845,0.8941794955691856,0.03768432140350342,-0.0017268901673406223,True,False,300,300,55.88030000217259,55.48139999882551
attack_04,85376,car,D:\project CS\RT-DETRv2-COCO-Attack\source_data\attack_04\clean_images\000000085376.jpg,D:\project CS\RT-DETRv2-COCO-Attack\source_data\attack_04\patched_images\000000085376.jpg,True,True,0.8964366912841797,0.8987761735916138,"[33.876251220703125, 318.2376403808594, 193.6416473388672, 377.89959716796875]","[34.29954528808594, 318.89495849609375, 193.3689422607422, 378.35540771484375]",0.8886909681591496,0.8956042782854875,-0.002339482307434082,-0.0069133101263378904,True,False,300,300,54.90819999977248,54.274900001473725
attack_04,85682,person,D:\project CS\RT-DETRv2-COCO-Attack\source_data\attack_04\clean_images\000000085682.jpg,D:\project CS\RT-DETRv2-COCO-Attack\source_data\attack_04\patched_images\000000085682.jpg,False,False,,,,,,,,,False,False,300,300,54.74580000009155,54.28500000562053
attack_04,86582,person,D:\project CS\RT-DETRv2-COCO-Attack\source_data\attack_04\clean_images\000000086582.jpg,D:\project CS\RT-DETRv2-COCO-Attack\source_data\attack_04\patched_images\000000086582.jpg,True,False,0.30100497603416443,,"[0.23763656616210938, 14.396958351135254, 197.26953125, 255.32632446289062]",,0.6824300268998423,,,,True,True,300,300,56.66860000201268,56.529900000896305
attack_04,87144,car,D:\project CS\RT-DETRv2-COCO-Attack\source_data\attack_04\clean_images\000000087144.jpg,D:\project CS\RT-DETRv2-COCO-Attack\source_data\attack_04\patched_images\000000087144.jpg,True,True,0.8946343660354614,0.9039255380630493,"[349.04095458984375, 32.182857513427734, 433.3224182128906, 62.68014907836914]","[349.054443359375, 32.0592041015625, 433.03302001953125, 62.532005310058594]",0.9600158611043247,0.9674085506216761,-0.00929117202758789,-0.007392689517351392,True,False,300,300,55.51059999561403,55.59690000518458
attack_04,89078,person,D:\project CS\RT-DETRv2-COCO-Attack\source_data\attack_04\clean_images\000000089078.jpg,D:\project CS\RT-DETRv2-COCO-Attack\source_data\attack_04\patched_images\000000089078.jpg,True,True,0.9582788348197937,0.9601445198059082,"[152.93020629882812, 27.95328140258789, 354.7090759277344, 592.9248046875]","[153.40338134765625, 27.849102020263672, 354.8226013183594, 593.3360595703125]",0.8829035574140379,0.8809354955252253,-0.001865684986114502,0.0019680618888126,True,False,300,300,54.591799998888746,54.86009999731323
attack_04,89648,person,D:\project CS\RT-DETRv2-COCO-Attack\source_data\attack_04\clean_images\000000089648.jpg,D:\project CS\RT-DETRv2-COCO-Attack\source_data\attack_04\patched_images\000000089648.jpg,True,True,0.9433184266090393,0.9413058161735535,"[30.06485939025879, 197.44618225097656, 239.23876953125, 361.5831604003906]","[29.75515365600586, 198.3127899169922, 239.40277099609375, 361.4761962890625]",0.9599434604721923,0.9577122570848754,0.00201261043548584,0.00223120338731686,True,False,300,300,55.632899995543994,55.78899999818532
attack_04,91406,person,D:\project CS\RT-DETRv2-COCO-Attack\source_data\attack_04\clean_images\000000091406.jpg,D:\project CS\RT-DETRv2-COCO-Attack\source_data\attack_04\patched_images\000000091406.jpg,True,True,0.9169982075691223,0.9162532091140747,"[471.41192626953125, 64.6092529296875, 585.9691162109375, 395.96319580078125]","[471.33721923828125, 64.35466003417969, 586.3475341796875, 395.9241638183594]",0.9726723608692538,0.9708050248665392,0.0007449984550476074,0.0018673360027146035,True,False,300,300,54.807200001960155,54.69040000025416
attack_04,93154,car,D:\project CS\RT-DETRv2-COCO-Attack\source_data\attack_04\clean_images\000000093154.jpg,D:\project CS\RT-DETRv2-COCO-Attack\source_data\attack_04\patched_images\000000093154.jpg,True,True,0.9006850123405457,0.8775056004524231,"[142.88348388671875, 272.87646484375, 210.79913330078125, 309.8311767578125]","[142.87826538085938, 273.2326354980469, 210.91534423828125, 310.1520080566406]",0.9509001918245223,0.950111649550151,0.02317941188812256,0.0007885422743713066,True,False,300,300,54.273200003081,54.44610000267858
attack_04,93261,person,D:\project CS\RT-DETRv2-COCO-Attack\source_data\attack_04\clean_images\000000093261.jpg,D:\project CS\RT-DETRv2-COCO-Attack\source_data\attack_04\patched_images\000000093261.jpg,True,True,0.9474778771400452,0.9465519189834595,"[55.996761322021484, 31.45381736755371, 261.0058898925781, 238.7357177734375]","[55.93048858642578, 31.15790367126465, 260.67572021484375, 238.7115020751953]",0.9752747090814707,0.9725505442992718,0.0009259581565856934,0.0027241647821989456,True,False,300,300,56.389200006378815,56.827200001862366
attack_04,94751,car,D:\project CS\RT-DETRv2-COCO-Attack\source_data\attack_04\clean_images\000000094751.jpg,D:\project CS\RT-DETRv2-COCO-Attack\source_data\attack_04\patched_images\000000094751.jpg,True,True,0.8877337574958801,0.8947161436080933,"[311.697265625, 273.9646911621094, 375.0303039550781, 309.18060302734375]","[311.6983947753906, 274.12994384765625, 375.05181884765625, 309.6261291503906]",0.9533649489782267,0.9623699923403164,-0.006982386112213135,-0.009005043362089737,True,False,300,300,54.53410000336589,54.23890000383835
attack_04,97679,car,D:\project CS\RT-DETRv2-COCO-Attack\source_data\attack_04\clean_images\000000097679.jpg,D:\project CS\RT-DETRv2-COCO-Attack\source_data\attack_04\patched_images\000000097679.jpg,True,True,0.9595738649368286,0.9625037312507629,"[102.04690551757812, 180.76426696777344, 526.8121337890625, 379.6481628417969]","[102.01435089111328, 179.81568908691406, 526.3234252929688, 379.98138427734375]",0.8713289458222083,0.8750366081646659,-0.002929866313934326,-0.0037076623424575628,True,False,300,300,54.604199998721015,54.739699997298885
attack_04,97988,person,D:\project CS\RT-DETRv2-COCO-Attack\source_data\attack_04\clean_images\000000097988.jpg,D:\project CS\RT-DETRv2-COCO-Attack\source_data\attack_04\patched_images\000000097988.jpg,False,False,,,,,,,,,False,False,300,300,54.22249999537598,54.05740000423975
attack_04,98392,car,D:\project CS\RT-DETRv2-COCO-Attack\source_data\attack_04\clean_images\000000098392.jpg,D:\project CS\RT-DETRv2-COCO-Attack\source_data\attack_04\patched_images\000000098392.jpg,True,True,0.9472741484642029,0.9472598433494568,"[242.3028106689453, 523.0120849609375, 479.8434753417969, 638.654296875]","[242.00074768066406, 523.1851806640625, 479.8390808105469, 638.9735717773438]",0.927897555271921,0.9279393602500213,1.430511474609375e-05,-4.1804978100357104e-05,True,False,300,300,54.22820000239881,54.55630000506062
attack_04,99039,person,D:\project CS\RT-DETRv2-COCO-Attack\source_data\attack_04\clean_images\000000099039.jpg,D:\project CS\RT-DETRv2-COCO-Attack\source_data\attack_04\patched_images\000000099039.jpg,True,True,0.9275943040847778,0.8918681740760803,"[518.9627685546875, 109.52587127685547, 640.0287475585938, 303.0834045410156]","[519.248291015625, 109.2016830444336, 639.6463623046875, 312.8874816894531]",0.8053022426839781,0.8468442988799217,0.03572613000869751,-0.041542056195943644,True,False,300,300,55.322400003205985,55.25859999761451
attack_04,102411,car,D:\project CS\RT-DETRv2-COCO-Attack\source_data\attack_04\clean_images\000000102411.jpg,D:\project CS\RT-DETRv2-COCO-Attack\source_data\attack_04\patched_images\000000102411.jpg,True,True,0.7785698771476746,0.8701691627502441,"[0.25299668312072754, 199.63385009765625, 36.18191146850586, 292.90289306640625]","[0.14093637466430664, 199.66441345214844, 36.07032012939453, 291.8878173828125]",0.8896872812382567,0.8746685829394628,-0.09159928560256958,0.015018698298793876,True,False,300,300,55.010600000969134,54.85910000425065
attack_04,102805,car,D:\project CS\RT-DETRv2-COCO-Attack\source_data\attack_04\clean_images\000000102805.jpg,D:\project CS\RT-DETRv2-COCO-Attack\source_data\attack_04\patched_images\000000102805.jpg,True,True,0.9497562646865845,0.9493790864944458,"[378.61029052734375, 266.7322998046875, 606.4159545898438, 338.5505676269531]","[378.5920715332031, 266.7119140625, 606.3650512695312, 338.6250915527344]",0.9946654676867905,0.993495268122294,0.0003771781921386719,0.001170199564496488,True,False,300,300,54.43329999980051,55.02210000122432
attack_04,104424,person,D:\project CS\RT-DETRv2-COCO-Attack\source_data\attack_04\clean_images\000000104424.jpg,D:\project CS\RT-DETRv2-COCO-Attack\source_data\attack_04\patched_images\000000104424.jpg,True,True,0.9401513934135437,0.9406673312187195,"[150.74032592773438, 164.0618896484375, 263.4069519042969, 541.9442138671875]","[150.79611206054688, 163.8570556640625, 263.3079528808594, 541.8565673828125]",0.9483183598256909,0.9477398078571262,-0.0005159378051757812,0.0005785519685647111,True,False,300,300,55.02910000359407,54.961500005447306
attack_04,105923,car,D:\project CS\RT-DETRv2-COCO-Attack\source_data\attack_04\clean_images\000000105923.jpg,D:\project CS\RT-DETRv2-COCO-Attack\source_data\attack_04\patched_images\000000105923.jpg,True,True,0.9346582293510437,0.9314374923706055,"[32.70515060424805, 200.8490753173828, 112.17720031738281, 250.60609436035156]","[32.564693450927734, 200.49276733398438, 112.26309204101562, 250.6043701171875]",0.9342534295624054,0.9435910681871148,0.0032207369804382324,-0.009337638624709377,True,False,300,300,54.90560000180267,54.53829999896698
attack_04,107087,car,D:\project CS\RT-DETRv2-COCO-Attack\source_data\attack_04\clean_images\000000107087.jpg,D:\project CS\RT-DETRv2-COCO-Attack\source_data\attack_04\patched_images\000000107087.jpg,True,True,0.9436071515083313,0.9088506698608398,"[0.28682708740234375, 0.3173253536224365, 640.283935546875, 423.6152038574219]","[0.2950286865234375, 0.6211997270584106, 640.2911376953125, 422.4273986816406]",0.5975186759471288,0.5988313963545726,0.034756481647491455,-0.0013127204074437904,True,False,300,300,55.942200000572484,56.13950000406476
attack_04,108503,person,D:\project CS\RT-DETRv2-COCO-Attack\source_data\attack_04\clean_images\000000108503.jpg,D:\project CS\RT-DETRv2-COCO-Attack\source_data\attack_04\patched_images\000000108503.jpg,False,False,,,,,,,,,False,False,300,300,53.960299999744166,54.36030000419123
attack_04,110042,person,D:\project CS\RT-DETRv2-COCO-Attack\source_data\attack_04\clean_images\000000110042.jpg,D:\project CS\RT-DETRv2-COCO-Attack\source_data\attack_04\patched_images\000000110042.jpg,True,True,0.7076781988143921,0.5649431943893433,"[0.01996634528040886, 156.11892700195312, 37.91838836669922, 554.7097778320312]","[0.07901359349489212, 156.25946044921875, 37.44427490234375, 554.28955078125]",0.9370447010696843,0.9280595227575835,0.14273500442504883,0.008985178312100772,True,False,300,300,55.012999997416046,54.93640000349842
attack_04,110784,person,D:\project CS\RT-DETRv2-COCO-Attack\source_data\attack_04\clean_images\000000110784.jpg,D:\project CS\RT-DETRv2-COCO-Attack\source_data\attack_04\patched_images\000000110784.jpg,False,False,,,,,,,,,False,False,300,300,54.974699996819254,54.98819999775151
attack_04,118921,person,D:\project CS\RT-DETRv2-COCO-Attack\source_data\attack_04\clean_images\000000118921.jpg,D:\project CS\RT-DETRv2-COCO-Attack\source_data\attack_04\patched_images\000000118921.jpg,True,True,0.9560463428497314,0.9548671245574951,"[308.6380615234375, 135.00393676757812, 473.82806396484375, 361.4049987792969]","[308.85955810546875, 134.87002563476562, 473.8783264160156, 361.1718444824219]",0.9657487332646659,0.9677222971702103,0.0011792182922363281,-0.0019735639055443732,True,False,300,300,54.971600002318155,54.93879999994533
attack_04,119516,person,D:\project CS\RT-DETRv2-COCO-Attack\source_data\attack_04\clean_images\000000119516.jpg,D:\project CS\RT-DETRv2-COCO-Attack\source_data\attack_04\patched_images\000000119516.jpg,True,True,0.9178577065467834,0.9196087121963501,"[369.89849853515625, 206.08258056640625, 410.8605651855469, 352.31591796875]","[370.2099304199219, 206.1153106689453, 410.6268005371094, 352.5065612792969]",0.9325912713951241,0.9441517410870541,-0.0017510056495666504,-0.011560469691930031,True,False,300,300,54.54800000006799,54.415099999459926
attack_04,121031,person,D:\project CS\RT-DETRv2-COCO-Attack\source_data\attack_04\clean_images\000000121031.jpg,D:\project CS\RT-DETRv2-COCO-Attack\source_data\attack_04\patched_images\000000121031.jpg,True,True,0.9258453845977783,0.9197415113449097,"[131.15667724609375, 111.49591827392578, 223.7844696044922, 334.6729736328125]","[131.0820770263672, 111.307861328125, 224.05776977539062, 334.8684387207031]",0.9412878031717467,0.9415954917231258,0.006103873252868652,-0.0003076885513791927,True,False,300,300,54.43390000436921,54.47739999362966
attack_04,121506,car,D:\project CS\RT-DETRv2-COCO-Attack\source_data\attack_04\clean_images\000000121506.jpg,D:\project CS\RT-DETRv2-COCO-Attack\source_data\attack_04\patched_images\000000121506.jpg,True,True,0.8355565071105957,0.7992944717407227,"[448.70440673828125, 258.2122802734375, 528.635986328125, 303.8056335449219]","[448.6646728515625, 258.0372619628906, 528.6124267578125, 304.0061340332031]",0.6268404108653048,0.6237923504341392,0.03626203536987305,0.003048060431165678,True,False,300,300,56.04200000379933,55.779999995138496
attack_04,122962,person,D:\project CS\RT-DETRv2-COCO-Attack\source_data\attack_04\clean_images\000000122962.jpg,D:\project CS\RT-DETRv2-COCO-Attack\source_data\attack_04\patched_images\000000122962.jpg,False,False,,,,,,,,,False,False,300,300,55.8900000032736,54.7937000010279
attack_04,123213,person,D:\project CS\RT-DETRv2-COCO-Attack\source_data\attack_04\clean_images\000000123213.jpg,D:\project CS\RT-DETRv2-COCO-Attack\source_data\attack_04\patched_images\000000123213.jpg,True,True,0.9670447111129761,0.9647013545036316,"[90.5149917602539, 82.02755737304688, 321.9854431152344, 351.0705871582031]","[90.40630340576172, 82.1994400024414, 320.5397033691406, 351.08453369140625]",0.950850207136493,0.9450566916420277,0.0023433566093444824,0.005793515494465384,True,False,300,300,54.72300000110408,54.83709999680286
attack_04,124798,car,D:\project CS\RT-DETRv2-COCO-Attack\source_data\attack_04\clean_images\000000124798.jpg,D:\project CS\RT-DETRv2-COCO-Attack\source_data\attack_04\patched_images\000000124798.jpg,True,True,0.9192779660224915,0.9173052310943604,"[577.2877197265625, 310.8758239746094, 639.8236083984375, 424.92510986328125]","[577.1216430664062, 310.92999267578125, 639.8941650390625, 424.8031311035156]",0.9442270705912706,0.9471841248172135,0.0019727349281311035,-0.0029570542259428345,True,False,300,300,54.87369999900693,53.871199997956865
attack_04,125778,car,D:\project CS\RT-DETRv2-COCO-Attack\source_data\attack_04\clean_images\000000125778.jpg,D:\project CS\RT-DETRv2-COCO-Attack\source_data\attack_04\patched_images\000000125778.jpg,False,False,,,,,,,,,False,False,300,300,54.894100001547486,54.565599995839875
attack_04,126592,car,D:\project CS\RT-DETRv2-COCO-Attack\source_data\attack_04\clean_images\000000126592.jpg,D:\project CS\RT-DETRv2-COCO-Attack\source_data\attack_04\patched_images\000000126592.jpg,True,True,0.9046098589897156,0.9002642035484314,"[336.8876953125, 269.2539978027344, 508.6130065917969, 329.4273681640625]","[332.0704345703125, 269.36865234375, 508.5604553222656, 330.0239562988281]",0.8586984789585572,0.8751256742661874,0.00434565544128418,-0.01642719530763015,True,False,300,300,54.96429999766406,54.70670000067912
attack_04,127263,car,D:\project CS\RT-DETRv2-COCO-Attack\source_data\attack_04\clean_images\000000127263.jpg,D:\project CS\RT-DETRv2-COCO-Attack\source_data\attack_04\patched_images\000000127263.jpg,True,True,0.8084908127784729,0.7468112111091614,"[501.2937927246094, 108.78462982177734, 639.5299682617188, 173.8112335205078]","[501.63507080078125, 108.88493347167969, 639.5496215820312, 173.83096313476562]",0.958897241263933,0.9573286255062968,0.06167960166931152,0.001568615757636227,True,False,300,300,55.10050000157207,54.80439999519149
attack_04,128372,person,D:\project CS\RT-DETRv2-COCO-Attack\source_data\attack_04\clean_images\000000128372.jpg,D:\project CS\RT-DETRv2-COCO-Attack\source_data\attack_04\patched_images\000000128372.jpg,True,True,0.9456435441970825,0.9464383721351624,"[379.16943359375, 203.94964599609375, 448.0067138671875, 379.4011535644531]","[379.3203125, 203.92050170898438, 448.0618896484375, 379.35137939453125]",0.9554940615977592,0.952484665670268,-0.000794827938079834,0.0030093959274911652,True,False,300,300,54.05340000288561,54.29039999580709
attack_04,128654,person,D:\project CS\RT-DETRv2-COCO-Attack\source_data\attack_04\clean_images\000000128654.jpg,D:\project CS\RT-DETRv2-COCO-Attack\source_data\attack_04\patched_images\000000128654.jpg,True,True,0.9706237316131592,0.9612882733345032,"[70.27288055419922, 35.86665344238281, 482.98138427734375, 378.36553955078125]","[69.68560791015625, 36.01506042480469, 482.7784729003906, 378.2351989746094]",0.9673712710556904,0.9664305968264978,0.009335458278656006,0.0009406742291926395,True,False,300,300,54.39720000140369,54.82800000027055
attack_04,130386,car,D:\project CS\RT-DETRv2-COCO-Attack\source_data\attack_04\clean_images\000000130386.jpg,D:\project CS\RT-DETRv2-COCO-Attack\source_data\attack_04\patched_images\000000130386.jpg,True,True,0.904944658279419,0.9052756428718567,"[172.1403350830078, 435.7718505859375, 228.27870178222656, 466.5293884277344]","[172.13153076171875, 435.8396301269531, 228.36256408691406, 466.2293395996094]",0.8732225652938388,0.8653868218654029,-0.00033098459243774414,0.007835743428435848,True,False,300,300,53.66469999717083,54.166399997484405
attack_04,133969,person,D:\project CS\RT-DETRv2-COCO-Attack\source_data\attack_04\clean_images\000000133969.jpg,D:\project CS\RT-DETRv2-COCO-Attack\source_data\attack_04\patched_images\000000133969.jpg,False,False,,,,,,,,,False,False,300,300,54.8175000003539,55.05200000334298
attack_04,134886,car,D:\project CS\RT-DETRv2-COCO-Attack\source_data\attack_04\clean_images\000000134886.jpg,D:\project CS\RT-DETRv2-COCO-Attack\source_data\attack_04\patched_images\000000134886.jpg,True,True,0.8030964136123657,0.8034369349479675,"[429.6160888671875, 373.8833923339844, 494.4477844238281, 434.61181640625]","[429.42742919921875, 374.0341491699219, 494.81451416015625, 434.0823974609375]",0.9660837537385845,0.9617753973998248,-0.00034052133560180664,0.0043083563387597,True,False,300,300,54.66250000608852,54.56950000370853
attack_04,137727,car,D:\project CS\RT-DETRv2-COCO-Attack\source_data\attack_04\clean_images\000000137727.jpg,D:\project CS\RT-DETRv2-COCO-Attack\source_data\attack_04\patched_images\000000137727.jpg,True,True,0.3470347225666046,0.2875763475894928,"[582.515380859375, 195.5767822265625, 624.7396850585938, 222.73211669921875]","[582.610107421875, 195.80267333984375, 625.0504150390625, 222.75161743164062]",0.7316513317230735,0.7238019000108269,0.059458374977111816,0.007849431712246613,True,False,300,300,54.606500001682434,54.17000000306871
attack_04,138979,car,D:\project CS\RT-DETRv2-COCO-Attack\source_data\attack_04\clean_images\000000138979.jpg,D:\project CS\RT-DETRv2-COCO-Attack\source_data\attack_04\patched_images\000000138979.jpg,True,True,0.8945509791374207,0.8646442294120789,"[316.2877502441406, 178.28543090820312, 640.042236328125, 422.2944030761719]","[316.90789794921875, 178.2564239501953, 640.1201171875, 422.1226806640625]",0.9641303403106194,0.9628438242923959,0.029906749725341797,0.0012865160182234936,True,False,300,300,55.22430000564782,54.92429999867454
attack_04,140203,person,D:\project CS\RT-DETRv2-COCO-Attack\source_data\attack_04\clean_images\000000140203.jpg,D:\project CS\RT-DETRv2-COCO-Attack\source_data\attack_04\patched_images\000000140203.jpg,True,True,0.9236544966697693,0.9397767782211304,"[487.0281677246094, 16.51535415649414, 591.041748046875, 250.74302673339844]","[484.9115295410156, 16.69591522216797, 591.2333374023438, 251.08840942382812]",0.7487789230049922,0.7320079654682459,-0.016122281551361084,0.01677095753674629,True,False,300,300,54.55760000040755,54.040600000007544
attack_04,141671,person,D:\project CS\RT-DETRv2-COCO-Attack\source_data\attack_04\clean_images\000000141671.jpg,D:\project CS\RT-DETRv2-COCO-Attack\source_data\attack_04\patched_images\000000141671.jpg,False,False,,,,,,,,,False,False,300,300,53.94739999610465,54.22090000502067
attack_04,142472,car,D:\project CS\RT-DETRv2-COCO-Attack\source_data\attack_04\clean_images\000000142472.jpg,D:\project CS\RT-DETRv2-COCO-Attack\source_data\attack_04\patched_images\000000142472.jpg,True,True,0.954682469367981,0.9528529047966003,"[202.06576538085938, 371.11456298828125, 332.6585388183594, 434.9675598144531]","[202.09674072265625, 371.23333740234375, 332.4955749511719, 434.83160400390625]",0.9441789238615342,0.9429078325669896,0.0018295645713806152,0.001271091294544613,True,False,300,300,53.80180000065593,54.32989999826532
attack_04,142585,car,D:\project CS\RT-DETRv2-COCO-Attack\source_data\attack_04\clean_images\000000142585.jpg,D:\project CS\RT-DETRv2-COCO-Attack\source_data\attack_04\patched_images\000000142585.jpg,True,True,0.9364205598831177,0.9238115549087524,"[181.41305541992188, 271.0859069824219, 363.6072692871094, 439.9049377441406]","[181.0226287841797, 271.360107421875, 363.9825744628906, 439.77142333984375]",0.929527763134332,0.931180075407975,0.012609004974365234,-0.0016523122736429308,True,False,300,300,54.7288000016124,54.906599994865246
attack_04,144333,car,D:\project CS\RT-DETRv2-COCO-Attack\source_data\attack_04\clean_images\000000144333.jpg,D:\project CS\RT-DETRv2-COCO-Attack\source_data\attack_04\patched_images\000000144333.jpg,True,True,0.3941250145435333,0.3489631116390228,"[0.38893550634384155, 133.04946899414062, 268.69683837890625, 271.3702392578125]","[0.6114926934242249, 134.01690673828125, 269.28790283203125, 273.4618835449219]",0.9567770956582051,0.9621970005754908,0.0451619029045105,-0.005419904917285723,True,False,300,300,55.64839999715332,55.40130000008503
attack_04,145020,person,D:\project CS\RT-DETRv2-COCO-Attack\source_data\attack_04\clean_images\000000145020.jpg,D:\project CS\RT-DETRv2-COCO-Attack\source_data\attack_04\patched_images\000000145020.jpg,False,False,,,,,,,,,False,False,300,300,54.878999995708,55.60220000188565
attack_04,145665,person,D:\project CS\RT-DETRv2-COCO-Attack\source_data\attack_04\clean_images\000000145665.jpg,D:\project CS\RT-DETRv2-COCO-Attack\source_data\attack_04\patched_images\000000145665.jpg,True,True,0.9573363661766052,0.9594204425811768,"[2.735175371170044, 280.5957336425781, 201.50421142578125, 534.4840087890625]","[2.16654109954834, 280.333984375, 201.7497100830078, 534.6297607421875]",0.9392447143020718,0.9423517155251059,-0.002084076404571533,-0.0031070012230340893,True,False,300,300,54.64889999711886,54.86150000069756
attack_04,146667,car,D:\project CS\RT-DETRv2-COCO-Attack\source_data\attack_04\clean_images\000000146667.jpg,D:\project CS\RT-DETRv2-COCO-Attack\source_data\attack_04\patched_images\000000146667.jpg,True,True,0.3077639043331146,0.38797077536582947,"[105.42906188964844, 0.019143618643283844, 241.58338928222656, 56.37709045410156]","[136.0104217529297, 0.2295045554637909, 241.73936462402344, 51.894561767578125]",0.9331483576632277,0.7171937145427429,-0.08020687103271484,0.21595464312048473,True,False,300,300,55.08080000436166,54.59349999728147
attack_04,147415,person,D:\project CS\RT-DETRv2-COCO-Attack\source_data\attack_04\clean_images\000000147415.jpg,D:\project CS\RT-DETRv2-COCO-Attack\source_data\attack_04\patched_images\000000147415.jpg,True,True,0.8736466765403748,0.557135820388794,"[352.6998291015625, 0.31618595123291016, 640.131591796875, 476.21258544921875]","[352.8780517578125, -0.07796287536621094, 640.4068603515625, 475.4608154296875]",0.9831821057078798,0.9825165870039527,0.3165108561515808,0.0006655187039270594,True,False,300,300,55.595800004084595,55.345100001432
attack_04,147740,car,D:\project CS\RT-DETRv2-COCO-Attack\source_data\attack_04\clean_images\000000147740.jpg,D:\project CS\RT-DETRv2-COCO-Attack\source_data\attack_04\patched_images\000000147740.jpg,False,False,,,,,,,,,False,False,300,300,55.35670000244863,55.58559999917634
attack_04,152771,car,D:\project CS\RT-DETRv2-COCO-Attack\source_data\attack_04\clean_images\000000152771.jpg,D:\project CS\RT-DETRv2-COCO-Attack\source_data\attack_04\patched_images\000000152771.jpg,True,True,0.881758987903595,0.847834050655365,"[1.449272632598877, 260.1783142089844, 64.90882873535156, 291.2400207519531]","[1.4399981498718262, 259.8922119140625, 64.16162109375, 291.0270690917969]",0.9550370724933971,0.9458628769134465,0.03392493724822998,0.009174195579950584,True,False,300,300,54.753600001276936,54.79829999967478
attack_04,153011,car,D:\project CS\RT-DETRv2-COCO-Attack\source_data\attack_04\clean_images\000000153011.jpg,D:\project CS\RT-DETRv2-COCO-Attack\source_data\attack_04\patched_images\000000153011.jpg,True,True,0.8751713037490845,0.8387665152549744,"[311.9845886230469, 217.30824279785156, 398.0227966308594, 253.23040771484375]","[312.9002685546875, 217.12628173828125, 397.93511962890625, 253.41531372070312]",0.8241977307024184,0.8337940591857482,0.03640478849411011,-0.009596328483329808,True,False,300,300,53.77750000479864,54.482899999129586
attack_04,153529,person,D:\project CS\RT-DETRv2-COCO-Attack\source_data\attack_04\clean_images\000000153529.jpg,D:\project CS\RT-DETRv2-COCO-Attack\source_data\attack_04\patched_images\000000153529.jpg,True,True,0.9526141881942749,0.9506977200508118,"[287.9519348144531, 46.67325973510742, 427.2037048339844, 584.303466796875]","[287.2846374511719, 46.965179443359375, 427.2478332519531, 584.2855224609375]",0.927111069261103,0.9307623049443764,0.0019164681434631348,-0.0036512356832734127,True,False,300,300,55.03329999919515,55.06770000647521
attack_04,154425,person,D:\project CS\RT-DETRv2-COCO-Attack\source_data\attack_04\clean_images\000000154425.jpg,D:\project CS\RT-DETRv2-COCO-Attack\source_data\attack_04\patched_images\000000154425.jpg,True,True,0.9721593856811523,0.9721227884292603,"[144.95521545410156, 0.7282689213752747, 403.1210021972656, 422.0672912597656]","[144.5347442626953, 1.15033757686615, 402.9085998535156, 421.4994812011719]",0.9430625241350346,0.9459269698973951,3.6597251892089844e-05,-0.002864445762360557,True,False,300,300,54.65559999720426,54.80160000297474
attack_04,156071,car,D:\project CS\RT-DETRv2-COCO-Attack\source_data\attack_04\clean_images\000000156071.jpg,D:\project CS\RT-DETRv2-COCO-Attack\source_data\attack_04\patched_images\000000156071.jpg,False,False,,,,,,,,,False,False,300,300,54.69299999822397,54.89559999841731
attack_04,157365,car,D:\project CS\RT-DETRv2-COCO-Attack\source_data\attack_04\clean_images\000000157365.jpg,D:\project CS\RT-DETRv2-COCO-Attack\source_data\attack_04\patched_images\000000157365.jpg,True,True,0.91895592212677,0.9101157784461975,"[-0.034575432538986206, 189.99713134765625, 114.12313079833984, 377.02374267578125]","[0.06325255334377289, 190.2196044921875, 115.26762390136719, 377.2424011230469]",0.8812912591051854,0.8908047735312739,0.00884014368057251,-0.009513514426088499,True,False,300,300,54.734600002120715,54.85690000205068
attack_04,157756,car,D:\project CS\RT-DETRv2-COCO-Attack\source_data\attack_04\clean_images\000000157756.jpg,D:\project CS\RT-DETRv2-COCO-Attack\source_data\attack_04\patched_images\000000157756.jpg,True,True,0.8103898763656616,0.7967003583908081,"[5.199369430541992, 440.76416015625, 79.2016830444336, 485.0296630859375]","[5.473208427429199, 440.7801818847656, 79.73621368408203, 484.5745849609375]",0.9145795040729945,0.9024976161400796,0.013689517974853516,0.01208188793291487,True,False,300,300,54.22470000485191,53.61770000308752
attack_04,157928,car,D:\project CS\RT-DETRv2-COCO-Attack\source_data\attack_04\clean_images\000000157928.jpg,D:\project CS\RT-DETRv2-COCO-Attack\source_data\attack_04\patched_images\000000157928.jpg,True,True,0.8801823854446411,0.8538108468055725,"[0.058121681213378906, 100.9311752319336, 102.68759155273438, 249.07986450195312]","[0.036025047302246094, 100.99610900878906, 102.61970520019531, 249.29400634765625]",0.922945932693638,0.9208871825935534,0.026371538639068604,0.0020587501000846054,True,False,300,300,55.134299997007474,55.233599996427074
attack_04,160012,car,D:\project CS\RT-DETRv2-COCO-Attack\source_data\attack_04\clean_images\000000160012.jpg,D:\project CS\RT-DETRv2-COCO-Attack\source_data\attack_04\patched_images\000000160012.jpg,True,True,0.901646614074707,0.841780960559845,"[500.6813049316406, 7.261985778808594, 615.8828735351562, 67.8806381225586]","[500.91070556640625, 7.357484817504883, 615.387939453125, 66.27308654785156]",0.8345945704695831,0.8173218109500093,0.05986565351486206,0.017272759519573744,True,False,300,300,56.28230000002077,56.16909999662312
attack_04,161128,car,D:\project CS\RT-DETRv2-COCO-Attack\source_data\attack_04\clean_images\000000161128.jpg,D:\project CS\RT-DETRv2-COCO-Attack\source_data\attack_04\patched_images\000000161128.jpg,True,True,0.9151604771614075,0.9057289361953735,"[0.4122471511363983, 392.3002624511719, 49.69636917114258, 439.29241943359375]","[0.3112703561782837, 392.45611572265625, 49.60714340209961, 439.3819580078125]",0.9474425426542912,0.9427274770876347,0.009431540966033936,0.004715065566656462,True,False,300,300,54.48639999667648,53.98389999754727
attack_04,162858,car,D:\project CS\RT-DETRv2-COCO-Attack\source_data\attack_04\clean_images\000000162858.jpg,D:\project CS\RT-DETRv2-COCO-Attack\source_data\attack_04\patched_images\000000162858.jpg,True,True,0.9444405436515808,0.9427889585494995,"[48.67927551269531, 332.4931335449219, 203.7296142578125, 476.7425537109375]","[48.658538818359375, 332.6328125, 204.13436889648438, 476.59063720703125]",0.8759894488087754,0.8778159173409635,0.0016515851020812988,-0.0018264685321881524,True,False,300,300,54.61279999872204,54.717300001357216
attack_04,163314,person,D:\project CS\RT-DETRv2-COCO-Attack\source_data\attack_04\clean_images\000000163314.jpg,D:\project CS\RT-DETRv2-COCO-Attack\source_data\attack_04\patched_images\000000163314.jpg,False,False,,,,,,,,,False,False,300,300,54.11080000340007,54.558399999223184
attack_04,165039,car,D:\project CS\RT-DETRv2-COCO-Attack\source_data\attack_04\clean_images\000000165039.jpg,D:\project CS\RT-DETRv2-COCO-Attack\source_data\attack_04\patched_images\000000165039.jpg,True,True,0.9404144883155823,0.9338780045509338,"[382.07574462890625, 161.54953002929688, 565.6197509765625, 241.16912841796875]","[382.1501159667969, 161.82931518554688, 565.6670532226562, 240.59756469726562]",0.9707984043892632,0.9818845044003462,0.0065364837646484375,-0.011086100011083011,True,False,300,300,54.38029999641003,54.29710000316845
attack_04,166664,car,D:\project CS\RT-DETRv2-COCO-Attack\source_data\attack_04\clean_images\000000166664.jpg,D:\project CS\RT-DETRv2-COCO-Attack\source_data\attack_04\patched_images\000000166664.jpg,True,True,0.9465747475624084,0.939758837223053,"[0.1966238021850586, 144.44175720214844, 139.44232177734375, 423.25799560546875]","[0.20381927490234375, 144.41485595703125, 139.18673706054688, 423.1819763183594]",0.974665662837646,0.9762097780579911,0.006815910339355469,-0.0015441152203451436,True,False,300,300,54.28850000316743,55.04549999750452
attack_04,166747,person,D:\project CS\RT-DETRv2-COCO-Attack\source_data\attack_04\clean_images\000000166747.jpg,D:\project CS\RT-DETRv2-COCO-Attack\source_data\attack_04\patched_images\000000166747.jpg,False,False,,,,,,,,,False,False,300,300,53.91850000160048,54.67069999576779
attack_04,166918,person,D:\project CS\RT-DETRv2-COCO-Attack\source_data\attack_04\clean_images\000000166918.jpg,D:\project CS\RT-DETRv2-COCO-Attack\source_data\attack_04\patched_images\000000166918.jpg,True,True,0.875374436378479,0.8770192265510559,"[392.3927917480469, 282.70770263671875, 479.98101806640625, 443.45257568359375]","[392.051513671875, 282.0458679199219, 479.9984130859375, 442.5440673828125]",0.9082139936413876,0.9062601163486692,-0.0016447901725769043,0.0019538772927183423,True,False,300,300,54.16029999469174,54.328099999111146
attack_04,169996,car,D:\project CS\RT-DETRv2-COCO-Attack\source_data\attack_04\clean_images\000000169996.jpg,D:\project CS\RT-DETRv2-COCO-Attack\source_data\attack_04\patched_images\000000169996.jpg,True,True,0.8933284878730774,0.889651358127594,"[210.1403045654297, 303.9021301269531, 407.4493408203125, 428.9399108886719]","[208.77606201171875, 303.9913330078125, 406.99041748046875, 428.5821838378906]",0.9715854042457398,0.9647664305852037,0.0036771297454833984,0.006818973660536076,True,False,300,300,54.21740000019781,54.311699997924734
attack_04,171382,car,D:\project CS\RT-DETRv2-COCO-Attack\source_data\attack_04\clean_images\000000171382.jpg,D:\project CS\RT-DETRv2-COCO-Attack\source_data\attack_04\patched_images\000000171382.jpg,True,True,0.8181727528572083,0.7287618517875671,"[2.2852706909179688, 178.9871826171875, 273.8876037597656, 279.3304748535156]","[1.9537925720214844, 176.4227294921875, 274.3212585449219, 280.1435241699219]",0.9346623265269098,0.9542777731486705,0.08941090106964111,-0.019615446621760624,True,False,300,300,54.44020000140881,54.204799998842645
attack_04,172330,car,D:\project CS\RT-DETRv2-COCO-Attack\source_data\attack_04\clean_images\000000172330.jpg,D:\project CS\RT-DETRv2-COCO-Attack\source_data\attack_04\patched_images\000000172330.jpg,True,True,0.9630787968635559,0.9639558792114258,"[63.98826599121094, 0.4584074020385742, 639.2498779296875, 309.7546691894531]","[64.28268432617188, 0.48949241638183594, 639.1243896484375, 310.2071838378906]",0.986695627256368,0.9875203161538157,-0.000877082347869873,-0.0008246888974478006,True,False,300,300,55.67549999977928,56.31329999596346
attack_04,173008,person,D:\project CS\RT-DETRv2-COCO-Attack\source_data\attack_04\clean_images\000000173008.jpg,D:\project CS\RT-DETRv2-COCO-Attack\source_data\attack_04\patched_images\000000173008.jpg,True,True,0.9429783225059509,0.9436866641044617,"[240.06378173828125, 68.96369934082031, 514.9566040039062, 476.36346435546875]","[241.0936279296875, 69.2532958984375, 516.6764526367188, 476.6781311035156]",0.956695866896498,0.9529231913225888,-0.0007083415985107422,0.0037726755739091455,True,False,300,300,54.91249999613501,55.218499997863546
attack_04,176606,car,D:\project CS\RT-DETRv2-COCO-Attack\source_data\attack_04\clean_images\000000176606.jpg,D:\project CS\RT-DETRv2-COCO-Attack\source_data\attack_04\patched_images\000000176606.jpg,True,True,0.9160857200622559,0.9227747917175293,"[62.75861358642578, 196.08798217773438, 128.1460418701172, 249.19358825683594]","[62.690826416015625, 196.31802368164062, 128.2769775390625, 249.28448486328125]",0.96923055079165,0.9676866376069985,-0.0066890716552734375,0.0015439131846515242,True,False,300,300,55.12810000072932,54.72070000541862
attack_04,177357,person,D:\project CS\RT-DETRv2-COCO-Attack\source_data\attack_04\clean_images\000000177357.jpg,D:\project CS\RT-DETRv2-COCO-Attack\source_data\attack_04\patched_images\000000177357.jpg,True,True,0.8881366848945618,0.9188042283058167,"[69.62120056152344, 137.48497009277344, 350.587646484375, 253.32571411132812]","[69.80575561523438, 137.01773071289062, 331.8787841796875, 253.8951873779297]",0.863217448521959,0.8044449980376652,-0.030667543411254883,0.0587724504842938,True,False,300,300,54.79650000052061,55.43260000558803
attack_04,177861,car,D:\project CS\RT-DETRv2-COCO-Attack\source_data\attack_04\clean_images\000000177861.jpg,D:\project CS\RT-DETRv2-COCO-Attack\source_data\attack_04\patched_images\000000177861.jpg,True,True,0.9375200867652893,0.9290285706520081,"[159.32736206054688, 306.7960205078125, 214.5098876953125, 340.0840759277344]","[159.3285675048828, 307.05133056640625, 214.53163146972656, 339.7745361328125]",0.9322290544814692,0.9329334319232788,0.00849151611328125,-0.0007043774418096227,True,False,300,300,54.744599998230115,54.37759999767877
attack_04,177893,car,D:\project CS\RT-DETRv2-COCO-Attack\source_data\attack_04\clean_images\000000177893.jpg,D:\project CS\RT-DETRv2-COCO-Attack\source_data\attack_04\patched_images\000000177893.jpg,False,False,,,,,,,,,False,False,300,300,53.71259999810718,54.55590000201482
attack_04,179112,person,D:\project CS\RT-DETRv2-COCO-Attack\source_data\attack_04\clean_images\000000179112.jpg,D:\project CS\RT-DETRv2-COCO-Attack\source_data\attack_04\patched_images\000000179112.jpg,True,True,0.969971239566803,0.9690602421760559,"[16.683086395263672, 0.6210542917251587, 348.6009216308594, 373.57244873046875]","[16.8212947845459, 0.33600255846977234, 348.6849670410156, 373.9272155761719]",0.9844128285151467,0.9825774050701154,0.0009109973907470703,0.0018354234450312923,True,False,300,300,54.570100001001265,54.94589999580057
attack_04,179265,car,D:\project CS\RT-DETRv2-COCO-Attack\source_data\attack_04\clean_images\000000179265.jpg,D:\project CS\RT-DETRv2-COCO-Attack\source_data\attack_04\patched_images\000000179265.jpg,True,True,0.932049036026001,0.9343485832214355,"[223.3709716796875, 163.0320281982422, 284.5328369140625, 189.20465087890625]","[223.56039428710938, 162.97555541992188, 284.4547424316406, 189.2759246826172]",0.9307622338786599,0.9328314953207172,-0.0022995471954345703,-0.002069261442057324,True,False,300,300,54.2563000053633,54.330799997842405
attack_04,180383,person,D:\project CS\RT-DETRv2-COCO-Attack\source_data\attack_04\clean_images\000000180383.jpg,D:\project CS\RT-DETRv2-COCO-Attack\source_data\attack_04\patched_images\000000180383.jpg,True,True,0.8401842713356018,0.7786642909049988,"[313.0142517089844, 98.44987487792969, 416.52606201171875, 177.95437622070312]","[313.5466613769531, 97.96919250488281, 416.3154602050781, 177.9350128173828]",0.925113849183668,0.9222455404510509,0.06151998043060303,0.0028683087326171197,True,False,300,300,55.96670000522863,55.557599996973295
attack_04,180487,person,D:\project CS\RT-DETRv2-COCO-Attack\source_data\attack_04\clean_images\000000180487.jpg,D:\project CS\RT-DETRv2-COCO-Attack\source_data\attack_04\patched_images\000000180487.jpg,True,True,0.9674263596534729,0.9588567614555359,"[41.02008819580078, 80.31002807617188, 378.6562805175781, 423.1197204589844]","[40.79652786254883, 79.11106872558594, 379.23345947265625, 423.1295471191406]",0.8812436565943372,0.8800316611483606,0.008569598197937012,0.0012119954459766102,True,False,300,300,55.54619999747956,55.8180000007269
attack_04,180878,car,D:\project CS\RT-DETRv2-COCO-Attack\source_data\attack_04\clean_images\000000180878.jpg,D:\project CS\RT-DETRv2-COCO-Attack\source_data\attack_04\patched_images\000000180878.jpg,True,False,0.2890457510948181,,"[405.54681396484375, 201.9056396484375, 508.39080810546875, 310.373046875]",,0.9671026244628134,,,,True,True,300,300,55.65290000231471,55.68920000223443
attack_04,181542,car,D:\project CS\RT-DETRv2-COCO-Attack\source_data\attack_04\clean_images\000000181542.jpg,D:\project CS\RT-DETRv2-COCO-Attack\source_data\attack_04\patched_images\000000181542.jpg,True,True,0.8564699292182922,0.7633401155471802,"[-0.12258529663085938, 129.00157165527344, 121.28014373779297, 203.19178771972656]","[0.13408184051513672, 128.8499755859375, 115.59200286865234, 203.3252716064453]",0.9482760147904559,0.9032502282667169,0.09312981367111206,0.04502578652373901,True,False,300,300,55.18909999955213,54.83220000314759
attack_04,182441,person,D:\project CS\RT-DETRv2-COCO-Attack\source_data\attack_04\clean_images\000000182441.jpg,D:\project CS\RT-DETRv2-COCO-Attack\source_data\attack_04\patched_images\000000182441.jpg,True,True,0.9223650097846985,0.9306711554527283,"[223.38726806640625, 289.87725830078125, 256.8463439941406, 380.9195251464844]","[223.70140075683594, 289.851318359375, 256.81787109375, 380.3774719238281]",0.9383901724237629,0.9245476870236418,-0.008306145668029785,0.013842485400121118,True,False,300,300,54.18269999790937,54.38950000097975
attack_04,183648,person,D:\project CS\RT-DETRv2-COCO-Attack\source_data\attack_04\clean_images\000000183648.jpg,D:\project CS\RT-DETRv2-COCO-Attack\source_data\attack_04\patched_images\000000183648.jpg,True,True,0.9495557546615601,0.9529959559440613,"[198.095458984375, 199.8129425048828, 369.9812316894531, 424.3913879394531]","[198.19110107421875, 199.15350341796875, 369.90380859375, 424.3896179199219]",0.9458653388540632,0.9484918949530017,-0.0034402012825012207,-0.0026265560989384706,True,False,300,300,55.520900001283735,56.78540000371868
attack_04,188296,car,D:\project CS\RT-DETRv2-COCO-Attack\source_data\attack_04\clean_images\000000188296.jpg,D:\project CS\RT-DETRv2-COCO-Attack\source_data\attack_04\patched_images\000000188296.jpg,True,True,0.821187436580658,0.7021148204803467,"[0.010204315185546875, 290.64093017578125, 120.0490493774414, 387.46844482421875]","[-0.050024986267089844, 289.82269287109375, 121.21237182617188, 387.2877197265625]",0.9507576861724238,0.9474721987029019,0.11907261610031128,0.0032854874695219527,True,False,300,300,55.21479999879375,55.20830000023125
attack_04,190140,person,D:\project CS\RT-DETRv2-COCO-Attack\source_data\attack_04\clean_images\000000190140.jpg,D:\project CS\RT-DETRv2-COCO-Attack\source_data\attack_04\patched_images\000000190140.jpg,True,True,0.9276965856552124,0.9218700528144836,"[157.9743194580078, 141.9219207763672, 275.7701110839844, 303.49542236328125]","[158.05909729003906, 141.80679321289062, 275.1968994140625, 303.58355712890625]",0.8458423278627787,0.8413262446913441,0.00582653284072876,0.004516083171434593,True,False,300,300,55.547799995110836,55.379700002959
attack_04,191013,car,D:\project CS\RT-DETRv2-COCO-Attack\source_data\attack_04\clean_images\000000191013.jpg,D:\project CS\RT-DETRv2-COCO-Attack\source_data\attack_04\patched_images\000000191013.jpg,True,True,0.8572730422019958,0.9229307174682617,"[44.8794059753418, 550.0415649414062, 224.6428985595703, 637.94384765625]","[44.860816955566406, 549.7356567382812, 224.52218627929688, 638.0188598632812]",0.9579532264913861,0.9628158920448652,-0.06565767526626587,-0.004862665553479029,True,False,300,300,54.183199994440656,53.8481999974465
attack_04,192670,car,D:\project CS\RT-DETRv2-COCO-Attack\source_data\attack_04\clean_images\000000192670.jpg,D:\project CS\RT-DETRv2-COCO-Attack\source_data\attack_04\patched_images\000000192670.jpg,True,True,0.8052963614463806,0.5084019303321838,"[215.16094970703125, 94.1876449584961, 402.8923034667969, 181.15219116210938]","[217.05126953125, 93.4734878540039, 404.0118103027344, 181.1513671875]",0.9036018811576025,0.899945440219193,0.2968944311141968,0.0036564409384095553,True,False,300,300,54.0363999971305,54.647400000249036
attack_04,192716,car,D:\project CS\RT-DETRv2-COCO-Attack\source_data\attack_04\clean_images\000000192716.jpg,D:\project CS\RT-DETRv2-COCO-Attack\source_data\attack_04\patched_images\000000192716.jpg,True,True,0.9238784909248352,0.914543867111206,"[136.69581604003906, 595.996826171875, 234.675048828125, 639.943603515625]","[137.15408325195312, 596.4506225585938, 235.0258331298828, 640.0013427734375]",0.9684957879974083,0.9608850509307146,0.00933462381362915,0.007610737066693685,True,False,300,300,54.76459999772487,54.831800000101794
attack_04,193348,person,D:\project CS\RT-DETRv2-COCO-Attack\source_data\attack_04\clean_images\000000193348.jpg,D:\project CS\RT-DETRv2-COCO-Attack\source_data\attack_04\patched_images\000000193348.jpg,True,True,0.9731878638267517,0.9715468883514404,"[-0.04887878894805908, 77.291015625, 425.89404296875, 635.099365234375]","[0.13856184482574463, 77.65419006347656, 426.1291809082031, 635.2063598632812]",0.9871338954359952,0.9873265569597863,0.0016409754753112793,-0.00019266152379115997,True,False,300,300,55.45519999577664,55.66160000307718
attack_04,194716,car,D:\project CS\RT-DETRv2-COCO-Attack\source_data\attack_04\clean_images\000000194716.jpg,D:\project CS\RT-DETRv2-COCO-Attack\source_data\attack_04\patched_images\000000194716.jpg,True,True,0.36778536438941956,0.39208438992500305,"[566.078369140625, 0.2466362863779068, 639.9017333984375, 29.349973678588867]","[564.6546020507812, 0.2815903127193451, 639.4409790039062, 29.150297164916992]",0.7377050247871934,0.7425589366929208,-0.024299025535583496,-0.0048539119057274815,True,False,300,300,55.6021000011242,55.9173000001465
attack_04,196141,car,D:\project CS\RT-DETRv2-COCO-Attack\source_data\attack_04\clean_images\000000196141.jpg,D:\project CS\RT-DETRv2-COCO-Attack\source_data\attack_04\patched_images\000000196141.jpg,True,True,0.6931614875793457,0.3055610656738281,"[461.8298034667969, 74.12299346923828, 583.416259765625, 138.96676635742188]","[460.8318786621094, 74.49896240234375, 570.9378662109375, 137.4454345703125]",0.8911723881560055,0.8026398382787608,0.3876004219055176,0.08853254987724468,True,False,300,300,55.363699997542426,54.72140000347281
attack_04,198510,person,D:\project CS\RT-DETRv2-COCO-Attack\source_data\attack_04\clean_images\000000198510.jpg,D:\project CS\RT-DETRv2-COCO-Attack\source_data\attack_04\patched_images\000000198510.jpg,True,True,0.9464632868766785,0.9393261671066284,"[114.15162658691406, 188.23167419433594, 496.6218566894531, 633.66796875]","[114.07179260253906, 188.90342712402344, 498.7435302734375, 632.7026977539062]",0.5861022216313129,0.5933662729617378,0.007137119770050049,-0.007264051330424959,True,False,300,300,55.472400003054645,55.579199994099326
attack_04,203864,person,D:\project CS\RT-DETRv2-COCO-Attack\source_data\attack_04\clean_images\000000203864.jpg,D:\project CS\RT-DETRv2-COCO-Attack\source_data\attack_04\patched_images\000000203864.jpg,True,True,0.9573116302490234,0.9596560597419739,"[254.5641326904297, 105.06291961669922, 434.44024658203125, 434.2730712890625]","[254.65118408203125, 105.05329132080078, 434.5389404296875, 434.23138427734375]",0.946056345908283,0.9450066384749807,-0.0023444294929504395,0.0010497074333023493,True,False,300,300,54.550600005313754,54.65439999534283
attack_04,204871,car,D:\project CS\RT-DETRv2-COCO-Attack\source_data\attack_04\clean_images\000000204871.jpg,D:\project CS\RT-DETRv2-COCO-Attack\source_data\attack_04\patched_images\000000204871.jpg,True,True,0.9114453792572021,0.9058944582939148,"[363.99462890625, 114.3667221069336, 456.0087890625, 194.1981201171875]","[364.2473449707031, 114.46831512451172, 456.0444030761719, 194.20982360839844]",0.8746186701785259,0.8754549341965717,0.0055509209632873535,-0.0008362640180458181,True,False,300,300,54.59639999753563,54.56720000074711
attack_04,208423,car,D:\project CS\RT-DETRv2-COCO-Attack\source_data\attack_04\clean_images\000000208423.jpg,D:\project CS\RT-DETRv2-COCO-Attack\source_data\attack_04\patched_images\000000208423.jpg,True,True,0.932361900806427,0.928125262260437,"[69.82372283935547, 438.9471435546875, 190.6746063232422, 480.3080749511719]","[69.71053314208984, 439.03302001953125, 190.78768920898438, 480.32684326171875]",0.9202883671898123,0.919683181988326,0.00423663854598999,0.0006051852014863357,True,False,300,300,55.16210000496358,54.257800002233125
attack_04,210032,person,D:\project CS\RT-DETRv2-COCO-Attack\source_data\attack_04\clean_images\000000210032.jpg,D:\project CS\RT-DETRv2-COCO-Attack\source_data\attack_04\patched_images\000000210032.jpg,True,True,0.9225637316703796,0.9070679545402527,"[125.85588073730469, 0.3611510992050171, 281.549560546875, 93.51842498779297]","[127.59843444824219, 0.4332199692726135, 282.04730224609375, 93.18775939941406]",0.833749283327499,0.8427298208343548,0.015495777130126953,-0.00898053750685579,True,False,300,300,56.24269999680109,55.51689999992959
attack_04,210273,car,D:\project CS\RT-DETRv2-COCO-Attack\source_data\attack_04\clean_images\000000210273.jpg,D:\project CS\RT-DETRv2-COCO-Attack\source_data\attack_04\patched_images\000000210273.jpg,False,False,,,,,,,,,False,False,300,300,54.35880000004545,54.540800003451295
attack_04,213593,car,D:\project CS\RT-DETRv2-COCO-Attack\source_data\attack_04\clean_images\000000213593.jpg,D:\project CS\RT-DETRv2-COCO-Attack\source_data\attack_04\patched_images\000000213593.jpg,True,True,0.8103916049003601,0.7334154844284058,"[199.1753387451172, 377.3664245605469, 271.2605285644531, 425.90826416015625]","[199.0437469482422, 377.99017333984375, 271.2230224609375, 425.8052062988281]",0.9407675459545444,0.9286204942710264,0.07697612047195435,0.012147051683517929,True,False,300,300,54.403599999204744,54.16250000416767
attack_04,215072,person,D:\project CS\RT-DETRv2-COCO-Attack\source_data\attack_04\clean_images\000000215072.jpg,D:\project CS\RT-DETRv2-COCO-Attack\source_data\attack_04\patched_images\000000215072.jpg,True,True,0.5701633095741272,0.6302647590637207,"[119.84263610839844, 149.53675842285156, 232.2230224609375, 382.23052978515625]","[119.5655517578125, 149.45059204101562, 231.36611938476562, 381.5926513671875]",0.862541271879082,0.860456531801607,-0.060101449489593506,0.0020847400774750557,True,False,300,300,55.095399999117944,54.41719999362249
attack_04,220732,car,D:\project CS\RT-DETRv2-COCO-Attack\source_data\attack_04\clean_images\000000220732.jpg,D:\project CS\RT-DETRv2-COCO-Attack\source_data\attack_04\patched_images\000000220732.jpg,True,True,0.6299152374267578,0.4424479603767395,"[444.22576904296875, 240.7230987548828, 635.3853759765625, 279.3958740234375]","[441.4499206542969, 242.36886596679688, 636.4552612304688, 278.1990661621094]",0.7985169324552202,0.7738451113982081,0.1874672770500183,0.024671821057012044,True,False,300,300,54.841400000441354,55.85079999582376
attack_04,222094,car,D:\project CS\RT-DETRv2-COCO-Attack\source_data\attack_04\clean_images\000000222094.jpg,D:\project CS\RT-DETRv2-COCO-Attack\source_data\attack_04\patched_images\000000222094.jpg,True,True,0.4115557372570038,0.35897308588027954,"[28.64868927001953, 214.42526245117188, 111.85765075683594, 242.51478576660156]","[26.990222930908203, 214.40731811523438, 112.08024597167969, 242.48106384277344]",0.8992042056545576,0.912734733270266,0.05258265137672424,-0.013530527615708388,True,False,300,300,55.00390000088373,53.94220000016503
attack_04,222458,person,D:\project CS\RT-DETRv2-COCO-Attack\source_data\attack_04\clean_images\000000222458.jpg,D:\project CS\RT-DETRv2-COCO-Attack\source_data\attack_04\patched_images\000000222458.jpg,True,True,0.8999139070510864,0.8989494442939758,"[450.7925109863281, 195.5814666748047, 485.1612548828125, 282.2131042480469]","[450.6648254394531, 195.59942626953125, 485.08538818359375, 282.12677001953125]",0.9412439878328225,0.9442397483755313,0.0009644627571105957,-0.0029957605427087808,True,False,300,300,54.39019999903394,54.98719999741297
attack_04,222735,person,D:\project CS\RT-DETRv2-COCO-Attack\source_data\attack_04\clean_images\000000222735.jpg,D:\project CS\RT-DETRv2-COCO-Attack\source_data\attack_04\patched_images\000000222735.jpg,True,False,0.31571149826049805,,"[151.19342041015625, 26.331466674804688, 248.18910217285156, 158.22674560546875]",,0.7512855176695021,,,,True,True,300,300,56.07369999779621,55.84889999590814
attack_04,224337,person,D:\project CS\RT-DETRv2-COCO-Attack\source_data\attack_04\clean_images\000000224337.jpg,D:\project CS\RT-DETRv2-COCO-Attack\source_data\attack_04\patched_images\000000224337.jpg,True,True,0.891326904296875,0.9611305594444275,"[-0.49854278564453125, 0.20345675945281982, 500.1462097167969, 421.5757751464844]","[-0.028705596923828125, 0.49848687648773193, 497.7880859375, 422.6518249511719]",0.7253001459942926,0.7303882223804834,-0.06980365514755249,-0.0050880763861907985,True,False,300,300,56.03539999719942,56.094100000336766
attack_04,224724,car,D:\project CS\RT-DETRv2-COCO-Attack\source_data\attack_04\clean_images\000000224724.jpg,D:\project CS\RT-DETRv2-COCO-Attack\source_data\attack_04\patched_images\000000224724.jpg,True,True,0.5605639219284058,0.49574756622314453,"[285.2539978027344, 507.5317077636719, 422.58807373046875, 569.7910766601562]","[285.27606201171875, 507.9026794433594, 422.1004333496094, 570.0269775390625]",0.8656611445028923,0.8705024285506442,0.06481635570526123,-0.004841284047751859,True,False,300,300,54.2667000045185,53.56339999707416
attack_04,226417,person,D:\project CS\RT-DETRv2-COCO-Attack\source_data\attack_04\clean_images\000000226417.jpg,D:\project CS\RT-DETRv2-COCO-Attack\source_data\attack_04\patched_images\000000226417.jpg,True,True,0.9474320411682129,0.9431574940681458,"[0.1673419028520584, 170.83749389648438, 51.279083251953125, 286.2205810546875]","[0.093875452876091, 171.14797973632812, 51.17644500732422, 286.3484802246094]",0.9593859218693762,0.9611292377546434,0.004274547100067139,-0.001743315885267216,True,False,300,300,53.781499998876825,54.46500000107335
attack_04,228942,car,D:\project CS\RT-DETRv2-COCO-Attack\source_data\attack_04\clean_images\000000228942.jpg,D:\project CS\RT-DETRv2-COCO-Attack\source_data\attack_04\patched_images\000000228942.jpg,True,True,0.9651240110397339,0.962475597858429,"[0.259552001953125, 131.6448211669922, 382.9981689453125, 299.5269775390625]","[0.3122901916503906, 131.6930389404297, 383.29339599609375, 299.68536376953125]",0.978162558846716,0.9769021564977592,0.0026484131813049316,0.0012604023489567462,True,False,300,300,54.49629999930039,54.88390000391519
attack_04,230008,car,D:\project CS\RT-DETRv2-COCO-Attack\source_data\attack_04\clean_images\000000230008.jpg,D:\project CS\RT-DETRv2-COCO-Attack\source_data\attack_04\patched_images\000000230008.jpg,True,True,0.9417433142662048,0.9349488615989685,"[418.2174072265625, 75.81261444091797, 640.1226196289062, 312.5176086425781]","[414.2451171875, 75.9409408569336, 640.0987548828125, 312.5311279296875]",0.9164836560739595,0.9000542909995509,0.006794452667236328,0.01642936507440862,True,False,300,300,56.15109999780543,55.59530000027735
attack_04,230983,car,D:\project CS\RT-DETRv2-COCO-Attack\source_data\attack_04\clean_images\000000230983.jpg,D:\project CS\RT-DETRv2-COCO-Attack\source_data\attack_04\patched_images\000000230983.jpg,True,True,0.8269254565238953,0.48370447754859924,"[395.45684814453125, 212.33726501464844, 417.4934997558594, 259.6297912597656]","[405.0117492675781, 211.865234375, 429.6665344238281, 267.07159423828125]",0.5921731964960159,0.6024101768071626,0.343220978975296,-0.010236980311146726,True,False,300,300,54.20520000188844,54.83670000103302
attack_04,230993,person,D:\project CS\RT-DETRv2-COCO-Attack\source_data\attack_04\clean_images\000000230993.jpg,D:\project CS\RT-DETRv2-COCO-Attack\source_data\attack_04\patched_images\000000230993.jpg,True,True,0.8810524344444275,0.8523811101913452,"[98.65947723388672, 220.7045135498047, 232.7235107421875, 406.6863098144531]","[98.82766723632812, 221.0964813232422, 231.12246704101562, 406.628662109375]",0.6982148871025434,0.6920029333216027,0.028671324253082275,0.006211953780940749,True,False,300,300,55.73729999741772,55.65750000096159
attack_04,232649,person,D:\project CS\RT-DETRv2-COCO-Attack\source_data\attack_04\clean_images\000000232649.jpg,D:\project CS\RT-DETRv2-COCO-Attack\source_data\attack_04\patched_images\000000232649.jpg,True,True,0.9250103235244751,0.9312416315078735,"[2.9239180088043213, 0.17230957746505737, 92.58029174804688, 107.56978607177734]","[3.121331214904785, 0.1536160707473755, 92.57801055908203, 107.42361450195312]",0.9593926921522972,0.9604177386735315,-0.0062313079833984375,-0.001025046521234363,True,False,300,300,55.36939999728929,54.92569999478292
attack_04,233238,person,D:\project CS\RT-DETRv2-COCO-Attack\source_data\attack_04\clean_images\000000233238.jpg,D:\project CS\RT-DETRv2-COCO-Attack\source_data\attack_04\patched_images\000000233238.jpg,True,True,0.8954038619995117,0.8941958546638489,"[334.98504638671875, 129.93148803710938, 480.02313232421875, 496.58905029296875]","[331.8175048828125, 130.00790405273438, 480.1827087402344, 497.3890686035156]",0.9838058087392378,0.9684610511727785,0.0012080073356628418,0.015344757566459366,True,False,300,300,55.242399997951,55.44540000119014
attack_04,242411,person,D:\project CS\RT-DETRv2-COCO-Attack\source_data\attack_04\clean_images\000000242411.jpg,D:\project CS\RT-DETRv2-COCO-Attack\source_data\attack_04\patched_images\000000242411.jpg,True,True,0.7610863447189331,0.7176613211631775,"[235.9638671875, 584.7809448242188, 301.18994140625, 639.9396362304688]","[235.45059204101562, 584.7579345703125, 300.5020751953125, 640.227294921875]",0.8843446630082482,0.8836908521914871,0.043425023555755615,0.0006538108167610801,True,False,300,300,54.560399999900255,54.136999999172986
attack_04,243148,person,D:\project CS\RT-DETRv2-COCO-Attack\source_data\attack_04\clean_images\000000243148.jpg,D:\project CS\RT-DETRv2-COCO-Attack\source_data\attack_04\patched_images\000000243148.jpg,True,True,0.918296754360199,0.8969040513038635,"[248.10305786132812, 0.13933539390563965, 640.0133056640625, 357.68170166015625]","[248.7409210205078, 0.6032824516296387, 640.1470336914062, 357.3215637207031]",0.9738160884874449,0.9773229660425428,0.02139270305633545,-0.0035068775550978204,True,False,300,300,56.4994000014849,56.25330000475515
attack_04,245320,car,D:\project CS\RT-DETRv2-COCO-Attack\source_data\attack_04\clean_images\000000245320.jpg,D:\project CS\RT-DETRv2-COCO-Attack\source_data\attack_04\patched_images\000000245320.jpg,False,False,,,,,,,,,False,False,300,300,54.81889999646228,54.37819999497151
attack_04,246963,person,D:\project CS\RT-DETRv2-COCO-Attack\source_data\attack_04\clean_images\000000246963.jpg,D:\project CS\RT-DETRv2-COCO-Attack\source_data\attack_04\patched_images\000000246963.jpg,True,True,0.9203943014144897,0.910586416721344,"[431.7074279785156, 151.57247924804688, 532.9732055664062, 302.1192932128906]","[431.7271728515625, 151.5525360107422, 532.9679565429688, 302.23052978515625]",0.8385831319500011,0.8382780801520895,0.009807884693145752,0.0003050517979116263,True,False,300,300,54.735099998652004,54.49419999786187
attack_04,248112,person,D:\project CS\RT-DETRv2-COCO-Attack\source_data\attack_04\clean_images\000000248112.jpg,D:\project CS\RT-DETRv2-COCO-Attack\source_data\attack_04\patched_images\000000248112.jpg,True,True,0.9247561097145081,0.9173802137374878,"[258.88592529296875, 198.56051635742188, 303.3859558105469, 330.0963439941406]","[258.3089294433594, 198.59603881835938, 303.3545837402344, 330.05194091796875]",0.9274684620520172,0.9163190429079765,0.007375895977020264,0.011149419144040662,True,False,300,300,53.988800005754456,54.24079999647802
attack_04,248616,person,D:\project CS\RT-DETRv2-COCO-Attack\source_data\attack_04\clean_images\000000248616.jpg,D:\project CS\RT-DETRv2-COCO-Attack\source_data\attack_04\patched_images\000000248616.jpg,True,True,0.9151822328567505,0.7936292290687561,"[0.19594192504882812, 72.01084899902344, 184.6090850830078, 398.9271545410156]","[0.3837013244628906, 72.09066772460938, 180.9292449951172, 398.9136657714844]",0.9927694875853439,0.9735552652664702,0.12155300378799438,0.019214222318873708,True,False,300,300,55.26090000057593,55.11689999548253
attack_04,254814,car,D:\project CS\RT-DETRv2-COCO-Attack\source_data\attack_04\clean_images\000000254814.jpg,D:\project CS\RT-DETRv2-COCO-Attack\source_data\attack_04\patched_images\000000254814.jpg,True,True,0.37918224930763245,0.37978383898735046,"[379.5851135253906, 307.8982849121094, 546.46044921875, 426.2328186035156]","[380.048828125, 308.2580871582031, 545.6669921875, 426.28167724609375]",0.9804323752583688,0.9802899246328216,-0.0006015896797180176,0.0001424506255471858,True,False,300,300,54.69889999949373,55.192200001329184
attack_04,255536,person,D:\project CS\RT-DETRv2-COCO-Attack\source_data\attack_04\clean_images\000000255536.jpg,D:\project CS\RT-DETRv2-COCO-Attack\source_data\attack_04\patched_images\000000255536.jpg,True,True,0.5805273652076721,0.5591403245925903,"[136.12619018554688, 120.57466125488281, 169.2127227783203, 151.75120544433594]","[136.00099182128906, 120.35453033447266, 169.943115234375, 151.9237518310547]",0.7314145545660856,0.7204683519859328,0.021387040615081787,0.010946202580152775,True,False,300,300,54.567899998801295,55.33329999889247
attack_04,257169,person,D:\project CS\RT-DETRv2-COCO-Attack\source_data\attack_04\clean_images\000000257169.jpg,D:\project CS\RT-DETRv2-COCO-Attack\source_data\attack_04\patched_images\000000257169.jpg,True,True,0.7295206785202026,0.7074564099311829,"[264.6676330566406, 305.3288269042969, 480.01544189453125, 437.4894714355469]","[263.50933837890625, 303.83172607421875, 479.80340576171875, 436.2693786621094]",0.9541301908741312,0.9407718618886085,0.022064268589019775,0.013358328985522694,True,False,300,300,55.68669999775011,55.77400000038324
attack_04,257566,person,D:\project CS\RT-DETRv2-COCO-Attack\source_data\attack_04\clean_images\000000257566.jpg,D:\project CS\RT-DETRv2-COCO-Attack\source_data\attack_04\patched_images\000000257566.jpg,True,True,0.8829854130744934,0.606070876121521,"[0.003306865692138672, 147.64126586914062, 63.80594253540039, 475.50274658203125]","[-0.08812189102172852, 145.78395080566406, 63.36432647705078, 473.9596862792969]",0.7201258206931059,0.707019805043303,0.2769145369529724,0.01310601564980296,True,False,300,300,54.49699999735458,54.17670000315411
attack_04,259690,car,D:\project CS\RT-DETRv2-COCO-Attack\source_data\attack_04\clean_images\000000259690.jpg,D:\project CS\RT-DETRv2-COCO-Attack\source_data\attack_04\patched_images\000000259690.jpg,True,False,0.3338141441345215,,"[495.9566955566406, 113.25399780273438, 575.5182495117188, 151.72222900390625]",,0.5911948098535528,,,,True,True,300,300,53.76550000073621,54.99319999944419
attack_04,260470,car,D:\project CS\RT-DETRv2-COCO-Attack\source_data\attack_04\clean_images\000000260470.jpg,D:\project CS\RT-DETRv2-COCO-Attack\source_data\attack_04\patched_images\000000260470.jpg,True,False,0.6284736394882202,,"[331.63818359375, 63.5649528503418, 433.9866638183594, 125.14344024658203]",,0.8438227808579022,,,,True,True,300,300,55.64059999596793,55.58609999570763
attack_04,261061,person,D:\project CS\RT-DETRv2-COCO-Attack\source_data\attack_04\clean_images\000000261061.jpg,D:\project CS\RT-DETRv2-COCO-Attack\source_data\attack_04\patched_images\000000261061.jpg,True,True,0.9149869680404663,0.9150909185409546,"[255.17929077148438, 42.81665802001953, 370.2914123535156, 332.4955139160156]","[255.85708618164062, 42.81650924682617, 371.0908508300781, 332.49188232421875]",0.9372909954544193,0.9495613431688805,-0.00010395050048828125,-0.012270347714461227,True,False,300,300,55.145600003015716,55.42090000380995
attack_04,261982,car,D:\project CS\RT-DETRv2-COCO-Attack\source_data\attack_04\clean_images\000000261982.jpg,D:\project CS\RT-DETRv2-COCO-Attack\source_data\attack_04\patched_images\000000261982.jpg,True,True,0.31295618414878845,0.5494615435600281,"[-0.40465375781059265, 10.110960006713867, 195.283203125, 228.86807250976562]","[-0.053920239210128784, 9.860963821411133, 251.35215759277344, 228.5144805908203]",0.7527500448122872,0.9673008661499093,-0.23650535941123962,-0.21455082133762204,True,False,300,300,56.04909999965457,55.92849999811733
attack_04,263463,car,D:\project CS\RT-DETRv2-COCO-Attack\source_data\attack_04\clean_images\000000263463.jpg,D:\project CS\RT-DETRv2-COCO-Attack\source_data\attack_04\patched_images\000000263463.jpg,True,True,0.4828345477581024,0.3696342408657074,"[60.715389251708984, 68.97086334228516, 600.5546875, 423.42364501953125]","[60.4765510559082, 69.77579498291016, 638.9968872070312, 424.5267639160156]",0.7958509278060288,0.7521869334307424,0.11320030689239502,0.04366399437528645,True,False,300,300,56.05510000168579,58.67940000462113
attack_04,263594,car,D:\project CS\RT-DETRv2-COCO-Attack\source_data\attack_04\clean_images\000000263594.jpg,D:\project CS\RT-DETRv2-COCO-Attack\source_data\attack_04\patched_images\000000263594.jpg,True,True,0.9580212235450745,0.9579963684082031,"[31.539260864257812, 142.66738891601562, 462.7800598144531, 285.58734130859375]","[31.530380249023438, 142.48919677734375, 462.708984375, 285.75653076171875]",0.9517020174027772,0.9541198819304032,2.485513687133789e-05,-0.0024178645276260458,True,False,300,300,54.625300006591715,54.64430000574794
attack_04,266981,car,D:\project CS\RT-DETRv2-COCO-Attack\source_data\attack_04\clean_images\000000266981.jpg,D:\project CS\RT-DETRv2-COCO-Attack\source_data\attack_04\patched_images\000000266981.jpg,True,True,0.38703638315200806,0.4528380334377289,"[324.821533203125, 408.0267639160156, 392.7858581542969, 446.0082702636719]","[324.8476867675781, 408.15313720703125, 391.9324035644531, 445.95098876953125]",0.8028533995144936,0.8052869745464094,-0.06580165028572083,-0.002433575031915769,True,False,300,300,54.453900003863964,54.91669999901205
attack_04,269632,car,D:\project CS\RT-DETRv2-COCO-Attack\source_data\attack_04\clean_images\000000269632.jpg,D:\project CS\RT-DETRv2-COCO-Attack\source_data\attack_04\patched_images\000000269632.jpg,True,True,0.9314359426498413,0.9225655198097229,"[554.3514404296875, 236.81117248535156, 640.044189453125, 347.1147766113281]","[553.9288330078125, 236.73977661132812, 640.005126953125, 346.9652404785156]",0.9698276920166237,0.9661907241482428,0.008870422840118408,0.003636967868380858,True,False,300,300,54.594300003373064,54.717799997888505
attack_04,274272,car,D:\project CS\RT-DETRv2-COCO-Attack\source_data\attack_04\clean_images\000000274272.jpg,D:\project CS\RT-DETRv2-COCO-Attack\source_data\attack_04\patched_images\000000274272.jpg,True,True,0.9319308996200562,0.9371344447135925,"[30.95663070678711, 387.62420654296875, 212.08709716796875, 478.79058837890625]","[31.21776580810547, 387.51904296875, 211.73753356933594, 478.8104553222656]",0.8843600878361029,0.8823301699487937,-0.005203545093536377,0.0020299178873092183,True,False,300,300,54.901600000448525,55.10430000140332
attack_04,274460,person,D:\project CS\RT-DETRv2-COCO-Attack\source_data\attack_04\clean_images\000000274460.jpg,D:\project CS\RT-DETRv2-COCO-Attack\source_data\attack_04\patched_images\000000274460.jpg,True,True,0.8447428345680237,0.874671220779419,"[27.566633224487305, 290.906005859375, 140.66159057617188, 409.7113952636719]","[27.82394790649414, 290.7951354980469, 141.15509033203125, 409.5107116699219]",0.8976228782291663,0.895155963679539,-0.029928386211395264,0.0024669145496273304,True,False,300,300,54.44460000580875,53.76339999929769
attack_04,277005,car,D:\project CS\RT-DETRv2-COCO-Attack\source_data\attack_04\clean_images\000000277005.jpg,D:\project CS\RT-DETRv2-COCO-Attack\source_data\attack_04\patched_images\000000277005.jpg,True,True,0.8186947107315063,0.8606823086738586,"[414.58599853515625, 267.06524658203125, 551.4277954101562, 333.0698547363281]","[414.490966796875, 268.72393798828125, 551.1917114257812, 333.220458984375]",0.6614735040344693,0.645693770703746,-0.041987597942352295,0.015779733330723245,True,False,300,300,54.332899999280926,54.2901000007987
attack_04,278749,car,D:\project CS\RT-DETRv2-COCO-Attack\source_data\attack_04\clean_images\000000278749.jpg,D:\project CS\RT-DETRv2-COCO-Attack\source_data\attack_04\patched_images\000000278749.jpg,True,True,0.8793192505836487,0.840333878993988,"[81.54490661621094, 109.38862609863281, 118.0627212524414, 127.01673889160156]","[81.06827545166016, 109.42459869384766, 117.59379577636719, 127.02210235595703]",0.7968725657375877,0.8150904311864293,0.038985371589660645,-0.01821786544884163,True,False,300,300,54.672399994160514,54.110299999592826
attack_04,278848,car,D:\project CS\RT-DETRv2-COCO-Attack\source_data\attack_04\clean_images\000000278848.jpg,D:\project CS\RT-DETRv2-COCO-Attack\source_data\attack_04\patched_images\000000278848.jpg,True,True,0.9157015085220337,0.8462278842926025,"[437.834228515625, 351.2977294921875, 479.6220703125, 392.8294677734375]","[437.7459716796875, 351.4478759765625, 479.4545593261719, 392.7244873046875]",0.8949527594874455,0.9009361943071684,0.06947362422943115,-0.005983434819722966,True,False,300,300,54.570699998294,54.570699998294
attack_04,282037,person,D:\project CS\RT-DETRv2-COCO-Attack\source_data\attack_04\clean_images\000000282037.jpg,D:\project CS\RT-DETRv2-COCO-Attack\source_data\attack_04\patched_images\000000282037.jpg,False,False,,,,,,,,,False,False,300,300,53.763900003104936,54.13889999908861
attack_04,284725,car,D:\project CS\RT-DETRv2-COCO-Attack\source_data\attack_04\clean_images\000000284725.jpg,D:\project CS\RT-DETRv2-COCO-Attack\source_data\attack_04\patched_images\000000284725.jpg,True,True,0.9462880492210388,0.9463343620300293,"[146.6258544921875, 285.6822204589844, 378.79620361328125, 376.1563415527344]","[146.4744415283203, 285.96527099609375, 378.900146484375, 376.0565185546875]",0.9434647418549462,0.9442930839725293,-4.6312808990478516e-05,-0.0008283421175830918,True,False,300,300,54.79110000305809,54.248399996140506
attack_04,288042,person,D:\project CS\RT-DETRv2-COCO-Attack\source_data\attack_04\clean_images\000000288042.jpg,D:\project CS\RT-DETRv2-COCO-Attack\source_data\attack_04\patched_images\000000288042.jpg,True,True,0.9075132608413696,0.8788459897041321,"[549.4246215820312, 194.55162048339844, 603.2426147460938, 360.41650390625]","[549.522216796875, 194.73733520507812, 602.1796264648438, 360.1285400390625]",0.9491292341856273,0.9344069636647128,0.02866727113723755,0.014722270520914571,True,False,300,300,53.37819999840576,54.396200001065154
attack_04,289938,car,D:\project CS\RT-DETRv2-COCO-Attack\source_data\attack_04\clean_images\000000289938.jpg,D:\project CS\RT-DETRv2-COCO-Attack\source_data\attack_04\patched_images\000000289938.jpg,True,True,0.8524178862571716,0.718114972114563,"[572.040771484375, 215.99256896972656, 639.9146118164062, 274.9113464355469]","[570.3968505859375, 216.03170776367188, 639.785888671875, 274.99603271484375]",0.9018898136896026,0.8805684867290138,0.13430291414260864,0.02132132696058886,True,False,300,300,54.07019999984186,54.391499994380865
attack_04,290163,person,D:\project CS\RT-DETRv2-COCO-Attack\source_data\attack_04\clean_images\000000290163.jpg,D:\project CS\RT-DETRv2-COCO-Attack\source_data\attack_04\patched_images\000000290163.jpg,True,True,0.8195589780807495,0.6219906210899353,"[-0.0219879150390625, 0.9772109985351562, 267.52410888671875, 420.65850830078125]","[0.34063720703125, 1.269683837890625, 267.9803161621094, 451.9794921875]",0.9471454438058627,0.8833544243932475,0.1975683569908142,0.06379101941261522,True,False,300,300,55.90509999456117,55.73739999817917
attack_04,293071,car,D:\project CS\RT-DETRv2-COCO-Attack\source_data\attack_04\clean_images\000000293071.jpg,D:\project CS\RT-DETRv2-COCO-Attack\source_data\attack_04\patched_images\000000293071.jpg,True,True,0.9519920349121094,0.9540844559669495,"[72.64064025878906, 149.5832061767578, 277.00604248046875, 230.95970153808594]","[72.66317749023438, 149.61061096191406, 276.7269287109375, 230.9420166015625]",0.9638449277649883,0.9620946475677256,-0.002092421054840088,0.0017502801972627546,True,False,300,300,54.82979999942472,54.98100000113482
attack_04,295138,person,D:\project CS\RT-DETRv2-COCO-Attack\source_data\attack_04\clean_images\000000295138.jpg,D:\project CS\RT-DETRv2-COCO-Attack\source_data\attack_04\patched_images\000000295138.jpg,True,True,0.9365031719207764,0.9304693341255188,"[164.31317138671875, 0.47600439190864563, 392.0481872558594, 344.8135070800781]","[165.04275512695312, 0.5711195468902588, 390.15338134765625, 344.99920654296875]",0.9642948999581861,0.9693483108599018,0.006033837795257568,-0.005053410901715738,True,False,300,300,54.52280000463361,54.37350000283914
attack_04,295809,car,D:\project CS\RT-DETRv2-COCO-Attack\source_data\attack_04\clean_images\000000295809.jpg,D:\project CS\RT-DETRv2-COCO-Attack\source_data\attack_04\patched_images\000000295809.jpg,True,True,0.5153351426124573,0.5236714482307434,"[50.7749137878418, 104.33711242675781, 150.34237670898438, 141.82176208496094]","[50.63885498046875, 104.34905242919922, 150.16409301757812, 141.8567352294922]",0.9350755915281896,0.9335481000954338,-0.008336305618286133,0.0015274914327558786,True,False,300,300,53.836999999475665,54.18630000349367
attack_04,296649,car,D:\project CS\RT-DETRv2-COCO-Attack\source_data\attack_04\clean_images\000000296649.jpg,D:\project CS\RT-DETRv2-COCO-Attack\source_data\attack_04\patched_images\000000296649.jpg,True,True,0.8324100971221924,0.8180291056632996,"[425.8985900878906, 328.0947570800781, 640.232177734375, 425.37713623046875]","[425.4688720703125, 328.29486083984375, 640.21923828125, 425.2831726074219]",0.9487193360917767,0.9497490240244784,0.014380991458892822,-0.0010296879327016395,True,False,300,300,54.63630000303965,54.40719999751309
attack_04,301061,person,D:\project CS\RT-DETRv2-COCO-Attack\source_data\attack_04\clean_images\000000301061.jpg,D:\project CS\RT-DETRv2-COCO-Attack\source_data\attack_04\patched_images\000000301061.jpg,True,True,0.9363926649093628,0.9383511543273926,"[0.22232294082641602, 288.1265563964844, 77.31324768066406, 601.2499389648438]","[0.1376938819885254, 288.189697265625, 77.36791229248047, 601.5899658203125]",0.8479358158823711,0.8453669082989727,-0.001958489418029785,0.00256890758339845,True,False,300,300,56.23059999925317,56.65430000226479
attack_04,301376,car,D:\project CS\RT-DETRv2-COCO-Attack\source_data\attack_04\clean_images\000000301376.jpg,D:\project CS\RT-DETRv2-COCO-Attack\source_data\attack_04\patched_images\000000301376.jpg,True,True,0.9138011932373047,0.9187049865722656,"[0.06889361143112183, 390.875732421875, 97.14395141601562, 476.8112487792969]","[0.04608786106109619, 390.90679931640625, 97.24115753173828, 476.8617858886719]",0.946281167776826,0.9479034062585602,-0.0049037933349609375,-0.0016222384817341506,True,False,300,300,53.740100003778934,54.62160000024596
attack_04,303818,car,D:\project CS\RT-DETRv2-COCO-Attack\source_data\attack_04\clean_images\000000303818.jpg,D:\project CS\RT-DETRv2-COCO-Attack\source_data\attack_04\patched_images\000000303818.jpg,True,True,0.9466755986213684,0.9445808529853821,"[4.22590970993042, 198.4726104736328, 134.90618896484375, 275.4509582519531]","[4.244363307952881, 198.38531494140625, 134.9978790283203, 275.62725830078125]",0.9819157463039604,0.9847085294533099,0.002094745635986328,-0.002792783149349498,True,False,300,300,59.414000003016554,54.870100000698585
attack_04,306136,person,D:\project CS\RT-DETRv2-COCO-Attack\source_data\attack_04\clean_images\000000306136.jpg,D:\project CS\RT-DETRv2-COCO-Attack\source_data\attack_04\patched_images\000000306136.jpg,True,True,0.59096360206604,0.31314948201179504,"[79.92366790771484, 444.4124755859375, 111.38777923583984, 549.8009033203125]","[79.61261749267578, 444.7625732421875, 112.66281127929688, 554.3848876953125]",0.8127108316367578,0.8010049828302411,0.277814120054245,0.011705848806516705,True,False,300,300,57.98789999971632,58.10349999956088
attack_04,308394,person,D:\project CS\RT-DETRv2-COCO-Attack\source_data\attack_04\clean_images\000000308394.jpg,D:\project CS\RT-DETRv2-COCO-Attack\source_data\attack_04\patched_images\000000308394.jpg,True,True,0.9047929048538208,0.9045827984809875,"[58.07544708251953, 157.56959533691406, 221.92474365234375, 425.4035949707031]","[61.127052307128906, 157.757080078125, 222.27969360351562, 425.5097961425781]",0.8536658564715566,0.8713517225748212,0.00021010637283325195,-0.017685866103264614,True,False,300,300,55.86570000014035,56.04430000676075
attack_04,320232,car,D:\project CS\RT-DETRv2-COCO-Attack\source_data\attack_04\clean_images\000000320232.jpg,D:\project CS\RT-DETRv2-COCO-Attack\source_data\attack_04\patched_images\000000320232.jpg,True,True,0.8672164082527161,0.7652741074562073,"[148.60806274414062, 385.7247009277344, 201.03172302246094, 413.13604736328125]","[146.58706665039062, 385.8194274902344, 200.9329071044922, 412.8332214355469]",0.9076107684952812,0.8846516569784006,0.10194230079650879,0.02295911151688057,True,False,300,300,53.735499997856095,54.354899999452755
attack_04,322724,person,D:\project CS\RT-DETRv2-COCO-Attack\source_data\attack_04\clean_images\000000322724.jpg,D:\project CS\RT-DETRv2-COCO-Attack\source_data\attack_04\patched_images\000000322724.jpg,True,True,0.9495667815208435,0.9491516351699829,"[238.06414794921875, 177.51414489746094, 357.864501953125, 422.62841796875]","[237.77284240722656, 177.45472717285156, 357.5106506347656, 422.8045349121094]",0.9113309973995832,0.9057904121181258,0.0004151463508605957,0.0055405852814574,True,False,300,300,54.470999995828606,53.94029999297345
attack_04,322864,car,D:\project CS\RT-DETRv2-COCO-Attack\source_data\attack_04\clean_images\000000322864.jpg,D:\project CS\RT-DETRv2-COCO-Attack\source_data\attack_04\patched_images\000000322864.jpg,True,True,0.775590717792511,0.8694040179252625,"[0.15114185214042664, 374.9356689453125, 427.0519104003906, 600.31982421875]","[0.15471774339675903, 374.82244873046875, 427.1123046875, 600.9969482421875]",0.9610698237202044,0.9575694894429246,-0.09381330013275146,0.003500334277279804,True,False,300,300,55.07239999860758,55.27759999677073
attack_04,324158,car,D:\project CS\RT-DETRv2-COCO-Attack\source_data\attack_04\clean_images\000000324158.jpg,D:\project CS\RT-DETRv2-COCO-Attack\source_data\attack_04\patched_images\000000324158.jpg,False,False,,,,,,,,,False,False,300,300,53.882899999734946,54.310700004862156
attack_04,326174,person,D:\project CS\RT-DETRv2-COCO-Attack\source_data\attack_04\clean_images\000000326174.jpg,D:\project CS\RT-DETRv2-COCO-Attack\source_data\attack_04\patched_images\000000326174.jpg,True,True,0.9370612502098083,0.9363179206848145,"[134.3886260986328, 219.34640502929688, 223.38681030273438, 406.7601623535156]","[134.19351196289062, 219.1632537841797, 223.35870361328125, 406.788330078125]",0.9245011170006058,0.9255154157922436,0.0007433295249938965,-0.0010142987916378354,True,False,300,300,54.4510999970953,54.429400006483775
attack_04,326627,car,D:\project CS\RT-DETRv2-COCO-Attack\source_data\attack_04\clean_images\000000326627.jpg,D:\project CS\RT-DETRv2-COCO-Attack\source_data\attack_04\patched_images\000000326627.jpg,True,True,0.8744503259658813,0.8573526740074158,"[291.7010803222656, 396.2733459472656, 345.18292236328125, 437.001708984375]","[291.819580078125, 396.5401916503906, 347.2138671875, 437.0540466308594]",0.9465136918752237,0.917666067730593,0.017097651958465576,0.028847624144630712,True,False,300,300,53.53150000155438,54.06529999891063
attack_04,326970,person,D:\project CS\RT-DETRv2-COCO-Attack\source_data\attack_04\clean_images\000000326970.jpg,D:\project CS\RT-DETRv2-COCO-Attack\source_data\attack_04\patched_images\000000326970.jpg,True,True,0.9579019546508789,0.9578559398651123,"[270.5899353027344, 30.837005615234375, 471.16790771484375, 476.63470458984375]","[270.46099853515625, 31.105070114135742, 470.8781433105469, 476.6160583496094]",0.9399633709491365,0.939786579818814,4.601478576660156e-05,0.00017679113032254,True,False,300,300,55.447900005674455,55.59240000002319
attack_04,329323,person,D:\project CS\RT-DETRv2-COCO-Attack\source_data\attack_04\clean_images\000000329323.jpg,D:\project CS\RT-DETRv2-COCO-Attack\source_data\attack_04\patched_images\000000329323.jpg,False,False,,,,,,,,,False,False,300,300,55.920699996931944,55.968400003621355
attack_04,329456,person,D:\project CS\RT-DETRv2-COCO-Attack\source_data\attack_04\clean_images\000000329456.jpg,D:\project CS\RT-DETRv2-COCO-Attack\source_data\attack_04\patched_images\000000329456.jpg,True,True,0.9606366753578186,0.9687392711639404,"[43.24958801269531, 1.7582567930221558, 504.3612976074219, 424.23858642578125]","[43.8856315612793, 1.402029275894165, 504.4720458984375, 424.041259765625]",0.9735892552709218,0.9737592203418891,-0.008102595806121826,-0.00016996507096733726,True,False,300,300,55.34559999796329,55.63909999909811
attack_04,331799,person,D:\project CS\RT-DETRv2-COCO-Attack\source_data\attack_04\clean_images\000000331799.jpg,D:\project CS\RT-DETRv2-COCO-Attack\source_data\attack_04\patched_images\000000331799.jpg,True,True,0.8759227395057678,0.8689945936203003,"[202.31773376464844, 2.2574386596679688, 474.0146484375, 405.3299560546875]","[242.2281494140625, 1.7555413246154785, 474.90423583984375, 406.17999267578125]",0.9192360757950881,0.7860309262340586,0.006928145885467529,0.13320514956102958,True,False,300,300,55.79350000334671,55.494699998234864
attack_04,331817,person,D:\project CS\RT-DETRv2-COCO-Attack\source_data\attack_04\clean_images\000000331817.jpg,D:\project CS\RT-DETRv2-COCO-Attack\source_data\attack_04\patched_images\000000331817.jpg,True,True,0.7456064820289612,0.8504965305328369,"[319.8577575683594, 88.86009979248047, 639.5618896484375, 238.73553466796875]","[319.00701904296875, 88.6962661743164, 639.66259765625, 238.8096923828125]",0.9360852839411455,0.9403619536300225,-0.10489004850387573,-0.004276669688876966,True,False,300,300,55.832700003520586,55.57680000492837
attack_04,334555,car,D:\project CS\RT-DETRv2-COCO-Attack\source_data\attack_04\clean_images\000000334555.jpg,D:\project CS\RT-DETRv2-COCO-Attack\source_data\attack_04\patched_images\000000334555.jpg,True,True,0.839082658290863,0.8397831916809082,"[468.63763427734375, 186.39944458007812, 579.671630859375, 260.51910400390625]","[468.7847900390625, 186.2997589111328, 579.7908935546875, 260.68170166015625]",0.797739430372103,0.800361237946843,-0.000700533390045166,-0.002621807574739954,True,False,300,300,54.673999999067746,54.60779999702936
attack_04,336628,person,D:\project CS\RT-DETRv2-COCO-Attack\source_data\attack_04\clean_images\000000336628.jpg,D:\project CS\RT-DETRv2-COCO-Attack\source_data\attack_04\patched_images\000000336628.jpg,True,True,0.9258248209953308,0.9180945754051208,"[117.55168151855469, 61.80400848388672, 278.3573913574219, 583.6033325195312]","[117.5651626586914, 62.12705612182617, 278.8801574707031, 584.408203125]",0.9178035807080797,0.9129787911030051,0.007730245590209961,0.0048247896050745975,True,False,300,300,55.289199997787364,56.30099999689264
attack_04,338560,car,D:\project CS\RT-DETRv2-COCO-Attack\source_data\attack_04\clean_images\000000338560.jpg,D:\project CS\RT-DETRv2-COCO-Attack\source_data\attack_04\patched_images\000000338560.jpg,True,True,0.88559490442276,0.8375759720802307,"[57.402366638183594, 164.84840393066406, 138.2613067626953, 200.58810424804688]","[57.51559829711914, 165.03114318847656, 139.2496795654297, 200.33181762695312]",0.961617937835782,0.9468742442610453,0.0480189323425293,0.014743693574736705,True,False,300,300,54.31659999885596,54.24180000409251
attack_04,338718,car,D:\project CS\RT-DETRv2-COCO-Attack\source_data\attack_04\clean_images\000000338718.jpg,D:\project CS\RT-DETRv2-COCO-Attack\source_data\attack_04\patched_images\000000338718.jpg,True,True,0.9010917544364929,0.7605185508728027,"[71.66494750976562, 5.886054992675781, 495.21868896484375, 196.73748779296875]","[70.86347198486328, 5.656257152557373, 495.8817443847656, 196.84124755859375]",0.9016754472248115,0.9030071669769947,0.14057320356369019,-0.001331719752183158,True,False,300,300,55.426400002033915,55.22449999989476
attack_04,338986,car,D:\project CS\RT-DETRv2-COCO-Attack\source_data\attack_04\clean_images\000000338986.jpg,D:\project CS\RT-DETRv2-COCO-Attack\source_data\attack_04\patched_images\000000338986.jpg,True,True,0.8200874924659729,0.29464399814605713,"[296.69366455078125, 536.7944946289062, 402.69476318359375, 629.0172119140625]","[331.704833984375, 510.0409240722656, 402.8221435546875, 630.7056274414062]",0.8350077219988722,0.5950692555276446,0.5254434943199158,0.23993846647122763,True,False,300,300,54.599199997028336,53.93719999847235
attack_04,340451,person,D:\project CS\RT-DETRv2-COCO-Attack\source_data\attack_04\clean_images\000000340451.jpg,D:\project CS\RT-DETRv2-COCO-Attack\source_data\attack_04\patched_images\000000340451.jpg,True,True,0.9570770263671875,0.9579824805259705,"[238.67401123046875, 47.104007720947266, 393.46087646484375, 381.65008544921875]","[238.4461212158203, 46.969444274902344, 393.5396728515625, 381.73797607421875]",0.9818957036004973,0.9844953774388121,-0.000905454158782959,-0.002599673838314831,True,False,300,300,55.478099995525554,55.53119999967748
attack_04,341681,person,D:\project CS\RT-DETRv2-COCO-Attack\source_data\attack_04\clean_images\000000341681.jpg,D:\project CS\RT-DETRv2-COCO-Attack\source_data\attack_04\patched_images\000000341681.jpg,True,True,0.9625400900840759,0.9632588624954224,"[209.54501342773438, 142.66375732421875, 425.6943359375, 319.15057373046875]","[209.54049682617188, 142.59686279296875, 425.6703186035156, 319.14703369140625]",0.9739255810701563,0.9741468809840155,-0.0007187724113464355,-0.00022129991385921866,True,False,300,300,54.308400001900736,54.17039999883855
attack_04,343496,car,D:\project CS\RT-DETRv2-COCO-Attack\source_data\attack_04\clean_images\000000343496.jpg,D:\project CS\RT-DETRv2-COCO-Attack\source_data\attack_04\patched_images\000000343496.jpg,True,True,0.8914438486099243,0.8777680397033691,"[254.662109375, 197.98516845703125, 307.6000061035156, 225.6450653076172]","[254.79278564453125, 197.92288208007812, 307.53094482421875, 225.38502502441406]",0.9467489475952632,0.9410754121693443,0.013675808906555176,0.005673535425918863,True,False,300,300,54.44010000064736,54.21990000468213
attack_04,345397,person,D:\project CS\RT-DETRv2-COCO-Attack\source_data\attack_04\clean_images\000000345397.jpg,D:\project CS\RT-DETRv2-COCO-Attack\source_data\attack_04\patched_images\000000345397.jpg,True,True,0.9723342061042786,0.9727254509925842,"[0.6735026836395264, 0.5003325939178467, 500.65924072265625, 372.46710205078125]","[0.5778074264526367, 0.4940740764141083, 500.5667724609375, 372.634033203125]",0.9648471816594425,0.9643919284901769,-0.00039124488830566406,0.00045525316926564585,True,False,300,300,55.806999997003004,56.251499998325016
attack_04,346232,car,D:\project CS\RT-DETRv2-COCO-Attack\source_data\attack_04\clean_images\000000346232.jpg,D:\project CS\RT-DETRv2-COCO-Attack\source_data\attack_04\patched_images\000000346232.jpg,True,True,0.6244417428970337,0.6049423217773438,"[336.7735290527344, 315.3658447265625, 427.0556335449219, 385.3115234375]","[337.15234375, 315.6561279296875, 427.0964050292969, 385.1864013671875]",0.6343768092026972,0.6405653311944992,0.01949942111968994,-0.006188521991801976,True,False,300,300,54.34349999995902,54.67070000304375
attack_04,349860,car,D:\project CS\RT-DETRv2-COCO-Attack\source_data\attack_04\clean_images\000000349860.jpg,D:\project CS\RT-DETRv2-COCO-Attack\source_data\attack_04\patched_images\000000349860.jpg,True,True,0.720844566822052,0.5842724442481995,"[351.8736572265625, 348.7009582519531, 386.40728759765625, 378.8560485839844]","[351.4263610839844, 348.6995849609375, 386.408203125, 378.5736999511719]",0.9214126282214329,0.9414445936035526,0.13657212257385254,-0.02003196538211971,True,False,300,300,54.39699999988079,54.23300000256859
attack_04,350003,car,D:\project CS\RT-DETRv2-COCO-Attack\source_data\attack_04\clean_images\000000350003.jpg,D:\project CS\RT-DETRv2-COCO-Attack\source_data\attack_04\patched_images\000000350003.jpg,True,True,0.9379361271858215,0.9349275231361389,"[475.41265869140625, 258.5132141113281, 528.182373046875, 299.267333984375]","[475.4085998535156, 258.6435241699219, 528.2901611328125, 299.4403381347656]",0.9604133061456123,0.9614011252796267,0.003008604049682617,-0.000987819134014467,True,False,300,300,54.12110000179382,54.30970000452362
attack_04,350023,car,D:\project CS\RT-DETRv2-COCO-Attack\source_data\attack_04\clean_images\000000350023.jpg,D:\project CS\RT-DETRv2-COCO-Attack\source_data\attack_04\patched_images\000000350023.jpg,False,False,,,,,,,,,False,False,300,300,55.274300000746734,54.158400002052076
attack_04,350148,car,D:\project CS\RT-DETRv2-COCO-Attack\source_data\attack_04\clean_images\000000350148.jpg,D:\project CS\RT-DETRv2-COCO-Attack\source_data\attack_04\patched_images\000000350148.jpg,True,True,0.8247968554496765,0.781154990196228,"[0.15766024589538574, 126.64785766601562, 84.10267639160156, 225.39678955078125]","[0.18083453178405762, 126.91796875, 84.15098571777344, 225.39991760253906]",0.8614769461056924,0.8584251160165467,0.043641865253448486,0.0030518300891456684,True,False,300,300,55.04069999733474,55.38920000253711
attack_04,350679,person,D:\project CS\RT-DETRv2-COCO-Attack\source_data\attack_04\clean_images\000000350679.jpg,D:\project CS\RT-DETRv2-COCO-Attack\source_data\attack_04\patched_images\000000350679.jpg,True,True,0.9619030356407166,0.962069571018219,"[31.355228424072266, 75.1986312866211, 403.870849609375, 424.3943176269531]","[31.14105224609375, 75.24954223632812, 403.3459777832031, 424.0487976074219]",0.9774028561364831,0.9773869316374696,-0.0001665353775024414,1.5924499013553195e-05,True,False,300,300,55.458499999076594,55.19980000099167
attack_04,356612,car,D:\project CS\RT-DETRv2-COCO-Attack\source_data\attack_04\clean_images\000000356612.jpg,D:\project CS\RT-DETRv2-COCO-Attack\source_data\attack_04\patched_images\000000356612.jpg,True,True,0.8994008898735046,0.9393524527549744,"[201.70477294921875, 189.8170928955078, 324.2412109375, 286.74139404296875]","[201.37498474121094, 190.02005004882812, 323.9591064453125, 287.4644470214844]",0.9683298874317121,0.975103595566066,-0.03995156288146973,-0.006773708134353851,True,False,300,300,54.87120000179857,54.4919999956619
attack_04,357816,car,D:\project CS\RT-DETRv2-COCO-Attack\source_data\attack_04\clean_images\000000357816.jpg,D:\project CS\RT-DETRv2-COCO-Attack\source_data\attack_04\patched_images\000000357816.jpg,True,True,0.2582789957523346,0.27367842197418213,"[22.802352905273438, 10.407322883605957, 260.6304626464844, 99.81897735595703]","[4.651620864868164, 8.494436264038086, 261.1087646484375, 112.3018798828125]",0.6503469579642119,0.638962881191204,-0.015399426221847534,0.0113840767730079,True,False,300,300,56.05449999711709,56.007400002272334
attack_04,362520,person,D:\project CS\RT-DETRv2-COCO-Attack\source_data\attack_04\clean_images\000000362520.jpg,D:\project CS\RT-DETRv2-COCO-Attack\source_data\attack_04\patched_images\000000362520.jpg,True,True,0.9269693493843079,0.9424452185630798,"[58.74782180786133, 135.06773376464844, 332.5765686035156, 441.17071533203125]","[59.935787200927734, 134.72535705566406, 332.7367858886719, 441.52276611328125]",0.9616658935696335,0.959062715727483,-0.015475869178771973,0.0026031778421504725,True,False,300,300,55.66309999994701,55.48270000144839
attack_04,364126,person,D:\project CS\RT-DETRv2-COCO-Attack\source_data\attack_04\clean_images\000000364126.jpg,D:\project CS\RT-DETRv2-COCO-Attack\source_data\attack_04\patched_images\000000364126.jpg,True,True,0.9552047252655029,0.9539884924888611,"[214.774169921875, 129.8070831298828, 341.6473693847656, 329.4305419921875]","[214.87490844726562, 129.7744903564453, 341.72125244140625, 329.5960998535156]",0.9541193453966578,0.9519128660655478,0.0012162327766418457,0.002206479331109956,True,False,300,300,54.43850000301609,54.89240000315476
attack_04,365207,car,D:\project CS\RT-DETRv2-COCO-Attack\source_data\attack_04\clean_images\000000365207.jpg,D:\project CS\RT-DETRv2-COCO-Attack\source_data\attack_04\patched_images\000000365207.jpg,True,True,0.767763078212738,0.6888601779937744,"[399.6110534667969, 173.77804565429688, 586.8192138671875, 530.56103515625]","[399.9415588378906, 174.60299682617188, 586.4300537109375, 531.1709594726562]",0.8340037032290589,0.8340517477642044,0.07890290021896362,-4.804453514550833e-05,True,False,300,300,55.43060000491096,55.35389999567997
attack_04,365642,car,D:\project CS\RT-DETRv2-COCO-Attack\source_data\attack_04\clean_images\000000365642.jpg,D:\project CS\RT-DETRv2-COCO-Attack\source_data\attack_04\patched_images\000000365642.jpg,True,True,0.7813763618469238,0.7071854472160339,"[-0.07510511577129364, 29.277259826660156, 92.01226043701172, 94.68252563476562]","[-0.09253326058387756, 28.895719528198242, 91.86756134033203, 95.42271423339844]",0.9286825732920088,0.9227232180014626,0.07419091463088989,0.005959355290546142,True,False,300,300,54.36280000139959,54.77219999738736
attack_04,365886,person,D:\project CS\RT-DETRv2-COCO-Attack\source_data\attack_04\clean_images\000000365886.jpg,D:\project CS\RT-DETRv2-COCO-Attack\source_data\attack_04\patched_images\000000365886.jpg,True,True,0.9734385013580322,0.9757959842681885,"[0.08764863014221191, -0.016830861568450928, 500.0828552246094, 374.26336669921875]","[-0.044032931327819824, 0.11808425188064575, 499.9490966796875, 373.71636962890625]",0.9813127040512319,0.9832509378832687,-0.00235748291015625,-0.0019382338320367287,True,False,300,300,55.73200000071665,56.10030000389088
attack_04,368212,person,D:\project CS\RT-DETRv2-COCO-Attack\source_data\attack_04\clean_images\000000368212.jpg,D:\project CS\RT-DETRv2-COCO-Attack\source_data\attack_04\patched_images\000000368212.jpg,True,True,0.9357010722160339,0.9456732869148254,"[15.074071884155273, 53.86903762817383, 383.4561462402344, 602.3678588867188]","[14.409646987915039, 53.18647384643555, 383.6567687988281, 614.0980224609375]",0.9596754753416146,0.9604040966722438,-0.009972214698791504,-0.0007286213306292311,True,False,300,300,55.586200003745034,56.094599996868055
attack_04,369812,car,D:\project CS\RT-DETRv2-COCO-Attack\source_data\attack_04\clean_images\000000369812.jpg,D:\project CS\RT-DETRv2-COCO-Attack\source_data\attack_04\patched_images\000000369812.jpg,True,True,0.5259274840354919,0.6521446108818054,"[460.217041015625, 496.1070861816406, 639.5196533203125, 627.835693359375]","[460.0303649902344, 496.0999450683594, 639.5901489257812, 627.869140625]",0.9589823071043819,0.9597989232846811,-0.12621712684631348,-0.0008166161802991567,True,False,300,300,53.66869999852497,54.44720000377856
attack_04,370711,person,D:\project CS\RT-DETRv2-COCO-Attack\source_data\attack_04\clean_images\000000370711.jpg,D:\project CS\RT-DETRv2-COCO-Attack\source_data\attack_04\patched_images\000000370711.jpg,False,False,,,,,,,,,False,False,300,300,55.603299995709676,55.30650000582682
attack_04,372260,car,D:\project CS\RT-DETRv2-COCO-Attack\source_data\attack_04\clean_images\000000372260.jpg,D:\project CS\RT-DETRv2-COCO-Attack\source_data\attack_04\patched_images\000000372260.jpg,True,True,0.9435958862304688,0.9402544498443604,"[0.17202454805374146, 314.06878662109375, 117.14310455322266, 522.3325805664062]","[0.14662426710128784, 313.9581298828125, 116.9258041381836, 521.8323364257812]",0.9675291463502602,0.9631175323767847,0.0033414363861083984,0.004411613973475559,True,False,300,300,54.80810000153724,54.28160000155913
attack_04,375469,person,D:\project CS\RT-DETRv2-COCO-Attack\source_data\attack_04\clean_images\000000375469.jpg,D:\project CS\RT-DETRv2-COCO-Attack\source_data\attack_04\patched_images\000000375469.jpg,True,True,0.9123355746269226,0.9174116253852844,"[221.72857666015625, 61.61041259765625, 301.21209716796875, 160.2699737548828]","[221.89706420898438, 61.80826187133789, 300.60321044921875, 160.24244689941406]",0.9765149533688049,0.9691502750648922,-0.005076050758361816,0.007364678303912742,True,False,300,300,54.44510000234004,54.75020000449149
attack_04,377368,person,D:\project CS\RT-DETRv2-COCO-Attack\source_data\attack_04\clean_images\000000377368.jpg,D:\project CS\RT-DETRv2-COCO-Attack\source_data\attack_04\patched_images\000000377368.jpg,True,True,0.84224933385849,0.8605468273162842,"[471.9897766113281, 0.40449193120002747, 639.8397216796875, 79.69802856445312]","[471.8282775878906, 0.3759654462337494, 639.576171875, 80.38253021240234]",0.6373816829534046,0.6443569478462509,-0.01829749345779419,-0.006975264892846278,True,False,300,300,56.12010000186274,58.77070000133244
attack_04,377635,person,D:\project CS\RT-DETRv2-COCO-Attack\source_data\attack_04\clean_images\000000377635.jpg,D:\project CS\RT-DETRv2-COCO-Attack\source_data\attack_04\patched_images\000000377635.jpg,True,True,0.9360130429267883,0.9326301217079163,"[251.69049072265625, 38.8625373840332, 377.86676025390625, 180.7040557861328]","[251.848876953125, 38.44012451171875, 377.911376953125, 182.43008422851562]",0.9332947777885646,0.920957045410144,0.0033829212188720703,0.012337732378420618,True,False,300,300,54.78539999603527,54.1808000052697
attack_04,377946,car,D:\project CS\RT-DETRv2-COCO-Attack\source_data\attack_04\clean_images\000000377946.jpg,D:\project CS\RT-DETRv2-COCO-Attack\source_data\attack_04\patched_images\000000377946.jpg,True,True,0.9501817226409912,0.9507223963737488,"[507.53704833984375, 251.90284729003906, 639.8772583007812, 423.13983154296875]","[507.6554870605469, 252.10531616210938, 639.9703979492188, 422.91162109375]",0.9621625819716668,0.9622108819332621,-0.0005406737327575684,-4.8299961595277274e-05,True,False,300,300,54.12119999527931,53.96160000236705
attack_04,378873,person,D:\project CS\RT-DETRv2-COCO-Attack\source_data\attack_04\clean_images\000000378873.jpg,D:\project CS\RT-DETRv2-COCO-Attack\source_data\attack_04\patched_images\000000378873.jpg,True,True,0.6580702662467957,0.6358412504196167,"[31.113536834716797, 0.6647388339042664, 100.36990356445312, 108.82691192626953]","[35.74493408203125, 0.579175591468811, 100.01138305664062, 108.394287109375]",0.9137445548976314,0.9809986272508238,0.022229015827178955,-0.06725407235319236,True,False,300,300,57.013500001630746,55.42359999526525
attack_04,379800,car,D:\project CS\RT-DETRv2-COCO-Attack\source_data\attack_04\clean_images\000000379800.jpg,D:\project CS\RT-DETRv2-COCO-Attack\source_data\attack_04\patched_images\000000379800.jpg,True,True,0.9110950827598572,0.8853912949562073,"[560.2621459960938, 318.7695007324219, 639.67333984375, 375.4443054199219]","[560.8159790039062, 320.7790222167969, 639.670166015625, 375.0408020019531]",0.9386741888831922,0.9082914125398134,0.025703787803649902,0.030382776343378826,True,False,300,300,53.93609999737237,54.31269999826327
attack_04,383838,person,D:\project CS\RT-DETRv2-COCO-Attack\source_data\attack_04\clean_images\000000383838.jpg,D:\project CS\RT-DETRv2-COCO-Attack\source_data\attack_04\patched_images\000000383838.jpg,True,True,0.9760146737098694,0.9765110611915588,"[0.4019737243652344, 9.911004066467285, 427.05413818359375, 583.0575561523438]","[0.5382537841796875, 9.968113899230957, 427.4840087890625, 583.0394287109375]",0.987488743475778,0.9880385429723854,-0.0004963874816894531,-0.0005497994966073838,True,False,300,300,55.07539999962319,55.598799997824244
attack_04,386210,car,D:\project CS\RT-DETRv2-COCO-Attack\source_data\attack_04\clean_images\000000386210.jpg,D:\project CS\RT-DETRv2-COCO-Attack\source_data\attack_04\patched_images\000000386210.jpg,True,True,0.852512538433075,0.8272083401679993,"[0.23986589908599854, 90.7598876953125, 60.20872497558594, 145.93771362304688]","[0.3131697177886963, 90.38562774658203, 60.09580993652344, 146.05587768554688]",0.9168771366949038,0.9083448601437446,0.025304198265075684,0.00853227655115918,True,False,300,300,54.44550000538584,54.07159999595024
attack_04,388056,person,D:\project CS\RT-DETRv2-COCO-Attack\source_data\attack_04\clean_images\000000388056.jpg,D:\project CS\RT-DETRv2-COCO-Attack\source_data\attack_04\patched_images\000000388056.jpg,True,True,0.9524583220481873,0.9514778256416321,"[79.3139419555664, 68.25770568847656, 236.80093383789062, 312.0742492675781]","[79.14693450927734, 68.06881713867188, 236.32901000976562, 311.8182067871094]",0.9366460232242628,0.9367990956967522,0.0009804964065551758,-0.0001530724724894128,True,False,300,300,54.736999998567626,55.45989999518497
attack_04,389566,car,D:\project CS\RT-DETRv2-COCO-Attack\source_data\attack_04\clean_images\000000389566.jpg,D:\project CS\RT-DETRv2-COCO-Attack\source_data\attack_04\patched_images\000000389566.jpg,True,True,0.8851839900016785,0.9023990631103516,"[456.75048828125, 160.70883178710938, 504.7830810546875, 196.80995178222656]","[456.86688232421875, 160.67665100097656, 504.7701721191406, 196.83078002929688]",0.9126526295080541,0.913774368146186,-0.017215073108673096,-0.0011217386381318084,True,False,300,300,54.06799999764189,54.81999999756226
attack_04,391290,car,D:\project CS\RT-DETRv2-COCO-Attack\source_data\attack_04\clean_images\000000391290.jpg,D:\project CS\RT-DETRv2-COCO-Attack\source_data\attack_04\patched_images\000000391290.jpg,True,True,0.3071390390396118,0.6154297590255737,"[120.724853515625, 50.163414001464844, 231.48680114746094, 99.13522338867188]","[121.3039779663086, 50.32954406738281, 231.09458923339844, 99.59626770019531]",0.9075939615502558,0.9057418657297459,-0.3082907199859619,0.0018520958205099358,True,False,300,300,53.59479999606265,54.49460000090767
attack_04,392722,car,D:\project CS\RT-DETRv2-COCO-Attack\source_data\attack_04\clean_images\000000392722.jpg,D:\project CS\RT-DETRv2-COCO-Attack\source_data\attack_04\patched_images\000000392722.jpg,True,True,0.6211127042770386,0.7497846484184265,"[315.0330810546875, 265.9386291503906, 352.8167419433594, 294.5390319824219]","[318.1136474609375, 267.05426025390625, 353.0017395019531, 294.6363830566406]",0.8573726216790036,0.8277763341058022,-0.12867194414138794,0.02959628757320143,True,False,300,300,54.18849999841768,53.79969999921741
attack_04,393469,person,D:\project CS\RT-DETRv2-COCO-Attack\source_data\attack_04\clean_images\000000393469.jpg,D:\project CS\RT-DETRv2-COCO-Attack\source_data\attack_04\patched_images\000000393469.jpg,True,True,0.6303029656410217,0.49697819352149963,"[217.2316131591797, 373.9918518066406, 286.9425048828125, 530.24853515625]","[217.205322265625, 374.00537109375, 286.7308349609375, 529.15771484375]",0.9296992275652453,0.9200430248198389,0.1333247721195221,0.00965620274540635,True,False,300,300,55.13760000030743,55.002900000545196
attack_04,395388,person,D:\project CS\RT-DETRv2-COCO-Attack\source_data\attack_04\clean_images\000000395388.jpg,D:\project CS\RT-DETRv2-COCO-Attack\source_data\attack_04\patched_images\000000395388.jpg,True,True,0.9507079720497131,0.9498487114906311,"[24.947490692138672, 212.25619506835938, 146.7637939453125, 636.584228515625]","[24.98346710205078, 212.31356811523438, 146.9818115234375, 636.5348510742188]",0.939746998718423,0.941102638411038,0.0008592605590820312,-0.001355639692614985,True,False,300,300,54.84390000492567,54.858299998159055
attack_04,398438,person,D:\project CS\RT-DETRv2-COCO-Attack\source_data\attack_04\clean_images\000000398438.jpg,D:\project CS\RT-DETRv2-COCO-Attack\source_data\attack_04\patched_images\000000398438.jpg,True,True,0.9235860705375671,0.9242647886276245,"[212.95347595214844, 0.03761261701583862, 499.7906494140625, 331.43853759765625]","[213.620849609375, 0.1356436014175415, 499.8714904785156, 331.63763427734375]",0.6717080439078734,0.6707617711747124,-0.000678718090057373,0.0009462727331610576,True,False,300,300,55.937199998879805,56.00180000328692
attack_04,399205,person,D:\project CS\RT-DETRv2-COCO-Attack\source_data\attack_04\clean_images\000000399205.jpg,D:\project CS\RT-DETRv2-COCO-Attack\source_data\attack_04\patched_images\000000399205.jpg,True,True,0.9576959013938904,0.9447324275970459,"[395.4373779296875, -0.09037971496582031, 639.94140625, 475.9287414550781]","[395.7258605957031, -0.6696653366088867, 640.2600708007812, 477.293701171875]",0.9753310828060084,0.9689851545519712,0.012963473796844482,0.006345928254037236,True,False,300,300,54.536899995582644,54.79350000678096
attack_04,403584,person,D:\project CS\RT-DETRv2-COCO-Attack\source_data\attack_04\clean_images\000000403584.jpg,D:\project CS\RT-DETRv2-COCO-Attack\source_data\attack_04\patched_images\000000403584.jpg,True,True,0.9091739654541016,0.9054616689682007,"[310.12005615234375, 252.54823303222656, 375.8001403808594, 450.4549560546875]","[309.61248779296875, 252.5423583984375, 375.56182861328125, 450.468505859375]",0.8985280168024018,0.888641541707,0.003712296485900879,0.009886475095401748,True,False,300,300,53.76610000530491,54.38680000224849
attack_04,404678,person,D:\project CS\RT-DETRv2-COCO-Attack\source_data\attack_04\clean_images\000000404678.jpg,D:\project CS\RT-DETRv2-COCO-Attack\source_data\attack_04\patched_images\000000404678.jpg,True,True,0.9307113289833069,0.9276257753372192,"[68.93597412109375, 142.5342254638672, 279.49884033203125, 421.8260803222656]","[67.62966918945312, 142.3910369873047, 279.3487548828125, 421.94244384765625]",0.8945502036753474,0.9005541610352209,0.0030855536460876465,-0.006003957359873469,True,False,300,300,55.20090000209166,54.92380000214325
attack_04,407083,car,D:\project CS\RT-DETRv2-COCO-Attack\source_data\attack_04\clean_images\000000407083.jpg,D:\project CS\RT-DETRv2-COCO-Attack\source_data\attack_04\patched_images\000000407083.jpg,False,False,,,,,,,,,False,False,300,300,55.44020000525052,55.520699999760836
attack_04,411817,person,D:\project CS\RT-DETRv2-COCO-Attack\source_data\attack_04\clean_images\000000411817.jpg,D:\project CS\RT-DETRv2-COCO-Attack\source_data\attack_04\patched_images\000000411817.jpg,True,True,0.9252216219902039,0.9263774156570435,"[447.3484802246094, 185.26600646972656, 589.0512084960938, 475.4693908691406]","[443.2698059082031, 185.2164764404297, 588.9395141601562, 475.6386413574219]",0.9528765925197491,0.9776812449821863,-0.0011557936668395996,-0.024804652462437238,True,False,300,300,55.25349999516038,55.29319999914151
attack_04,412531,car,D:\project CS\RT-DETRv2-COCO-Attack\source_data\attack_04\clean_images\000000412531.jpg,D:\project CS\RT-DETRv2-COCO-Attack\source_data\attack_04\patched_images\000000412531.jpg,True,True,0.9413430094718933,0.9435229897499084,"[456.16302490234375, 254.7397918701172, 638.550048828125, 356.6343688964844]","[456.15673828125, 254.97799682617188, 638.404296875, 356.6118469238281]",0.9611992687148163,0.9644402940672427,-0.0021799802780151367,-0.00324102535242643,True,False,300,300,54.008400002203416,55.05019999691285
attack_04,414034,person,D:\project CS\RT-DETRv2-COCO-Attack\source_data\attack_04\clean_images\000000414034.jpg,D:\project CS\RT-DETRv2-COCO-Attack\source_data\attack_04\patched_images\000000414034.jpg,True,True,0.922275960445404,0.9073537588119507,"[60.14759063720703, 0.7749366760253906, 463.3963317871094, 475.4488830566406]","[56.45479202270508, -0.5621623992919922, 462.57757568359375, 477.8660583496094]",0.9660016712185635,0.9516388196735102,0.01492220163345337,0.014362851545053346,True,False,300,300,55.794200001400895,56.22719999519177
attack_04,414385,car,D:\project CS\RT-DETRv2-COCO-Attack\source_data\attack_04\clean_images\000000414385.jpg,D:\project CS\RT-DETRv2-COCO-Attack\source_data\attack_04\patched_images\000000414385.jpg,True,True,0.9104294776916504,0.9082061648368835,"[150.13925170898438, 276.34429931640625, 218.1706085205078, 327.37933349609375]","[150.1461944580078, 275.97576904296875, 218.22523498535156, 327.2701416015625]",0.9192912036290263,0.9267983903785203,0.0022233128547668457,-0.007507186749494021,True,False,300,300,54.89169999782462,54.43119999836199
attack_04,416885,car,D:\project CS\RT-DETRv2-COCO-Attack\source_data\attack_04\clean_images\000000416885.jpg,D:\project CS\RT-DETRv2-COCO-Attack\source_data\attack_04\patched_images\000000416885.jpg,True,True,0.36630013585090637,0.40696853399276733,"[170.85325622558594, 0.5355756878852844, 500.1286926269531, 147.29055786132812]","[170.75088500976562, 0.45443326234817505, 499.62548828125, 131.526611328125]",0.9168369593427494,0.8176510443691489,-0.04066839814186096,0.09918591497360052,True,False,300,300,55.88900000293506,55.69349999859696
attack_04,418696,car,D:\project CS\RT-DETRv2-COCO-Attack\source_data\attack_04\clean_images\000000418696.jpg,D:\project CS\RT-DETRv2-COCO-Attack\source_data\attack_04\patched_images\000000418696.jpg,True,True,0.7849339246749878,0.28266191482543945,"[518.0321655273438, 281.2240295410156, 577.87890625, 307.9889831542969]","[518.355224609375, 281.6379699707031, 577.7355346679688, 308.2827453613281]",0.6956864529266544,0.6871650654293369,0.5022720098495483,0.008521387497317567,True,False,300,300,54.410400000051595,54.44300000090152
attack_04,421455,car,D:\project CS\RT-DETRv2-COCO-Attack\source_data\attack_04\clean_images\000000421455.jpg,D:\project CS\RT-DETRv2-COCO-Attack\source_data\attack_04\patched_images\000000421455.jpg,True,True,0.6987105011940002,0.7010334134101868,"[-0.06307661533355713, 3.6853103637695312, 486.9669189453125, 372.50079345703125]","[0.39811432361602783, 5.949385643005371, 462.8465270996094, 372.4007263183594]",0.9111622311537649,0.9537694742961493,-0.0023229122161865234,-0.0426072431423844,True,False,300,300,55.74999999953434,56.13240000093356
attack_04,422706,person,D:\project CS\RT-DETRv2-COCO-Attack\source_data\attack_04\clean_images\000000422706.jpg,D:\project CS\RT-DETRv2-COCO-Attack\source_data\attack_04\patched_images\000000422706.jpg,True,True,0.2511640787124634,0.2568816840648651,"[0.9347200393676758, 5.093112468719482, 149.0193328857422, 272.90264892578125]","[1.7145824432373047, 9.26473331451416, 183.94149780273438, 162.5634002685547]",0.7556797690188887,0.5653109788244657,-0.005717605352401733,0.190368790194423,True,False,300,300,54.957399996055756,54.5983999982127
attack_04,423506,person,D:\project CS\RT-DETRv2-COCO-Attack\source_data\attack_04\clean_images\000000423506.jpg,D:\project CS\RT-DETRv2-COCO-Attack\source_data\attack_04\patched_images\000000423506.jpg,True,True,0.9589853286743164,0.9618300199508667,"[0.08282437920570374, 12.611865997314453, 231.95278930664062, 496.861328125]","[0.13463571667671204, 12.89515209197998, 232.62405395507812, 496.5959777832031]",0.7728112860494802,0.7756472305419638,-0.002844691276550293,-0.0028359444924835886,True,False,300,300,55.953700000827666,56.166800000937656
attack_04,424162,car,D:\project CS\RT-DETRv2-COCO-Attack\source_data\attack_04\clean_images\000000424162.jpg,D:\project CS\RT-DETRv2-COCO-Attack\source_data\attack_04\patched_images\000000424162.jpg,True,True,0.7604404091835022,0.9181174635887146,"[0.21152973175048828, 177.90252685546875, 125.73225402832031, 303.0457763671875]","[0.27100563049316406, 177.14321899414062, 167.45925903320312, 304.4261474609375]",0.9264613996164989,0.6962413975962899,-0.1576770544052124,0.23022000202020898,True,False,300,300,55.74699999851873,55.74540000088746
attack_04,427256,person,D:\project CS\RT-DETRv2-COCO-Attack\source_data\attack_04\clean_images\000000427256.jpg,D:\project CS\RT-DETRv2-COCO-Attack\source_data\attack_04\patched_images\000000427256.jpg,False,False,,,,,,,,,False,False,300,300,55.49540000356501,55.3310999966925
attack_04,427500,car,D:\project CS\RT-DETRv2-COCO-Attack\source_data\attack_04\clean_images\000000427500.jpg,D:\project CS\RT-DETRv2-COCO-Attack\source_data\attack_04\patched_images\000000427500.jpg,True,True,0.8733071684837341,0.7895340323448181,"[0.03474728763103485, 6.049461364746094, 43.34270095825195, 134.80674743652344]","[0.07991094887256622, 7.3253679275512695, 43.11833190917969, 135.7787322998047]",0.9814755000952251,0.9730648796557321,0.08377313613891602,0.008410620439493033,True,False,300,300,53.78259999997681,54.24549999588635
attack_04,429011,car,D:\project CS\RT-DETRv2-COCO-Attack\source_data\attack_04\clean_images\000000429011.jpg,D:\project CS\RT-DETRv2-COCO-Attack\source_data\attack_04\patched_images\000000429011.jpg,True,True,0.5823776721954346,0.5994998812675476,"[425.6889343261719, 203.8464813232422, 625.3429565429688, 298.1932678222656]","[425.546142578125, 203.72039794921875, 625.3135986328125, 298.19732666015625]",0.9563571068940522,0.9556196929343801,-0.017122209072113037,0.0007374139596720841,True,False,300,300,54.54249999456806,54.48519999481505
attack_04,430048,car,D:\project CS\RT-DETRv2-COCO-Attack\source_data\attack_04\clean_images\000000430048.jpg,D:\project CS\RT-DETRv2-COCO-Attack\source_data\attack_04\patched_images\000000430048.jpg,True,True,0.5533578395843506,0.5194976329803467,"[215.5944366455078, 239.86752319335938, 293.7069091796875, 275.29852294921875]","[215.8474578857422, 239.4969024658203, 293.681640625, 277.63751220703125]",0.7952080107115904,0.7933149401887986,0.033860206604003906,0.001893070522791862,True,False,300,300,55.075899996154476,54.067199998826254
attack_04,432085,person,D:\project CS\RT-DETRv2-COCO-Attack\source_data\attack_04\clean_images\000000432085.jpg,D:\project CS\RT-DETRv2-COCO-Attack\source_data\attack_04\patched_images\000000432085.jpg,True,True,0.938831627368927,0.9385455846786499,"[203.4179229736328, 4.018407344818115, 499.5248718261719, 372.24468994140625]","[202.6363983154297, 4.00390100479126, 499.6332702636719, 372.1835021972656]",0.9745631425670902,0.977588100135919,0.0002860426902770996,-0.003024957568828812,True,False,300,300,55.90529999608407,55.687500003841706
attack_04,433915,person,D:\project CS\RT-DETRv2-COCO-Attack\source_data\attack_04\clean_images\000000433915.jpg,D:\project CS\RT-DETRv2-COCO-Attack\source_data\attack_04\patched_images\000000433915.jpg,True,True,0.7762461304664612,0.926432192325592,"[40.942325592041016, 57.27336120605469, 502.1444091796875, 413.4049377441406]","[41.504859924316406, 56.4176139831543, 489.6514587402344, 413.8021240234375]",0.7715411199318932,0.7454022785341748,-0.15018606185913086,0.026138841397718382,True,False,300,300,56.445299996994436,55.65039999783039
attack_04,437205,person,D:\project CS\RT-DETRv2-COCO-Attack\source_data\attack_04\clean_images\000000437205.jpg,D:\project CS\RT-DETRv2-COCO-Attack\source_data\attack_04\patched_images\000000437205.jpg,True,True,0.9633488655090332,0.9600204825401306,"[5.718570232391357, 12.323741912841797, 379.4318542480469, 635.5917358398438]","[12.338196754455566, 12.400894165039062, 380.6338195800781, 634.8666381835938]",0.9731012688719034,0.9602950012684405,0.003328382968902588,0.012806267603462929,True,False,300,300,55.67529999825638,56.018900002527516
attack_04,437514,person,D:\project CS\RT-DETRv2-COCO-Attack\source_data\attack_04\clean_images\000000437514.jpg,D:\project CS\RT-DETRv2-COCO-Attack\source_data\attack_04\patched_images\000000437514.jpg,False,False,,,,,,,,,False,False,300,300,55.956399999558926,55.54050000500865
attack_04,438017,car,D:\project CS\RT-DETRv2-COCO-Attack\source_data\attack_04\clean_images\000000438017.jpg,D:\project CS\RT-DETRv2-COCO-Attack\source_data\attack_04\patched_images\000000438017.jpg,True,True,0.7162293791770935,0.650781512260437,"[72.48849487304688, 411.73138427734375, 120.92481231689453, 496.11431884765625]","[71.7811050415039, 409.96148681640625, 121.30464172363281, 486.8084716796875]",0.7991573375310606,0.7203464740007555,0.0654478669166565,0.07881086353030509,True,False,300,300,53.764600001159124,54.414700003690086
attack_04,439426,person,D:\project CS\RT-DETRv2-COCO-Attack\source_data\attack_04\clean_images\000000439426.jpg,D:\project CS\RT-DETRv2-COCO-Attack\source_data\attack_04\patched_images\000000439426.jpg,True,True,0.8923215866088867,0.8319600224494934,"[0.24755477905273438, 113.41889190673828, 224.95770263671875, 401.1560974121094]","[0.20181655883789062, 113.08650970458984, 170.4389190673828, 400.2541809082031]",0.9717236280841607,0.7513720156882991,0.06036156415939331,0.22035161239586154,True,False,300,300,56.014400004642084,56.365299999015406
attack_04,439623,car,D:\project CS\RT-DETRv2-COCO-Attack\source_data\attack_04\clean_images\000000439623.jpg,D:\project CS\RT-DETRv2-COCO-Attack\source_data\attack_04\patched_images\000000439623.jpg,True,True,0.3684613108634949,0.7953510880470276,"[72.87517547607422, 150.89694213867188, 401.84075927734375, 313.11865234375]","[73.22062683105469, 143.9060821533203, 401.947509765625, 312.448486328125]",0.921174263181258,0.9070391553423567,-0.4268897771835327,0.014135107838901262,True,False,300,300,54.69489999813959,54.92590000358177
attack_04,439854,person,D:\project CS\RT-DETRv2-COCO-Attack\source_data\attack_04\clean_images\000000439854.jpg,D:\project CS\RT-DETRv2-COCO-Attack\source_data\attack_04\patched_images\000000439854.jpg,True,True,0.948431670665741,0.9503095746040344,"[111.15544128417969, 155.1629638671875, 197.79173278808594, 231.27902221679688]","[111.16552734375, 154.9980926513672, 197.6092987060547, 231.0028533935547]",0.9602034702204375,0.9596765455546122,-0.001877903938293457,0.000526924665825268,True,False,300,300,54.48969999997644,54.807100001198705
attack_04,440475,person,D:\project CS\RT-DETRv2-COCO-Attack\source_data\attack_04\clean_images\000000440475.jpg,D:\project CS\RT-DETRv2-COCO-Attack\source_data\attack_04\patched_images\000000440475.jpg,True,True,0.8324456214904785,0.8082982897758484,"[492.7313537597656, 183.6238555908203, 527.0701293945312, 245.5099334716797]","[493.0842590332031, 183.62522888183594, 526.8081665039062, 245.7965087890625]",0.8171323895866133,0.8175230493937604,0.024147331714630127,-0.0003906598071471423,True,False,300,300,55.501100003311876,54.94209999596933
attack_04,444142,person,D:\project CS\RT-DETRv2-COCO-Attack\source_data\attack_04\clean_images\000000444142.jpg,D:\project CS\RT-DETRv2-COCO-Attack\source_data\attack_04\patched_images\000000444142.jpg,True,True,0.9601408839225769,0.960364580154419,"[101.45907592773438, 35.53071975708008, 264.9485168457031, 584.0584716796875]","[101.04191589355469, 35.689964294433594, 265.0543518066406, 583.893310546875]",0.8797992600498944,0.882091708334312,-0.00022369623184204102,-0.0022924482844176586,True,False,300,300,54.4406999979401,54.902799995034
attack_04,446651,car,D:\project CS\RT-DETRv2-COCO-Attack\source_data\attack_04\clean_images\000000446651.jpg,D:\project CS\RT-DETRv2-COCO-Attack\source_data\attack_04\patched_images\000000446651.jpg,True,True,0.8920834064483643,0.870553731918335,"[0.30381202697753906, 78.14828491210938, 218.36578369140625, 326.62103271484375]","[0.3677845001220703, 77.96065521240234, 217.19566345214844, 326.3396911621094]",0.967854512010622,0.9605974496492922,0.021529674530029297,0.007257062361329836,True,False,300,300,55.65750000096159,56.30199999723118
attack_04,447917,person,D:\project CS\RT-DETRv2-COCO-Attack\source_data\attack_04\clean_images\000000447917.jpg,D:\project CS\RT-DETRv2-COCO-Attack\source_data\attack_04\patched_images\000000447917.jpg,True,True,0.8431898951530457,0.8957979083061218,"[355.4388732910156, 110.61251068115234, 434.15234375, 288.19891357421875]","[343.853515625, 110.4725570678711, 434.0165710449219, 288.27294921875]",0.8430708064603084,0.7397905833344918,-0.05260801315307617,0.10328022312581664,True,False,300,300,54.8138999947696,55.14390000462299
attack_04,448810,person,D:\project CS\RT-DETRv2-COCO-Attack\source_data\attack_04\clean_images\000000448810.jpg,D:\project CS\RT-DETRv2-COCO-Attack\source_data\attack_04\patched_images\000000448810.jpg,True,True,0.8074046969413757,0.8066737651824951,"[52.589744567871094, 333.9158630371094, 97.39147186279297, 375.084716796875]","[52.722816467285156, 333.9021911621094, 97.76958465576172, 375.04864501953125]",0.9300705639152428,0.9354604739422169,0.0007309317588806152,-0.005389910026974087,True,False,300,300,54.82699999993201,55.1396000009845
attack_04,449312,car,D:\project CS\RT-DETRv2-COCO-Attack\source_data\attack_04\clean_images\000000449312.jpg,D:\project CS\RT-DETRv2-COCO-Attack\source_data\attack_04\patched_images\000000449312.jpg,False,False,,,,,,,,,False,False,300,300,55.19590000039898,55.49800000153482
attack_04,452515,person,D:\project CS\RT-DETRv2-COCO-Attack\source_data\attack_04\clean_images\000000452515.jpg,D:\project CS\RT-DETRv2-COCO-Attack\source_data\attack_04\patched_images\000000452515.jpg,True,True,0.8689964413642883,0.8871663212776184,"[87.81121826171875, 307.83892822265625, 174.60081481933594, 472.2574462890625]","[98.49612426757812, 307.7052001953125, 174.854248046875, 472.7964172363281]",0.9391539589289968,0.8209773342292829,-0.018169879913330078,0.1181766246997139,True,False,300,300,54.99699999927543,55.29899999964982
attack_04,453166,person,D:\project CS\RT-DETRv2-COCO-Attack\source_data\attack_04\clean_images\000000453166.jpg,D:\project CS\RT-DETRv2-COCO-Attack\source_data\attack_04\patched_images\000000453166.jpg,True,True,0.9597564339637756,0.9615007042884827,"[449.6903076171875, 47.81209945678711, 614.220703125, 421.7526550292969]","[450.1859130859375, 47.71063232421875, 614.5224609375, 421.56243896484375]",0.8977000871212005,0.9025057478786151,-0.0017442703247070312,-0.00480566075741462,True,False,300,300,54.85870000120485,54.71889999898849
attack_04,454661,car,D:\project CS\RT-DETRv2-COCO-Attack\source_data\attack_04\clean_images\000000454661.jpg,D:\project CS\RT-DETRv2-COCO-Attack\source_data\attack_04\patched_images\000000454661.jpg,True,True,0.9586371183395386,0.9573072791099548,"[248.40802001953125, 183.36404418945312, 639.6906127929688, 359.3902893066406]","[248.21365356445312, 183.39138793945312, 639.8153076171875, 358.9485168457031]",0.982337270541106,0.9801624223652281,0.0013298392295837402,0.002174848175877875,True,False,300,300,54.831599998578895,55.01179999555461
attack_04,458702,car,D:\project CS\RT-DETRv2-COCO-Attack\source_data\attack_04\clean_images\000000458702.jpg,D:\project CS\RT-DETRv2-COCO-Attack\source_data\attack_04\patched_images\000000458702.jpg,True,True,0.5524721741676331,0.5442958474159241,"[0.48270076513290405, 431.63128662109375, 151.67881774902344, 498.36529541015625]","[0.5011147260665894, 430.9344482421875, 151.36312866210938, 498.2137451171875]",0.7397124053805962,0.7288921854061385,0.008176326751708984,0.010820219974457701,True,False,300,300,54.39950000436511,54.97260000265669
attack_04,459500,car,D:\project CS\RT-DETRv2-COCO-Attack\source_data\attack_04\clean_images\000000459500.jpg,D:\project CS\RT-DETRv2-COCO-Attack\source_data\attack_04\patched_images\000000459500.jpg,True,True,0.9152495265007019,0.9235222935676575,"[0.06629806011915207, 354.80865478515625, 57.94269943237305, 379.9884033203125]","[0.15062279999256134, 354.9314880371094, 58.03137969970703, 380.0352783203125]",0.9341883834848729,0.9314403637663686,-0.008272767066955566,0.0027480197185042465,True,False,300,300,54.91990000155056,54.7281999970437
attack_04,460347,car,D:\project CS\RT-DETRv2-COCO-Attack\source_data\attack_04\clean_images\000000460347.jpg,D:\project CS\RT-DETRv2-COCO-Attack\source_data\attack_04\patched_images\000000460347.jpg,True,True,0.9207385778427124,0.9198331832885742,"[329.7619323730469, 68.51705169677734, 383.072265625, 114.42152404785156]","[329.81121826171875, 68.31291198730469, 382.9909973144531, 114.49461364746094]",0.9479965647369386,0.9430144750730804,0.0009053945541381836,0.004982089663858158,True,False,300,300,54.129800002556294,54.0846000003512
attack_04,461751,car,D:\project CS\RT-DETRv2-COCO-Attack\source_data\attack_04\clean_images\000000461751.jpg,D:\project CS\RT-DETRv2-COCO-Attack\source_data\attack_04\patched_images\000000461751.jpg,True,True,0.6902812123298645,0.7261387705802917,"[0.2225494384765625, 32.16129684448242, 640.21826171875, 437.86505126953125]","[0.24913787841796875, 28.528385162353516, 640.245849609375, 444.6244201660156]",0.8575149286621333,0.8369454644673813,-0.035857558250427246,0.02056946419475203,True,False,300,300,55.71990000316873,56.49740000080783
attack_04,462031,person,D:\project CS\RT-DETRv2-COCO-Attack\source_data\attack_04\clean_images\000000462031.jpg,D:\project CS\RT-DETRv2-COCO-Attack\source_data\attack_04\patched_images\000000462031.jpg,True,True,0.9585264921188354,0.9599376320838928,"[56.6929931640625, 185.3538818359375, 343.3382873535156, 634.2201538085938]","[57.2899169921875, 185.13064575195312, 342.53009033203125, 633.8777465820312]",0.954009406113873,0.9544310579028267,-0.001411139965057373,-0.00042165178895370303,True,False,300,300,55.64310000045225,55.92830000387039
attack_04,464089,person,D:\project CS\RT-DETRv2-COCO-Attack\source_data\attack_04\clean_images\000000464089.jpg,D:\project CS\RT-DETRv2-COCO-Attack\source_data\attack_04\patched_images\000000464089.jpg,True,True,0.9491609930992126,0.9483349919319153,"[324.9349365234375, 108.45249938964844, 488.88238525390625, 439.5028381347656]","[325.2079772949219, 108.24408721923828, 489.01495361328125, 439.3351135253906]",0.9914691369084906,0.9938268519532564,0.0008260011672973633,-0.0023577150447657846,True,False,300,300,54.21649999334477,54.2455999966478
attack_04,465129,person,D:\project CS\RT-DETRv2-COCO-Attack\source_data\attack_04\clean_images\000000465129.jpg,D:\project CS\RT-DETRv2-COCO-Attack\source_data\attack_04\patched_images\000000465129.jpg,True,True,0.9399976134300232,0.9226221442222595,"[119.48501586914062, 98.57819366455078, 311.16766357421875, 476.5322265625]","[118.78240966796875, 98.86132049560547, 313.147216796875, 476.2539978027344]",0.9336395257683504,0.927915427214265,0.017375469207763672,0.0057240985540853995,True,False,300,300,55.203800002345815,54.778699995949864
attack_04,465822,person,D:\project CS\RT-DETRv2-COCO-Attack\source_data\attack_04\clean_images\000000465822.jpg,D:\project CS\RT-DETRv2-COCO-Attack\source_data\attack_04\patched_images\000000465822.jpg,True,True,0.5740103721618652,0.6397847533226013,"[53.50340270996094, 47.55693054199219, 221.05458068847656, 274.1595153808594]","[53.587318420410156, 47.412750244140625, 223.20082092285156, 274.0346374511719]",0.8730959396837474,0.8851108633542112,-0.06577438116073608,-0.01201492367046375,True,False,300,300,55.57490000501275,55.42210000567138
attack_04,466156,car,D:\project CS\RT-DETRv2-COCO-Attack\source_data\attack_04\clean_images\000000466156.jpg,D:\project CS\RT-DETRv2-COCO-Attack\source_data\attack_04\patched_images\000000466156.jpg,True,True,0.7654609084129333,0.5568506121635437,"[-0.0006556510925292969, 7.948111534118652, 499.9979248046875, 373.70635986328125]","[0.28312206268310547, 5.904257297515869, 500.2810974121094, 375.41217041015625]",0.9017932868467033,0.891694090626355,0.20861029624938965,0.010099196220348383,True,False,300,300,55.835599996498786,55.52270000043791
attack_04,469246,person,D:\project CS\RT-DETRv2-COCO-Attack\source_data\attack_04\clean_images\000000469246.jpg,D:\project CS\RT-DETRv2-COCO-Attack\source_data\attack_04\patched_images\000000469246.jpg,True,True,0.8791008591651917,0.8590868711471558,"[147.42343139648438, 233.06471252441406, 184.02392578125, 300.5015869140625]","[147.61961364746094, 233.14389038085938, 185.3418731689453, 300.5408630371094]",0.840983272409562,0.8088936734773294,0.02001398801803589,0.03208959893223262,True,False,300,300,54.73659999552183,54.74349999713013
attack_04,469828,person,D:\project CS\RT-DETRv2-COCO-Attack\source_data\attack_04\clean_images\000000469828.jpg,D:\project CS\RT-DETRv2-COCO-Attack\source_data\attack_04\patched_images\000000469828.jpg,True,True,0.8943244814872742,0.886850893497467,"[133.04000854492188, 252.69091796875, 211.41998291015625, 325.17156982421875]","[133.10769653320312, 252.6990509033203, 210.05194091796875, 324.6344909667969]",0.9400215789683227,0.9293627172729383,0.007473587989807129,0.010658861695384436,True,False,300,300,54.422799999883864,54.22030000045197
attack_04,474164,car,D:\project CS\RT-DETRv2-COCO-Attack\source_data\attack_04\clean_images\000000474164.jpg,D:\project CS\RT-DETRv2-COCO-Attack\source_data\attack_04\patched_images\000000474164.jpg,True,True,0.7100436091423035,0.32335132360458374,"[37.28817367553711, 379.4970397949219, 120.05071258544922, 428.21246337890625]","[36.04186248779297, 379.28045654296875, 120.2175521850586, 427.9453125]",0.8683083555392929,0.8863808249701578,0.3866922855377197,-0.018072469430864935,True,False,300,300,55.211599996255245,55.5746000027284
attack_04,474452,car,D:\project CS\RT-DETRv2-COCO-Attack\source_data\attack_04\clean_images\000000474452.jpg,D:\project CS\RT-DETRv2-COCO-Attack\source_data\attack_04\patched_images\000000474452.jpg,False,False,,,,,,,,,False,False,300,300,55.76909999945201,53.74899999878835
attack_04,476119,car,D:\project CS\RT-DETRv2-COCO-Attack\source_data\attack_04\clean_images\000000476119.jpg,D:\project CS\RT-DETRv2-COCO-Attack\source_data\attack_04\patched_images\000000476119.jpg,True,True,0.9471677541732788,0.9456568360328674,"[242.9916534423828, 79.59326171875, 444.4180908203125, 198.3469696044922]","[242.77166748046875, 79.42019653320312, 444.656005859375, 198.001953125]",0.9585397325809647,0.962606728189379,0.001510918140411377,-0.004066995608414281,True,False,300,300,54.182600004423875,54.540800003451295
attack_04,476704,car,D:\project CS\RT-DETRv2-COCO-Attack\source_data\attack_04\clean_images\000000476704.jpg,D:\project CS\RT-DETRv2-COCO-Attack\source_data\attack_04\patched_images\000000476704.jpg,True,True,0.8398386240005493,0.8499612808227539,"[573.5929565429688, 230.7909698486328, 632.8406372070312, 279.8831787109375]","[573.7700805664062, 229.01675415039062, 633.9125366210938, 280.02960205078125]",0.8616475345393717,0.8168698139214631,-0.01012265682220459,0.044777720617908634,True,False,300,300,53.798200002347585,54.17499999748543
attack_04,476770,person,D:\project CS\RT-DETRv2-COCO-Attack\source_data\attack_04\clean_images\000000476770.jpg,D:\project CS\RT-DETRv2-COCO-Attack\source_data\attack_04\patched_images\000000476770.jpg,False,False,,,,,,,,,False,False,300,300,53.824900001927745,54.66399999568239
attack_04,478721,car,D:\project CS\RT-DETRv2-COCO-Attack\source_data\attack_04\clean_images\000000478721.jpg,D:\project CS\RT-DETRv2-COCO-Attack\source_data\attack_04\patched_images\000000478721.jpg,True,True,0.7717339396476746,0.807823896408081,"[371.3289794921875, 236.99542236328125, 433.3872985839844, 286.25994873046875]","[370.99371337890625, 237.1834259033203, 433.55218505859375, 285.95147705078125]",0.8954152832267004,0.906499219109247,-0.036089956760406494,-0.011083935882546636,True,False,300,300,54.23329999757698,54.11939999612514
attack_04,480275,person,D:\project CS\RT-DETRv2-COCO-Attack\source_data\attack_04\clean_images\000000480275.jpg,D:\project CS\RT-DETRv2-COCO-Attack\source_data\attack_04\patched_images\000000480275.jpg,False,False,,,,,,,,,False,False,300,300,55.2966999966884,55.40199999813922
attack_04,485480,person,D:\project CS\RT-DETRv2-COCO-Attack\source_data\attack_04\clean_images\000000485480.jpg,D:\project CS\RT-DETRv2-COCO-Attack\source_data\attack_04\patched_images\000000485480.jpg,True,True,0.9612785577774048,0.9607036709785461,"[269.96173095703125, 50.13411331176758, 432.3257751464844, 213.0836639404297]","[269.9726257324219, 50.03801727294922, 433.0693054199219, 212.99752807617188]",0.9659809584567857,0.9617927728441524,0.0005748867988586426,0.004188185612633233,True,False,300,300,54.6119999999064,54.62049999914598
attack_04,488166,person,D:\project CS\RT-DETRv2-COCO-Attack\source_data\attack_04\clean_images\000000488166.jpg,D:\project CS\RT-DETRv2-COCO-Attack\source_data\attack_04\patched_images\000000488166.jpg,True,True,0.9457994103431702,0.9418133497238159,"[139.3397979736328, 106.50694274902344, 361.075927734375, 503.73687744140625]","[139.08981323242188, 106.68913269042969, 361.115234375, 503.9510498046875]",0.8012591509489722,0.8009835003851171,0.003986060619354248,0.0002756505638550344,True,False,300,300,55.67890000384068,55.692599999019876
attack_04,489764,person,D:\project CS\RT-DETRv2-COCO-Attack\source_data\attack_04\clean_images\000000489764.jpg,D:\project CS\RT-DETRv2-COCO-Attack\source_data\attack_04\patched_images\000000489764.jpg,True,True,0.641952395439148,0.7263141870498657,"[1.1803054809570312, 9.477890968322754, 640.67626953125, 533.34326171875]","[0.9155845642089844, 10.469075202941895, 640.5543212890625, 532.8599853515625]",0.8167226881288696,0.8174347511831676,-0.08436179161071777,-0.00071206305429794,True,False,300,300,54.971800003841054,55.018099999870174
attack_04,491213,car,D:\project CS\RT-DETRv2-COCO-Attack\source_data\attack_04\clean_images\000000491213.jpg,D:\project CS\RT-DETRv2-COCO-Attack\source_data\attack_04\patched_images\000000491213.jpg,True,True,0.9051026105880737,0.9090602397918701,"[62.249107360839844, 82.58319091796875, 305.0366516113281, 248.18641662597656]","[62.39479064941406, 82.68576049804688, 305.4037780761719, 248.15162658691406]",0.9531507044818358,0.9507694685362863,-0.003957629203796387,0.002381235945549509,True,False,300,300,54.50120000023162,54.69720000110101
attack_04,493286,person,D:\project CS\RT-DETRv2-COCO-Attack\source_data\attack_04\clean_images\000000493286.jpg,D:\project CS\RT-DETRv2-COCO-Attack\source_data\attack_04\patched_images\000000493286.jpg,True,True,0.27596205472946167,0.2563178837299347,"[88.13098907470703, 157.79078674316406, 140.67274475097656, 222.85772705078125]","[88.05903625488281, 157.63050842285156, 141.09751892089844, 223.3522186279297]",0.8499242628397198,0.8492153948890099,0.019644170999526978,0.0007088679507099016,True,False,300,300,55.16150000039488,54.72659999941243
attack_04,494759,person,D:\project CS\RT-DETRv2-COCO-Attack\source_data\attack_04\clean_images\000000494759.jpg,D:\project CS\RT-DETRv2-COCO-Attack\source_data\attack_04\patched_images\000000494759.jpg,True,True,0.9409725069999695,0.9387555718421936,"[516.2117309570312, 263.8653869628906, 565.6384887695312, 395.49237060546875]","[516.0559692382812, 263.8858947753906, 565.7726440429688, 395.6167907714844]",0.9460452958708124,0.9397866325397656,0.002216935157775879,0.006258663331046854,True,False,300,300,54.623299998638686,54.630600003292784
attack_04,495146,car,D:\project CS\RT-DETRv2-COCO-Attack\source_data\attack_04\clean_images\000000495146.jpg,D:\project CS\RT-DETRv2-COCO-Attack\source_data\attack_04\patched_images\000000495146.jpg,True,True,0.9189766049385071,0.9170427322387695,"[230.70899963378906, 373.9854736328125, 429.8704528808594, 478.139404296875]","[230.425048828125, 373.7681884765625, 430.2294921875, 478.0487976074219]",0.9177671903831537,0.9155056117138387,0.0019338726997375488,0.0022615786693149786,True,False,300,300,55.17719999625115,54.61729999660747
attack_04,498709,car,D:\project CS\RT-DETRv2-COCO-Attack\source_data\attack_04\clean_images\000000498709.jpg,D:\project CS\RT-DETRv2-COCO-Attack\source_data\attack_04\patched_images\000000498709.jpg,True,True,0.3352137506008148,0.2553730905056,"[29.087127685546875, 185.0137481689453, 81.74009704589844, 246.58396911621094]","[30.885560989379883, 187.77345275878906, 80.86769104003906, 246.3670196533203]",0.5982329860850012,0.6109623816277171,0.07984066009521484,-0.012729395542715904,True,False,300,300,55.885600006149616,55.67529999825638
attack_04,499775,car,D:\project CS\RT-DETRv2-COCO-Attack\source_data\attack_04\clean_images\000000499775.jpg,D:\project CS\RT-DETRv2-COCO-Attack\source_data\attack_04\patched_images\000000499775.jpg,True,True,0.930354654788971,0.9340276718139648,"[517.752197265625, 318.880126953125, 634.4163818359375, 368.2256164550781]","[517.3616943359375, 318.9282531738281, 634.6434326171875, 368.3581848144531]",0.9607799637135211,0.9611952122836008,-0.0036730170249938965,-0.00041524857007968485,True,False,300,300,54.37800000072457,54.49829999997746
attack_04,504415,car,D:\project CS\RT-DETRv2-COCO-Attack\source_data\attack_04\clean_images\000000504415.jpg,D:\project CS\RT-DETRv2-COCO-Attack\source_data\attack_04\patched_images\000000504415.jpg,True,True,0.9194306135177612,0.9191635251045227,"[78.9944076538086, 178.09483337402344, 281.8817138671875, 239.88916015625]","[79.18452453613281, 178.30230712890625, 287.4451904296875, 239.81410217285156]",0.9310018231783339,0.9450710263361242,0.0002670884132385254,-0.014069203157790255,True,False,300,300,54.524099999980535,54.88869999680901
attack_04,505789,person,D:\project CS\RT-DETRv2-COCO-Attack\source_data\attack_04\clean_images\000000505789.jpg,D:\project CS\RT-DETRv2-COCO-Attack\source_data\attack_04\patched_images\000000505789.jpg,True,True,0.8690847158432007,0.8629289269447327,"[177.32626342773438, 377.9820251464844, 281.67138671875, 638.951171875]","[176.92562866210938, 377.3216247558594, 278.1247863769531, 639.2430419921875]",0.8468127016925212,0.8133683833398714,0.006155788898468018,0.03344431835264983,True,False,300,300,54.376899999624584,54.96529999800259
attack_04,505942,car,D:\project CS\RT-DETRv2-COCO-Attack\source_data\attack_04\clean_images\000000505942.jpg,D:\project CS\RT-DETRv2-COCO-Attack\source_data\attack_04\patched_images\000000505942.jpg,True,True,0.3786602020263672,0.31334373354911804,"[458.4571533203125, 169.90428161621094, 500.00787353515625, 211.09957885742188]","[458.7051086425781, 170.75804138183594, 500.12689208984375, 212.619140625]",0.7277469084984791,0.6906303341647521,0.06531646847724915,0.03711657433372706,True,False,300,300,54.67339999449905,54.53950000082841
attack_04,506707,car,D:\project CS\RT-DETRv2-COCO-Attack\source_data\attack_04\clean_images\000000506707.jpg,D:\project CS\RT-DETRv2-COCO-Attack\source_data\attack_04\patched_images\000000506707.jpg,False,True,,0.2923605442047119,,"[141.30506896972656, 154.96148681640625, 274.59405517578125, 256.92919921875]",,0.6649962999002019,,,False,False,300,300,55.012700002407655,55.25469999702182
attack_04,507473,person,D:\project CS\RT-DETRv2-COCO-Attack\source_data\attack_04\clean_images\000000507473.jpg,D:\project CS\RT-DETRv2-COCO-Attack\source_data\attack_04\patched_images\000000507473.jpg,True,True,0.970442533493042,0.9718736410140991,"[31.589946746826172, 4.335265159606934, 428.22119140625, 474.4012145996094]","[31.823101043701172, 4.2804765701293945, 428.3927001953125, 474.8326416015625]",0.9816924794783407,0.9805614598733887,-0.001431107521057129,0.0011310196049519883,True,False,300,300,55.51700000069104,55.53240000153892
attack_04,507797,car,D:\project CS\RT-DETRv2-COCO-Attack\source_data\attack_04\clean_images\000000507797.jpg,D:\project CS\RT-DETRv2-COCO-Attack\source_data\attack_04\patched_images\000000507797.jpg,True,True,0.6123992204666138,0.4008721113204956,"[201.29122924804688, 177.87051391601562, 231.18675231933594, 205.91012573242188]","[204.64450073242188, 178.40713500976562, 231.31497192382812, 206.0205535888672]",0.8458288396555252,0.7346974316589799,0.21152710914611816,0.1111314079965453,True,False,300,300,54.451100004371256,55.189799997606315
attack_04,508101,person,D:\project CS\RT-DETRv2-COCO-Attack\source_data\attack_04\clean_images\000000508101.jpg,D:\project CS\RT-DETRv2-COCO-Attack\source_data\attack_04\patched_images\000000508101.jpg,True,False,0.4550056457519531,,"[70.8472671508789, 247.27308654785156, 156.69708251953125, 311.48284912109375]",,0.9178218369079589,,,,True,True,300,300,54.76420000195503,54.21980000392068
attack_04,509403,person,D:\project CS\RT-DETRv2-COCO-Attack\source_data\attack_04\clean_images\000000509403.jpg,D:\project CS\RT-DETRv2-COCO-Attack\source_data\attack_04\patched_images\000000509403.jpg,True,True,0.9614154100418091,0.9611607193946838,"[363.35546875, 57.67461013793945, 479.470458984375, 372.7936706542969]","[363.4870910644531, 57.70386505126953, 479.5280456542969, 372.7725524902344]",0.9529377559555529,0.9523537557494919,0.00025469064712524414,0.000584000206060975,True,False,300,300,54.804699997475836,55.05550000088988
attack_04,515025,car,D:\project CS\RT-DETRv2-COCO-Attack\source_data\attack_04\clean_images\000000515025.jpg,D:\project CS\RT-DETRv2-COCO-Attack\source_data\attack_04\patched_images\000000515025.jpg,True,True,0.6454352140426636,0.6301130652427673,"[416.6341552734375, 113.03993225097656, 528.8217163085938, 159.2274932861328]","[416.6361999511719, 112.85220336914062, 524.4094848632812, 158.6673126220703]",0.9337514094022403,0.971689548468676,0.01532214879989624,-0.03793813906643562,True,False,300,300,55.571800003235694,55.30919999728212
attack_04,515266,car,D:\project CS\RT-DETRv2-COCO-Attack\source_data\attack_04\clean_images\000000515266.jpg,D:\project CS\RT-DETRv2-COCO-Attack\source_data\attack_04\patched_images\000000515266.jpg,True,True,0.8182877898216248,0.7632434964179993,"[604.1604614257812, 105.43831634521484, 634.7510375976562, 129.87925720214844]","[604.1318359375, 105.07247924804688, 634.8387451171875, 129.51727294921875]",0.8218988311195271,0.8136740770679259,0.05504429340362549,0.008224754051601169,True,False,300,300,55.22889999701874,55.404700004146434
attack_04,520009,car,D:\project CS\RT-DETRv2-COCO-Attack\source_data\attack_04\clean_images\000000520009.jpg,D:\project CS\RT-DETRv2-COCO-Attack\source_data\attack_04\patched_images\000000520009.jpg,True,True,0.9408585429191589,0.9453306198120117,"[-0.049754977226257324, 334.063720703125, 214.27792358398438, 411.5650329589844]","[-0.038743019104003906, 334.1618957519531, 214.30294799804688, 411.59417724609375]",0.9809342873791672,0.9826953595462135,-0.004472076892852783,-0.0017610721670462404,True,False,300,300,54.13869999756571,54.60290000337409
attack_04,520264,person,D:\project CS\RT-DETRv2-COCO-Attack\source_data\attack_04\clean_images\000000520264.jpg,D:\project CS\RT-DETRv2-COCO-Attack\source_data\attack_04\patched_images\000000520264.jpg,True,True,0.9424745440483093,0.9449408054351807,"[404.3874816894531, 168.56015014648438, 555.3353271484375, 476.5326232910156]","[404.1246032714844, 168.29641723632812, 554.6304321289062, 476.2164001464844]",0.6591644744351972,0.6561901712541293,-0.002466261386871338,0.00297430318106795,True,False,300,300,54.4478000010713,54.64560000109486
attack_04,523100,person,D:\project CS\RT-DETRv2-COCO-Attack\source_data\attack_04\clean_images\000000523100.jpg,D:\project CS\RT-DETRv2-COCO-Attack\source_data\attack_04\patched_images\000000523100.jpg,True,True,0.898695707321167,0.9010664820671082,"[250.873291015625, 8.759355545043945, 479.7745361328125, 267.81134033203125]","[247.09799194335938, 4.375877380371094, 479.7371520996094, 266.7654113769531]",0.9042694483094125,0.8781745774266899,-0.002370774745941162,0.026094870882722554,True,False,300,300,56.256399999256246,56.2528000009479
attack_04,523241,car,D:\project CS\RT-DETRv2-COCO-Attack\source_data\attack_04\clean_images\000000523241.jpg,D:\project CS\RT-DETRv2-COCO-Attack\source_data\attack_04\patched_images\000000523241.jpg,True,True,0.9347367286682129,0.9351269006729126,"[363.8086242675781, 203.36199951171875, 478.3110656738281, 234.90704345703125]","[363.5956115722656, 203.25961303710938, 478.30670166015625, 234.8381805419922]",0.9471390449015017,0.946433754391963,-0.00039017200469970703,0.0007052905095387141,True,False,300,300,54.73119999805931,54.16939999850001
attack_04,526728,car,D:\project CS\RT-DETRv2-COCO-Attack\source_data\attack_04\clean_images\000000526728.jpg,D:\project CS\RT-DETRv2-COCO-Attack\source_data\attack_04\patched_images\000000526728.jpg,True,True,0.8746007680892944,0.7828347086906433,"[388.4332580566406, 172.1151123046875, 451.9426574707031, 197.12034606933594]","[388.4684753417969, 171.49256896972656, 452.3949279785156, 197.16543579101562]",0.8965759463999895,0.9215989089620834,0.09176605939865112,-0.02502296256209391,True,False,300,300,55.09940000047209,54.95459999656305
attack_04,527215,person,D:\project CS\RT-DETRv2-COCO-Attack\source_data\attack_04\clean_images\000000527215.jpg,D:\project CS\RT-DETRv2-COCO-Attack\source_data\attack_04\patched_images\000000527215.jpg,True,True,0.9385051727294922,0.9389553070068359,"[451.008544921875, 206.20407104492188, 512.0906982421875, 395.5926513671875]","[450.56292724609375, 206.16177368164062, 512.03515625, 395.750732421875]",0.9598861287930791,0.9527814294864524,-0.00045013427734375,0.007104699306626716,True,False,300,300,53.93529999855673,54.185499997402076
attack_04,529762,person,D:\project CS\RT-DETRv2-COCO-Attack\source_data\attack_04\clean_images\000000529762.jpg,D:\project CS\RT-DETRv2-COCO-Attack\source_data\attack_04\patched_images\000000529762.jpg,True,True,0.44827893376350403,0.2815176546573639,"[230.18722534179688, 57.616065979003906, 639.4124755859375, 468.85089111328125]","[214.00283813476562, 57.43287658691406, 640.1575317382812, 469.5221252441406]",0.9696958625601517,0.9353666916737335,0.16676127910614014,0.03432917088641818,True,False,300,300,55.6291999964742,56.05720000312431
attack_04,537991,person,D:\project CS\RT-DETRv2-COCO-Attack\source_data\attack_04\clean_images\000000537991.jpg,D:\project CS\RT-DETRv2-COCO-Attack\source_data\attack_04\patched_images\000000537991.jpg,True,True,0.9679571390151978,0.9688611626625061,"[88.07457733154297, 1.7525339126586914, 376.4651184082031, 474.9047546386719]","[87.83379364013672, 1.8085813522338867, 376.6101379394531, 475.17132568359375]",0.9588368772752578,0.957130013835492,-0.0009040236473083496,0.0017068634397657823,True,False,300,300,55.370900001435075,55.980500001169275
attack_04,538236,person,D:\project CS\RT-DETRv2-COCO-Attack\source_data\attack_04\clean_images\000000538236.jpg,D:\project CS\RT-DETRv2-COCO-Attack\source_data\attack_04\patched_images\000000538236.jpg,True,True,0.8689254522323608,0.8353007435798645,"[204.85215759277344, 0.2724297046661377, 286.3330383300781, 82.20997619628906]","[206.1465301513672, 0.33098652958869934, 286.5953674316406, 81.02365112304688]",0.944588912154858,0.9714661781689399,0.03362470865249634,-0.026877266014081913,True,False,300,300,55.30980000185082,56.29320000298321
attack_04,538364,car,D:\project CS\RT-DETRv2-COCO-Attack\source_data\attack_04\clean_images\000000538364.jpg,D:\project CS\RT-DETRv2-COCO-Attack\source_data\attack_04\patched_images\000000538364.jpg,True,True,0.9182034730911255,0.8897296786308289,"[263.9989929199219, 137.1857147216797, 445.0146789550781, 266.5405578613281]","[263.9945068359375, 137.11459350585938, 446.06689453125, 267.04730224609375]",0.72735985529683,0.7250621861543586,0.02847379446029663,0.0022976691424714257,True,False,300,300,54.4919999956619,54.72800000279676
attack_04,542127,person,D:\project CS\RT-DETRv2-COCO-Attack\source_data\attack_04\clean_images\000000542127.jpg,D:\project CS\RT-DETRv2-COCO-Attack\source_data\attack_04\patched_images\000000542127.jpg,False,False,,,,,,,,,False,False,300,300,54.26219999935711,54.292100001475774
attack_04,543043,car,D:\project CS\RT-DETRv2-COCO-Attack\source_data\attack_04\clean_images\000000543043.jpg,D:\project CS\RT-DETRv2-COCO-Attack\source_data\attack_04\patched_images\000000543043.jpg,True,True,0.9429847002029419,0.9490002393722534,"[259.1709289550781, 275.4016418457031, 634.5728759765625, 459.5744934082031]","[258.8506774902344, 275.43377685546875, 634.3904418945312, 459.4570007324219]",0.9907310801662272,0.9889481891330557,-0.0060155391693115234,0.0017828910331715297,True,False,300,300,55.53649999637855,54.144000001542736
attack_04,548780,person,D:\project CS\RT-DETRv2-COCO-Attack\source_data\attack_04\clean_images\000000548780.jpg,D:\project CS\RT-DETRv2-COCO-Attack\source_data\attack_04\patched_images\000000548780.jpg,True,True,0.9534005522727966,0.9517288208007812,"[320.1434631347656, 63.90070724487305, 527.3917236328125, 371.6063537597656]","[320.2655334472656, 63.771183013916016, 527.2509155273438, 371.5405578613281]",0.9439545982539519,0.9432540210346606,0.0016717314720153809,0.0007005772192912874,True,False,300,300,55.74970000452595,55.89949999557575
attack_04,553511,car,D:\project CS\RT-DETRv2-COCO-Attack\source_data\attack_04\clean_images\000000553511.jpg,D:\project CS\RT-DETRv2-COCO-Attack\source_data\attack_04\patched_images\000000553511.jpg,True,True,0.9370936155319214,0.9325487613677979,"[49.12240982055664, 260.7121276855469, 191.27687072753906, 318.5692138671875]","[49.046939849853516, 260.77423095703125, 191.22219848632812, 318.38275146484375]",0.9711205048343603,0.9678395781054624,0.004544854164123535,0.003280926728897904,True,False,300,300,54.46939999819733,54.09050000162097
attack_04,553990,person,D:\project CS\RT-DETRv2-COCO-Attack\source_data\attack_04\clean_images\000000553990.jpg,D:\project CS\RT-DETRv2-COCO-Attack\source_data\attack_04\patched_images\000000553990.jpg,True,True,0.916174590587616,0.8973585367202759,"[198.3509979248047, 39.90302276611328, 328.67578125, 194.4324951171875]","[197.82614135742188, 39.91133499145508, 328.7176513671875, 193.62261962890625]",0.9088661636900908,0.9079853306979236,0.018816053867340088,0.0008808329921671243,True,False,300,300,54.41690000589006,54.91010000696406
attack_04,554156,person,D:\project CS\RT-DETRv2-COCO-Attack\source_data\attack_04\clean_images\000000554156.jpg,D:\project CS\RT-DETRv2-COCO-Attack\source_data\attack_04\patched_images\000000554156.jpg,True,True,0.9523633718490601,0.9527631402015686,"[117.62483215332031, 85.38631439208984, 456.7471923828125, 424.4410705566406]","[117.76220703125, 85.16996002197266, 456.18292236328125, 424.156494140625]",0.9777305349552968,0.975938655810668,-0.0003997683525085449,0.0017918791446288607,True,False,300,300,55.06910000258358,54.632500003208406
attack_04,556000,person,D:\project CS\RT-DETRv2-COCO-Attack\source_data\attack_04\clean_images\000000556000.jpg,D:\project CS\RT-DETRv2-COCO-Attack\source_data\attack_04\patched_images\000000556000.jpg,True,True,0.9519675970077515,0.9531117081642151,"[446.7086181640625, 109.56329345703125, 633.6927490234375, 510.7509460449219]","[446.83416748046875, 109.55573272705078, 633.8326416015625, 510.75885009765625]",0.9389284755744348,0.9388929427514922,-0.001144111156463623,3.5532822942663245e-05,True,False,300,300,54.96080000011716,54.79660000128206
attack_04,559547,person,D:\project CS\RT-DETRv2-COCO-Attack\source_data\attack_04\clean_images\000000559547.jpg,D:\project CS\RT-DETRv2-COCO-Attack\source_data\attack_04\patched_images\000000559547.jpg,True,True,0.9165908098220825,0.9245332479476929,"[0.382843017578125, 25.597856521606445, 193.20726013183594, 468.9028015136719]","[0.5310440063476562, 24.921916961669922, 193.45628356933594, 470.9984436035156]",0.9220563673345813,0.9261894605108598,-0.007942438125610352,-0.004133093176278524,True,False,300,300,55.736000002070796,55.31250000058208
attack_04,559956,person,D:\project CS\RT-DETRv2-COCO-Attack\source_data\attack_04\clean_images\000000559956.jpg,D:\project CS\RT-DETRv2-COCO-Attack\source_data\attack_04\patched_images\000000559956.jpg,True,True,0.9415401816368103,0.26130223274230957,"[-0.019121170043945312, 64.49864196777344, 238.96328735351562, 474.308837890625]","[0.2112579345703125, 64.0398941040039, 239.83990478515625, 474.048095703125]",0.9853030379339316,0.9804396244953218,0.6802379488945007,0.004863413438609743,True,False,300,300,55.82569999387488,55.76580000342801
attack_04,561679,car,D:\project CS\RT-DETRv2-COCO-Attack\source_data\attack_04\clean_images\000000561679.jpg,D:\project CS\RT-DETRv2-COCO-Attack\source_data\attack_04\patched_images\000000561679.jpg,True,True,0.6512424349784851,0.526894211769104,"[245.759521484375, 322.7134094238281, 294.2679443359375, 350.65118408203125]","[245.67176818847656, 322.9599609375, 293.1517333984375, 351.432861328125]",0.9124274173127334,0.9146715916132914,0.1243482232093811,-0.0022441743005580106,True,False,300,300,55.160899995826185,55.03160000080243
attack_04,563281,person,D:\project CS\RT-DETRv2-COCO-Attack\source_data\attack_04\clean_images\000000563281.jpg,D:\project CS\RT-DETRv2-COCO-Attack\source_data\attack_04\patched_images\000000563281.jpg,True,True,0.9216932058334351,0.9090321063995361,"[112.57444763183594, 1.241639256477356, 267.09332275390625, 496.5245056152344]","[112.16261291503906, 1.2688785791397095, 267.27008056640625, 496.5863952636719]",0.9071417355667126,0.903636149435878,0.012661099433898926,0.003505586130834626,True,False,300,300,55.821399997512344,56.500799997593276
attack_04,563653,car,D:\project CS\RT-DETRv2-COCO-Attack\source_data\attack_04\clean_images\000000563653.jpg,D:\project CS\RT-DETRv2-COCO-Attack\source_data\attack_04\patched_images\000000563653.jpg,True,True,0.9391916394233704,0.9319747686386108,"[516.89990234375, 253.33621215820312, 617.5162963867188, 297.9051513671875]","[517.1118774414062, 253.23001098632812, 617.09375, 297.76708984375]",0.966046765820283,0.96324822042724,0.0072168707847595215,0.002798545393043028,True,False,300,300,54.1019000011147,53.85219999880064
attack_04,565962,person,D:\project CS\RT-DETRv2-COCO-Attack\source_data\attack_04\clean_images\000000565962.jpg,D:\project CS\RT-DETRv2-COCO-Attack\source_data\attack_04\patched_images\000000565962.jpg,False,True,,0.33995047211647034,,"[14.414461135864258, 130.44432067871094, 167.02532958984375, 320.85955810546875]",,0.8516971170444413,,,False,False,300,300,55.81680000614142,55.21089999820106
attack_04,566758,car,D:\project CS\RT-DETRv2-COCO-Attack\source_data\attack_04\clean_images\000000566758.jpg,D:\project CS\RT-DETRv2-COCO-Attack\source_data\attack_04\patched_images\000000566758.jpg,True,True,0.6077867150306702,0.4892231225967407,"[536.0113525390625, 177.78282165527344, 638.0101318359375, 228.66357421875]","[537.4645385742188, 177.768310546875, 638.0069580078125, 228.49534606933594]",0.8907268655579705,0.90674205180546,0.11856359243392944,-0.016015186247489432,True,False,300,300,54.89539999689441,55.26060000556754
attack_04,567640,car,D:\project CS\RT-DETRv2-COCO-Attack\source_data\attack_04\clean_images\000000567640.jpg,D:\project CS\RT-DETRv2-COCO-Attack\source_data\attack_04\patched_images\000000567640.jpg,True,True,0.365246057510376,0.6763188242912292,"[304.7584228515625, 57.93858337402344, 408.8296203613281, 130.84896850585938]","[306.15728759765625, 57.909210205078125, 408.54827880859375, 130.79379272460938]",0.8836774735628733,0.872807131681125,-0.31107276678085327,0.010870341881748291,True,False,300,300,55.049899994628504,55.063500003598165
attack_04,568814,person,D:\project CS\RT-DETRv2-COCO-Attack\source_data\attack_04\clean_images\000000568814.jpg,D:\project CS\RT-DETRv2-COCO-Attack\source_data\attack_04\patched_images\000000568814.jpg,True,True,0.949567437171936,0.9511021971702576,"[75.70245361328125, 0.3551437258720398, 639.5230102539062, 356.7716979980469]","[74.66571807861328, 0.401438444852829, 639.0989379882812, 356.33978271484375]",0.8777905756728759,0.8766202790487087,-0.0015347599983215332,0.001170296624167233,True,False,300,300,55.441399999835994,55.72969999775523
attack_04,570471,person,D:\project CS\RT-DETRv2-COCO-Attack\source_data\attack_04\clean_images\000000570471.jpg,D:\project CS\RT-DETRv2-COCO-Attack\source_data\attack_04\patched_images\000000570471.jpg,True,True,0.9461707472801208,0.8885149359703064,"[48.963993072509766, 0.07493793964385986, 374.763916015625, 498.7371520996094]","[144.80322265625, 0.7547587156295776, 375.0443115234375, 498.2586975097656]",0.9884365830931677,0.6995948998055135,0.05765581130981445,0.28884168328765425,True,False,300,300,54.889899998670444,55.58690000179922
attack_04,570756,person,D:\project CS\RT-DETRv2-COCO-Attack\source_data\attack_04\clean_images\000000570756.jpg,D:\project CS\RT-DETRv2-COCO-Attack\source_data\attack_04\patched_images\000000570756.jpg,False,False,,,,,,,,,False,False,300,300,54.64380000194069,54.142199995112605
attack_04,575243,car,D:\project CS\RT-DETRv2-COCO-Attack\source_data\attack_04\clean_images\000000575243.jpg,D:\project CS\RT-DETRv2-COCO-Attack\source_data\attack_04\patched_images\000000575243.jpg,True,True,0.9309507012367249,0.9362518787384033,"[523.91796875, 128.60641479492188, 640.1134643554688, 355.32000732421875]","[523.9273071289062, 127.97600555419922, 640.029541015625, 352.83349609375]",0.9661759591116609,0.9584023545971015,-0.005301177501678467,0.007773604514559329,True,False,300,300,54.344700001820456,54.75049999949988
attack_04,577976,car,D:\project CS\RT-DETRv2-COCO-Attack\source_data\attack_04\clean_images\000000577976.jpg,D:\project CS\RT-DETRv2-COCO-Attack\source_data\attack_04\patched_images\000000577976.jpg,True,True,0.9180713295936584,0.8954859375953674,"[0.1012277603149414, 274.8137512207031, 91.79788208007812, 307.85797119140625]","[0.17778873443603516, 274.8118896484375, 91.72758483886719, 307.9161682128906]",0.8448641748704918,0.8422125428311954,0.022585391998291016,0.0026516320392964143,True,False,300,300,54.304199999023695,54.429700001492165
