attack_id,image_id,target_class,clean_image,patched_image,clean_detected,patched_detected,clean_confidence,patched_confidence,clean_bbox,patched_bbox,clean_iou,patched_iou,confidence_drop,iou_drop,eligible,attack_success,clean_prediction_count,patched_prediction_count,inference_time_ms_clean,inference_time_ms_patched
attack_01,785,person,D:\project CS\RT-DETRv2-COCO-Attack\source_data\attack_01\clean_images\000000000785.jpg,D:\project CS\RT-DETRv2-COCO-Attack\source_data\attack_01\patched_images\000000000785.jpg,True,True,0.9512295722961426,0.9514302015304565,"[280.7567138671875, 43.423423767089844, 496.8560791015625, 391.047607421875]","[280.5557861328125, 43.37324142456055, 496.9017028808594, 391.189453125]",0.9831131371792614,0.9826803228655004,-0.00020062923431396484,0.00043281431376096524,True,False,300,300,513.3846000026097,38.51539999595843
attack_01,9891,person,D:\project CS\RT-DETRv2-COCO-Attack\source_data\attack_01\clean_images\000000009891.jpg,D:\project CS\RT-DETRv2-COCO-Attack\source_data\attack_01\patched_images\000000009891.jpg,True,True,0.9507949352264404,0.9508745074272156,"[207.215576171875, 95.04602813720703, 346.5638732910156, 417.7007141113281]","[207.0838623046875, 94.8763427734375, 346.9518737792969, 417.42816162109375]",0.914624539384102,0.919224123260824,-7.957220077514648e-05,-0.004599583876721991,True,False,300,300,37.50749999744585,37.556499999482185
attack_01,11197,person,D:\project CS\RT-DETRv2-COCO-Attack\source_data\attack_01\clean_images\000000011197.jpg,D:\project CS\RT-DETRv2-COCO-Attack\source_data\attack_01\patched_images\000000011197.jpg,True,True,0.9143468141555786,0.9164618253707886,"[308.5920104980469, 111.44960021972656, 361.21148681640625, 253.1008758544922]","[308.57293701171875, 111.43902587890625, 361.39117431640625, 253.11306762695312]",0.942704803706211,0.9455026886252655,-0.002115011215209961,-0.0027978849190545274,True,False,300,300,36.99369999958435,37.033600005088374
attack_01,17178,car,D:\project CS\RT-DETRv2-COCO-Attack\source_data\attack_01\clean_images\000000017178.jpg,D:\project CS\RT-DETRv2-COCO-Attack\source_data\attack_01\patched_images\000000017178.jpg,True,True,0.9294669032096863,0.9375813603401184,"[433.52276611328125, 107.7143325805664, 639.8374633789062, 421.5361022949219]","[433.53570556640625, 107.90768432617188, 639.7357788085938, 421.6790771484375]",0.9796577685458299,0.9802747617134943,-0.008114457130432129,-0.0006169931676643925,True,False,300,300,38.03699999843957,37.428099996759556
attack_01,18150,person,D:\project CS\RT-DETRv2-COCO-Attack\source_data\attack_01\clean_images\000000018150.jpg,D:\project CS\RT-DETRv2-COCO-Attack\source_data\attack_01\patched_images\000000018150.jpg,True,True,0.9618595242500305,0.9522750377655029,"[0.6711196899414062, 10.887022018432617, 392.8209228515625, 443.884521484375]","[0.7605552673339844, 11.563124656677246, 390.70257568359375, 443.7335510253906]",0.9052008869800724,0.8994464371690195,0.009584486484527588,0.005754449811052886,True,False,300,300,37.65019999991637,38.601899999775924
attack_01,19786,person,D:\project CS\RT-DETRv2-COCO-Attack\source_data\attack_01\clean_images\000000019786.jpg,D:\project CS\RT-DETRv2-COCO-Attack\source_data\attack_01\patched_images\000000019786.jpg,True,True,0.8824813961982727,0.8998406529426575,"[256.2190246582031, 33.54325866699219, 481.1158142089844, 373.19268798828125]","[256.5826110839844, 35.65633773803711, 481.4794616699219, 372.5445251464844]",0.9159376215956275,0.9090288091003226,-0.017359256744384766,0.00690881249530495,True,False,300,300,38.81269999692449,38.424800004577264
attack_01,38118,person,D:\project CS\RT-DETRv2-COCO-Attack\source_data\attack_01\clean_images\000000038118.jpg,D:\project CS\RT-DETRv2-COCO-Attack\source_data\attack_01\patched_images\000000038118.jpg,True,True,0.936001181602478,0.9355684518814087,"[125.33870697021484, 220.52149963378906, 214.17556762695312, 359.3605041503906]","[125.20872497558594, 220.45069885253906, 214.11134338378906, 359.46405029296875]",0.8782149234444214,0.877414637732342,0.00043272972106933594,0.0008002857120794626,True,False,300,300,37.803300001542084,36.66630000225268
attack_01,43737,car,D:\project CS\RT-DETRv2-COCO-Attack\source_data\attack_01\clean_images\000000043737.jpg,D:\project CS\RT-DETRv2-COCO-Attack\source_data\attack_01\patched_images\000000043737.jpg,True,True,0.2514527142047882,0.7801417112350464,"[112.25286865234375, 414.8611755371094, 190.4580078125, 452.40582275390625]","[112.01591491699219, 415.40545654296875, 187.13258361816406, 454.3960876464844]",0.8934845580849222,0.9041678511216912,-0.5286889970302582,-0.01068329303676896,True,False,300,300,36.62399999302579,37.038499998743646
attack_01,44590,car,D:\project CS\RT-DETRv2-COCO-Attack\source_data\attack_01\clean_images\000000044590.jpg,D:\project CS\RT-DETRv2-COCO-Attack\source_data\attack_01\patched_images\000000044590.jpg,False,False,,,,,,,,,False,False,300,300,36.77629999583587,37.71270000288496
attack_01,46463,person,D:\project CS\RT-DETRv2-COCO-Attack\source_data\attack_01\clean_images\000000046463.jpg,D:\project CS\RT-DETRv2-COCO-Attack\source_data\attack_01\patched_images\000000046463.jpg,True,True,0.6646116971969604,0.7148657441139221,"[0.3193467855453491, 34.519779205322266, 254.88418579101562, 395.2380065917969]","[0.21873414516448975, 35.26238250732422, 255.12832641601562, 395.00543212890625]",0.9591373575507539,0.9609818157142154,-0.05025404691696167,-0.0018444581634614599,True,False,300,300,38.55610000027809,38.476199995784555
attack_01,47740,person,D:\project CS\RT-DETRv2-COCO-Attack\source_data\attack_01\clean_images\000000047740.jpg,D:\project CS\RT-DETRv2-COCO-Attack\source_data\attack_01\patched_images\000000047740.jpg,True,True,0.9270506501197815,0.4513092637062073,"[0.6720924377441406, 146.71420288085938, 475.9330749511719, 355.90020751953125]","[0.13177871704101562, 151.68682861328125, 477.2700500488281, 355.9588317871094]",0.9949819912159683,0.9764072931271707,0.4757413864135742,0.018574698088797637,True,False,300,300,38.759199997002725,37.95739999623038
attack_01,48396,person,D:\project CS\RT-DETRv2-COCO-Attack\source_data\attack_01\clean_images\000000048396.jpg,D:\project CS\RT-DETRv2-COCO-Attack\source_data\attack_01\patched_images\000000048396.jpg,True,True,0.9614542126655579,0.9666057825088501,"[123.40830993652344, 0.7541567087173462, 359.39691162109375, 423.4104309082031]","[123.96958923339844, 0.7270894050598145, 360.21844482421875, 422.9831848144531]",0.9825011084935138,0.9823488823804496,-0.005151569843292236,0.0001522261130642022,True,False,300,300,38.33599999779835,37.77719999925466
attack_01,50679,car,D:\project CS\RT-DETRv2-COCO-Attack\source_data\attack_01\clean_images\000000050679.jpg,D:\project CS\RT-DETRv2-COCO-Attack\source_data\attack_01\patched_images\000000050679.jpg,True,True,0.7081817388534546,0.48833176493644714,"[475.8009033203125, 171.26361083984375, 563.3040771484375, 224.8270263671875]","[475.819580078125, 171.49085998535156, 563.9161376953125, 224.83522033691406]",0.9210279572384872,0.9166339106231772,0.21984997391700745,0.0043940466153099544,True,False,300,300,37.699200001952704,36.634500000218395
attack_01,52507,person,D:\project CS\RT-DETRv2-COCO-Attack\source_data\attack_01\clean_images\000000052507.jpg,D:\project CS\RT-DETRv2-COCO-Attack\source_data\attack_01\patched_images\000000052507.jpg,True,True,0.9213018417358398,0.923492431640625,"[103.29670715332031, 106.85287475585938, 184.5960235595703, 289.0124206542969]","[102.19512939453125, 106.6381607055664, 185.05227661132812, 288.5763244628906]",0.9335469854008737,0.913070763911427,-0.0021905899047851562,0.02047622148944661,True,False,300,300,36.81430000142427,36.88720000354806
attack_01,54593,car,D:\project CS\RT-DETRv2-COCO-Attack\source_data\attack_01\clean_images\000000054593.jpg,D:\project CS\RT-DETRv2-COCO-Attack\source_data\attack_01\patched_images\000000054593.jpg,True,True,0.9185556769371033,0.8502568006515503,"[112.6402587890625, 72.54077911376953, 310.7386474609375, 182.48004150390625]","[114.59053039550781, 74.5353012084961, 310.6626892089844, 178.4880828857422]",0.9610778169236267,0.9334143317508914,0.06829887628555298,0.027663485172735314,True,False,300,300,37.52060000260826,37.15830000146525
attack_01,55950,person,D:\project CS\RT-DETRv2-COCO-Attack\source_data\attack_01\clean_images\000000055950.jpg,D:\project CS\RT-DETRv2-COCO-Attack\source_data\attack_01\patched_images\000000055950.jpg,True,True,0.9641558527946472,0.9636250734329224,"[80.90628814697266, 68.14228057861328, 311.245849609375, 393.25830078125]","[80.69974517822266, 68.21478271484375, 311.66326904296875, 392.80145263671875]",0.955315366147924,0.9542882834963428,0.0005307793617248535,0.001027082651581246,True,False,300,300,36.8705000000773,37.68590000254335
attack_01,57597,car,D:\project CS\RT-DETRv2-COCO-Attack\source_data\attack_01\clean_images\000000057597.jpg,D:\project CS\RT-DETRv2-COCO-Attack\source_data\attack_01\patched_images\000000057597.jpg,True,True,0.69004887342453,0.8311302661895752,"[347.9196472167969, 104.05410766601562, 425.86956787109375, 134.56594848632812]","[347.58685302734375, 103.96804809570312, 425.9616394042969, 134.773193359375]",0.813750815394916,0.8117287347884676,-0.14108139276504517,0.002022080606448373,True,False,300,300,43.52099999960046,37.44870000082301
attack_01,58539,car,D:\project CS\RT-DETRv2-COCO-Attack\source_data\attack_01\clean_images\000000058539.jpg,D:\project CS\RT-DETRv2-COCO-Attack\source_data\attack_01\patched_images\000000058539.jpg,True,True,0.914461612701416,0.864188015460968,"[412.71295166015625, 140.22247314453125, 639.9224243164062, 415.2443542480469]","[411.8158264160156, 140.0311279296875, 639.8145141601562, 414.5671081542969]",0.9656490267267478,0.9598040004920405,0.050273597240448,0.0058450262347072846,True,False,300,300,38.210399994568434,38.05589999683434
attack_01,63965,person,D:\project CS\RT-DETRv2-COCO-Attack\source_data\attack_01\clean_images\000000063965.jpg,D:\project CS\RT-DETRv2-COCO-Attack\source_data\attack_01\patched_images\000000063965.jpg,True,True,0.6078447103500366,0.5706332921981812,"[0.3243255615234375, 1.0809881687164307, 640.2184448242188, 422.5706481933594]","[0.5253791809082031, 1.8513445854187012, 640.3720703125, 421.9303894042969]",0.9879191674257988,0.987680941056265,0.03721141815185547,0.00023822636953374499,True,False,300,300,38.53019999951357,38.903400003619026
attack_01,67213,car,D:\project CS\RT-DETRv2-COCO-Attack\source_data\attack_01\clean_images\000000067213.jpg,D:\project CS\RT-DETRv2-COCO-Attack\source_data\attack_01\patched_images\000000067213.jpg,True,True,0.8249809145927429,0.8474493026733398,"[0.31607627868652344, 306.0389709472656, 201.92176818847656, 409.94268798828125]","[0.2729320526123047, 305.9429016113281, 201.95904541015625, 410.0184326171875]",0.9492005723053257,0.950367569218988,-0.022468388080596924,-0.0011669969136622882,True,False,300,300,37.841600002138875,38.456000002042856
attack_01,78404,person,D:\project CS\RT-DETRv2-COCO-Attack\source_data\attack_01\clean_images\000000078404.jpg,D:\project CS\RT-DETRv2-COCO-Attack\source_data\attack_01\patched_images\000000078404.jpg,True,True,0.9334453344345093,0.8561563491821289,"[216.9495849609375, 10.260706901550293, 406.6936950683594, 317.4527587890625]","[217.74285888671875, 10.43038558959961, 404.40362548828125, 317.12921142578125]",0.9481499480014798,0.9551950647682296,0.07728898525238037,-0.007045116766749793,True,False,300,300,38.76029999810271,38.543700000445824
attack_01,80022,person,D:\project CS\RT-DETRv2-COCO-Attack\source_data\attack_01\clean_images\000000080022.jpg,D:\project CS\RT-DETRv2-COCO-Attack\source_data\attack_01\patched_images\000000080022.jpg,True,True,0.9586599469184875,0.9587258696556091,"[271.9770202636719, 105.80256652832031, 427.94049072265625, 423.53875732421875]","[272.046630859375, 105.94866943359375, 428.07489013671875, 424.1688232421875]",0.9298615020588019,0.9316569198888234,-6.592273712158203e-05,-0.0017954178300214618,True,False,300,300,37.45209999760846,37.486599998374004
attack_01,84170,car,D:\project CS\RT-DETRv2-COCO-Attack\source_data\attack_01\clean_images\000000084170.jpg,D:\project CS\RT-DETRv2-COCO-Attack\source_data\attack_01\patched_images\000000084170.jpg,True,True,0.9154825806617737,0.9136313796043396,"[130.33847045898438, 261.760986328125, 225.58169555664062, 332.4981384277344]","[130.24691772460938, 261.7763366699219, 225.81600952148438, 333.0188293457031]",0.8700355236593068,0.8775830526258652,0.001851201057434082,-0.007547528966558414,True,False,300,300,37.057900000945665,36.80719999829307
attack_01,87038,person,D:\project CS\RT-DETRv2-COCO-Attack\source_data\attack_01\clean_images\000000087038.jpg,D:\project CS\RT-DETRv2-COCO-Attack\source_data\attack_01\patched_images\000000087038.jpg,False,False,,,,,,,,,False,False,300,300,36.76880000421079,36.76460000133375
attack_01,88462,car,D:\project CS\RT-DETRv2-COCO-Attack\source_data\attack_01\clean_images\000000088462.jpg,D:\project CS\RT-DETRv2-COCO-Attack\source_data\attack_01\patched_images\000000088462.jpg,True,True,0.9309048652648926,0.9294800758361816,"[25.61498260498047, 188.92860412597656, 82.8775405883789, 230.27313232421875]","[25.602333068847656, 189.04005432128906, 82.84384155273438, 230.2613067626953]",0.9448484426028487,0.9433179352195362,0.0014247894287109375,0.0015305073833125071,True,False,300,300,37.099499997566454,36.72190000361297
attack_01,89556,car,D:\project CS\RT-DETRv2-COCO-Attack\source_data\attack_01\clean_images\000000089556.jpg,D:\project CS\RT-DETRv2-COCO-Attack\source_data\attack_01\patched_images\000000089556.jpg,True,True,0.9198922514915466,0.9275859594345093,"[0.440673828125, 164.56088256835938, 295.8360290527344, 390.9389953613281]","[0.4690265655517578, 163.93409729003906, 303.5, 391.5640563964844]",0.9667817126942039,0.9447989437317198,-0.0076937079429626465,0.02198276896248408,True,False,300,300,36.3675000044168,36.83950000413461
attack_01,89697,person,D:\project CS\RT-DETRv2-COCO-Attack\source_data\attack_01\clean_images\000000089697.jpg,D:\project CS\RT-DETRv2-COCO-Attack\source_data\attack_01\patched_images\000000089697.jpg,True,True,0.9193766117095947,0.8771997690200806,"[250.17733764648438, 230.6883544921875, 349.29168701171875, 359.8028869628906]","[268.29083251953125, 231.09963989257812, 349.23333740234375, 359.8507080078125]",0.9341807908162885,0.8184874324910558,0.04217684268951416,0.11569335832523264,True,False,300,300,37.41789999912726,37.8777000005357
attack_01,90284,person,D:\project CS\RT-DETRv2-COCO-Attack\source_data\attack_01\clean_images\000000090284.jpg,D:\project CS\RT-DETRv2-COCO-Attack\source_data\attack_01\patched_images\000000090284.jpg,True,True,0.9722638726234436,0.9198595881462097,"[67.16485595703125, 143.79530334472656, 582.3855590820312, 563.701904296875]","[67.02930450439453, 142.48855590820312, 582.4848022460938, 564.44873046875]",0.9885293097437232,0.9904771519737411,0.05240428447723389,-0.001947842230017871,True,False,300,300,36.71899999608286,37.47840000141878
attack_01,91495,person,D:\project CS\RT-DETRv2-COCO-Attack\source_data\attack_01\clean_images\000000091495.jpg,D:\project CS\RT-DETRv2-COCO-Attack\source_data\attack_01\patched_images\000000091495.jpg,True,True,0.9536821246147156,0.9044256210327148,"[13.970746994018555, 112.94029998779297, 241.68556213378906, 423.2533874511719]","[14.461736679077148, 112.68916320800781, 242.3394012451172, 423.0589904785156]",0.9885520691618456,0.9876650233891489,0.04925650358200073,0.0008870457726967151,True,False,300,300,37.66690000338713,37.31110000080662
attack_01,92416,person,D:\project CS\RT-DETRv2-COCO-Attack\source_data\attack_01\clean_images\000000092416.jpg,D:\project CS\RT-DETRv2-COCO-Attack\source_data\attack_01\patched_images\000000092416.jpg,True,True,0.9514180421829224,0.949418306350708,"[64.90403747558594, 48.33639144897461, 370.0558776855469, 634.3836669921875]","[64.05887603759766, 48.328399658203125, 356.8799743652344, 634.630859375]",0.9780604899789869,0.9502250734854536,0.0019997358322143555,0.02783541649353327,True,False,300,300,37.555800001428,37.979599997925106
attack_01,94751,car,D:\project CS\RT-DETRv2-COCO-Attack\source_data\attack_01\clean_images\000000094751.jpg,D:\project CS\RT-DETRv2-COCO-Attack\source_data\attack_01\patched_images\000000094751.jpg,True,True,0.8877337574958801,0.8936264514923096,"[311.697265625, 273.9646911621094, 375.0303039550781, 309.18060302734375]","[311.829833984375, 274.15899658203125, 375.0343017578125, 309.67559814453125]",0.9533649489782267,0.9651460272466584,-0.005892693996429443,-0.011781078268431777,True,False,300,300,36.6305999996257,37.11249999469146
attack_01,100624,person,D:\project CS\RT-DETRv2-COCO-Attack\source_data\attack_01\clean_images\000000100624.jpg,D:\project CS\RT-DETRv2-COCO-Attack\source_data\attack_01\patched_images\000000100624.jpg,True,True,0.9274323582649231,0.9168103337287903,"[39.40073013305664, 48.41754150390625, 325.2268981933594, 423.004638671875]","[63.37406921386719, 48.941200256347656, 325.20648193359375, 422.9086608886719]",0.9541629273159848,0.875684759687727,0.010622024536132812,0.07847816762825788,True,False,300,300,38.02730000461452,37.4322999996366
attack_01,100723,person,D:\project CS\RT-DETRv2-COCO-Attack\source_data\attack_01\clean_images\000000100723.jpg,D:\project CS\RT-DETRv2-COCO-Attack\source_data\attack_01\patched_images\000000100723.jpg,False,False,,,,,,,,,False,False,300,300,37.871000000450294,37.73180000280263
attack_01,102805,car,D:\project CS\RT-DETRv2-COCO-Attack\source_data\attack_01\clean_images\000000102805.jpg,D:\project CS\RT-DETRv2-COCO-Attack\source_data\attack_01\patched_images\000000102805.jpg,True,True,0.9497562646865845,0.9490628242492676,"[378.61029052734375, 266.7322998046875, 606.4159545898438, 338.5505676269531]","[378.6242980957031, 266.70208740234375, 606.3712158203125, 338.6073303222656]",0.9946654676867905,0.9937186002056978,0.0006934404373168945,0.0009468674810927391,True,False,300,300,37.51719999854686,37.050699997053016
attack_01,115946,car,D:\project CS\RT-DETRv2-COCO-Attack\source_data\attack_01\clean_images\000000115946.jpg,D:\project CS\RT-DETRv2-COCO-Attack\source_data\attack_01\patched_images\000000115946.jpg,True,True,0.8990970849990845,0.9234368801116943,"[119.86558532714844, 503.650390625, 173.52304077148438, 544.2432861328125]","[119.71402740478516, 503.80963134765625, 173.26625061035156, 544.0588989257812]",0.9374092589078361,0.9364837187509998,-0.024339795112609863,0.0009255401568363242,True,False,300,300,36.7982999960077,36.93419999763137
attack_01,119445,person,D:\project CS\RT-DETRv2-COCO-Attack\source_data\attack_01\clean_images\000000119445.jpg,D:\project CS\RT-DETRv2-COCO-Attack\source_data\attack_01\patched_images\000000119445.jpg,True,True,0.9573290348052979,0.9570786952972412,"[177.92529296875, 176.18743896484375, 346.962158203125, 389.1180114746094]","[177.838623046875, 176.270263671875, 347.2200012207031, 389.1683044433594]",0.9385254224634311,0.9396518373464877,0.0002503395080566406,-0.0011264148830566478,True,False,300,300,37.02599999814993,36.83749999618158
attack_01,121506,car,D:\project CS\RT-DETRv2-COCO-Attack\source_data\attack_01\clean_images\000000121506.jpg,D:\project CS\RT-DETRv2-COCO-Attack\source_data\attack_01\patched_images\000000121506.jpg,True,True,0.8355565071105957,0.7846754193305969,"[448.70440673828125, 258.2122802734375, 528.635986328125, 303.8056335449219]","[448.5288391113281, 257.8360900878906, 528.5828247070312, 304.2601318359375]",0.6268404108653048,0.6207917459272134,0.05088108777999878,0.006048664938091419,True,False,300,300,37.49950000201352,37.515500000154134
attack_01,122606,person,D:\project CS\RT-DETRv2-COCO-Attack\source_data\attack_01\clean_images\000000122606.jpg,D:\project CS\RT-DETRv2-COCO-Attack\source_data\attack_01\patched_images\000000122606.jpg,True,True,0.40125468373298645,0.2686082720756531,"[370.0569152832031, 156.02178955078125, 424.93280029296875, 209.70762634277344]","[383.1534118652344, 157.86422729492188, 423.273193359375, 207.67417907714844]",0.7930669231555445,0.6800512230721489,0.13264641165733337,0.11301570008339556,True,False,300,300,37.07469999790192,38.02420000283746
attack_01,122672,person,D:\project CS\RT-DETRv2-COCO-Attack\source_data\attack_01\clean_images\000000122672.jpg,D:\project CS\RT-DETRv2-COCO-Attack\source_data\attack_01\patched_images\000000122672.jpg,True,True,0.9416611790657043,0.9532533884048462,"[225.2451934814453, 107.1575927734375, 530.0595092773438, 320.7249450683594]","[225.20989990234375, 106.71966552734375, 530.0359497070312, 318.1710205078125]",0.9303002408659437,0.9172036095578441,-0.011592209339141846,0.013096631308099571,True,False,300,300,36.84489999432117,37.679900000512134
attack_01,124798,car,D:\project CS\RT-DETRv2-COCO-Attack\source_data\attack_01\clean_images\000000124798.jpg,D:\project CS\RT-DETRv2-COCO-Attack\source_data\attack_01\patched_images\000000124798.jpg,True,True,0.9192779660224915,0.918755292892456,"[577.2877197265625, 310.8758239746094, 639.8236083984375, 424.92510986328125]","[577.1145629882812, 310.83233642578125, 639.838134765625, 424.8470458984375]",0.9442270705912706,0.9460446225438504,0.0005226731300354004,-0.0018175519525797101,True,False,300,300,37.25290000147652,37.444400004460476
attack_01,127092,car,D:\project CS\RT-DETRv2-COCO-Attack\source_data\attack_01\clean_images\000000127092.jpg,D:\project CS\RT-DETRv2-COCO-Attack\source_data\attack_01\patched_images\000000127092.jpg,True,True,0.9359801411628723,0.9277598857879639,"[145.21337890625, 409.6068420410156, 218.76817321777344, 457.908935546875]","[145.09622192382812, 408.5602111816406, 218.72915649414062, 457.9254455566406]",0.929544250666798,0.9474559239470919,0.008220255374908447,-0.01791167328029386,True,False,300,300,36.76609999820357,36.49440000299364
attack_01,128675,person,D:\project CS\RT-DETRv2-COCO-Attack\source_data\attack_01\clean_images\000000128675.jpg,D:\project CS\RT-DETRv2-COCO-Attack\source_data\attack_01\patched_images\000000128675.jpg,True,True,0.498953640460968,0.6158230304718018,"[335.6565856933594, 308.97869873046875, 387.9608154296875, 434.1890869140625]","[334.3435974121094, 308.79638671875, 386.8095703125, 435.7309875488281]",0.868016833743405,0.83739921805676,-0.11686939001083374,0.030617615686645006,True,False,300,300,37.258500000461936,37.18170000502141
attack_01,130699,car,D:\project CS\RT-DETRv2-COCO-Attack\source_data\attack_01\clean_images\000000130699.jpg,D:\project CS\RT-DETRv2-COCO-Attack\source_data\attack_01\patched_images\000000130699.jpg,True,True,0.35450664162635803,0.4511849284172058,"[441.43939208984375, 245.53990173339844, 542.754150390625, 293.7235412597656]","[456.2417907714844, 240.86679077148438, 539.0801391601562, 279.81951904296875]",0.815132317712692,0.6800676545453516,-0.09667828679084778,0.13506466316734045,True,False,300,300,36.93139999813866,36.87960000388557
attack_01,132544,car,D:\project CS\RT-DETRv2-COCO-Attack\source_data\attack_01\clean_images\000000132544.jpg,D:\project CS\RT-DETRv2-COCO-Attack\source_data\attack_01\patched_images\000000132544.jpg,False,False,,,,,,,,,False,False,300,300,37.280700002156664,38.01229999953648
attack_01,136633,person,D:\project CS\RT-DETRv2-COCO-Attack\source_data\attack_01\clean_images\000000136633.jpg,D:\project CS\RT-DETRv2-COCO-Attack\source_data\attack_01\patched_images\000000136633.jpg,True,True,0.9459299445152283,0.944330096244812,"[11.566366195678711, 253.08798217773438, 86.79939270019531, 469.9644470214844]","[11.456016540527344, 252.9466552734375, 86.76107025146484, 470.15576171875]",0.9796865974850169,0.9802445264186929,0.0015998482704162598,-0.0005579289336760107,True,False,300,300,48.25929999788059,49.65160000574542
attack_01,140270,person,D:\project CS\RT-DETRv2-COCO-Attack\source_data\attack_01\clean_images\000000140270.jpg,D:\project CS\RT-DETRv2-COCO-Attack\source_data\attack_01\patched_images\000000140270.jpg,True,True,0.911602258682251,0.9156509637832642,"[291.2330627441406, 60.99903106689453, 352.196044921875, 225.89039611816406]","[291.1246643066406, 60.898162841796875, 352.1192626953125, 226.3091583251953]",0.9589489562445219,0.9554409613440819,-0.004048705101013184,0.00350799490044007,True,False,300,300,51.82590000185883,52.58069999399595
attack_01,144706,car,D:\project CS\RT-DETRv2-COCO-Attack\source_data\attack_01\clean_images\000000144706.jpg,D:\project CS\RT-DETRv2-COCO-Attack\source_data\attack_01\patched_images\000000144706.jpg,True,True,0.42354103922843933,0.6373677849769592,"[498.3212890625, 369.102783203125, 549.175537109375, 401.56646728515625]","[499.57891845703125, 369.271728515625, 547.90576171875, 398.15020751953125]",0.8896785054617707,0.7999830864736444,-0.2138267457485199,0.08969541898812639,True,False,300,300,54.44270000589313,54.860399999597576
attack_01,145597,person,D:\project CS\RT-DETRv2-COCO-Attack\source_data\attack_01\clean_images\000000145597.jpg,D:\project CS\RT-DETRv2-COCO-Attack\source_data\attack_01\patched_images\000000145597.jpg,True,True,0.928767204284668,0.9259302616119385,"[364.49822998046875, 122.1884994506836, 618.993408203125, 476.6385803222656]","[364.66571044921875, 121.58244323730469, 618.693603515625, 476.89111328125]",0.8825007803138528,0.8801846565937634,0.002836942672729492,0.0023161237200893803,True,False,300,300,55.267099996854085,55.39449999923818
attack_01,146667,person,D:\project CS\RT-DETRv2-COCO-Attack\source_data\attack_01\clean_images\000000146667.jpg,D:\project CS\RT-DETRv2-COCO-Attack\source_data\attack_01\patched_images\000000146667.jpg,True,True,0.9343641400337219,0.9287671446800232,"[252.29981994628906, 38.38627624511719, 443.063720703125, 291.4996032714844]","[252.35775756835938, 38.561771392822266, 442.92742919921875, 292.87847900390625]",0.8772405791631146,0.8805138354563397,0.0055969953536987305,-0.0032732562932250575,True,False,300,300,54.8858999973163,54.379399996832944
attack_01,147725,car,D:\project CS\RT-DETRv2-COCO-Attack\source_data\attack_01\clean_images\000000147725.jpg,D:\project CS\RT-DETRv2-COCO-Attack\source_data\attack_01\patched_images\000000147725.jpg,True,True,0.9463146328926086,0.9465768933296204,"[403.60565185546875, 172.6281280517578, 579.961181640625, 264.836181640625]","[403.68560791015625, 172.66879272460938, 579.85888671875, 265.02862548828125]",0.9442564676830174,0.9467651357385874,-0.00026226043701171875,-0.0025086680555700402,True,False,300,300,54.39019999903394,54.87339999672258
attack_01,148662,person,D:\project CS\RT-DETRv2-COCO-Attack\source_data\attack_01\clean_images\000000148662.jpg,D:\project CS\RT-DETRv2-COCO-Attack\source_data\attack_01\patched_images\000000148662.jpg,True,True,0.9267390966415405,0.2627725899219513,"[65.40008544921875, 0.6180095672607422, 639.01416015625, 476.1390380859375]","[67.51206970214844, -0.12172222137451172, 638.7386474609375, 477.6220397949219]",0.9615162903848882,0.9694096762360338,0.6639665067195892,-0.007893385851145629,True,False,300,300,56.00129999947967,57.00249999790685
attack_01,155341,car,D:\project CS\RT-DETRv2-COCO-Attack\source_data\attack_01\clean_images\000000155341.jpg,D:\project CS\RT-DETRv2-COCO-Attack\source_data\attack_01\patched_images\000000155341.jpg,True,True,0.9500942230224609,0.9505500793457031,"[151.56529235839844, 285.5925598144531, 394.7109680175781, 413.69781494140625]","[151.72666931152344, 285.50579833984375, 394.7720947265625, 413.5948181152344]",0.9717104698733262,0.9719808786078369,-0.0004558563232421875,-0.00027040873451067426,True,False,300,300,53.979899996193126,55.09580000216374
attack_01,156071,car,D:\project CS\RT-DETRv2-COCO-Attack\source_data\attack_01\clean_images\000000156071.jpg,D:\project CS\RT-DETRv2-COCO-Attack\source_data\attack_01\patched_images\000000156071.jpg,False,False,,,,,,,,,False,False,300,300,54.89310000120895,55.18129999836674
attack_01,157365,car,D:\project CS\RT-DETRv2-COCO-Attack\source_data\attack_01\clean_images\000000157365.jpg,D:\project CS\RT-DETRv2-COCO-Attack\source_data\attack_01\patched_images\000000157365.jpg,True,True,0.91895592212677,0.9099037051200867,"[-0.034575432538986206, 189.99713134765625, 114.12313079833984, 377.02374267578125]","[0.11279328167438507, 190.15423583984375, 116.12348937988281, 377.06146240234375]",0.8812912591051854,0.8982593597944255,0.00905221700668335,-0.01696810068924015,True,False,300,300,55.124200000136625,55.049000002327375
attack_01,158744,car,D:\project CS\RT-DETRv2-COCO-Attack\source_data\attack_01\clean_images\000000158744.jpg,D:\project CS\RT-DETRv2-COCO-Attack\source_data\attack_01\patched_images\000000158744.jpg,True,True,0.8979955911636353,0.8563068509101868,"[592.6061401367188, 92.81749725341797, 639.8743286132812, 125.12004089355469]","[592.650146484375, 92.94844055175781, 639.7589111328125, 123.98371887207031]",0.8563092509119148,0.886017664025529,0.041688740253448486,-0.029708413113614163,True,False,300,300,54.120100001455285,54.55899999651592
attack_01,160556,person,D:\project CS\RT-DETRv2-COCO-Attack\source_data\attack_01\clean_images\000000160556.jpg,D:\project CS\RT-DETRv2-COCO-Attack\source_data\attack_01\patched_images\000000160556.jpg,True,True,0.9463906288146973,0.9439393877983093,"[450.3158264160156, 79.20367431640625, 639.7838745117188, 423.1912536621094]","[450.8653564453125, 79.46771240234375, 639.8060913085938, 423.0273132324219]",0.9684088088813129,0.9699201902212998,0.0024512410163879395,-0.0015113813399869613,True,False,300,300,55.77339999581454,55.72799999936251
attack_01,161128,car,D:\project CS\RT-DETRv2-COCO-Attack\source_data\attack_01\clean_images\000000161128.jpg,D:\project CS\RT-DETRv2-COCO-Attack\source_data\attack_01\patched_images\000000161128.jpg,True,True,0.9151604771614075,0.9005234241485596,"[0.4122471511363983, 392.3002624511719, 49.69636917114258, 439.29241943359375]","[0.33968502283096313, 392.4538269042969, 49.62437438964844, 439.3797302246094]",0.9474425426542912,0.9426078146634322,0.0146370530128479,0.0048347279908589336,True,False,300,300,54.639600006339606,54.616200002783444
attack_01,166768,person,D:\project CS\RT-DETRv2-COCO-Attack\source_data\attack_01\clean_images\000000166768.jpg,D:\project CS\RT-DETRv2-COCO-Attack\source_data\attack_01\patched_images\000000166768.jpg,True,True,0.9456303119659424,0.9457876682281494,"[72.49897766113281, 18.646240234375, 425.7775573730469, 634.8681030273438]","[72.49256134033203, 18.40372085571289, 425.5621032714844, 634.5934448242188]",0.9893363363903936,0.9891471755031177,-0.00015735626220703125,0.00018916088727594094,True,False,300,300,56.36840000079246,57.60770000051707
attack_01,167122,car,D:\project CS\RT-DETRv2-COCO-Attack\source_data\attack_01\clean_images\000000167122.jpg,D:\project CS\RT-DETRv2-COCO-Attack\source_data\attack_01\patched_images\000000167122.jpg,True,True,0.7879360318183899,0.8162816166877747,"[34.2449951171875, 201.8007354736328, 635.5948486328125, 474.65380859375]","[35.384063720703125, 202.12399291992188, 635.8739013671875, 474.82916259765625]",0.9218079350953525,0.9222391718616132,-0.028345584869384766,-0.00043123676626066754,True,False,300,300,55.05869999615243,55.971399997361004
attack_01,168330,car,D:\project CS\RT-DETRv2-COCO-Attack\source_data\attack_01\clean_images\000000168330.jpg,D:\project CS\RT-DETRv2-COCO-Attack\source_data\attack_01\patched_images\000000168330.jpg,True,True,0.28648707270622253,0.5103445649147034,"[13.360746383666992, 187.68707275390625, 57.65064239501953, 226.2860565185547]","[14.475791931152344, 187.81349182128906, 57.72761535644531, 226.1123504638672]",0.8542890463687418,0.8277792953962574,-0.22385749220848083,0.026509750972484425,True,False,300,300,54.291400003421586,55.07309999666177
attack_01,170116,person,D:\project CS\RT-DETRv2-COCO-Attack\source_data\attack_01\clean_images\000000170116.jpg,D:\project CS\RT-DETRv2-COCO-Attack\source_data\attack_01\patched_images\000000170116.jpg,False,False,,,,,,,,,False,False,300,300,55.699700002151076,55.598300001292955
attack_01,174371,person,D:\project CS\RT-DETRv2-COCO-Attack\source_data\attack_01\clean_images\000000174371.jpg,D:\project CS\RT-DETRv2-COCO-Attack\source_data\attack_01\patched_images\000000174371.jpg,True,True,0.95475834608078,0.9348608255386353,"[229.88217163085938, 94.95625305175781, 639.5355834960938, 506.1097412109375]","[235.70721435546875, 95.34803009033203, 639.4078979492188, 506.0851135253906]",0.9715380206569348,0.9566916872407903,0.019897520542144775,0.014846333416144497,True,False,300,300,54.99759999656817,55.72029999893857
attack_01,177015,person,D:\project CS\RT-DETRv2-COCO-Attack\source_data\attack_01\clean_images\000000177015.jpg,D:\project CS\RT-DETRv2-COCO-Attack\source_data\attack_01\patched_images\000000177015.jpg,True,True,0.8522417545318604,0.6471462249755859,"[0.8030319213867188, 1.5528059005737305, 640.7945556640625, 476.13818359375]","[1.1697196960449219, 4.96981143951416, 640.8950805664062, 473.5568542480469]",0.9851988810663352,0.9935900071964318,0.20509552955627441,-0.008391126130096516,True,False,300,300,56.26109999866458,56.29570000019157
attack_01,181303,person,D:\project CS\RT-DETRv2-COCO-Attack\source_data\attack_01\clean_images\000000181303.jpg,D:\project CS\RT-DETRv2-COCO-Attack\source_data\attack_01\patched_images\000000181303.jpg,True,True,0.8981449007987976,0.8938074111938477,"[224.26663208007812, 85.5262222290039, 290.001220703125, 316.9901123046875]","[225.07215881347656, 89.64263916015625, 290.1543884277344, 317.1018371582031]",0.8755612197659045,0.8686517175803649,0.004337489604949951,0.006909502185539651,True,False,300,300,54.02410000533564,54.65830000321148
attack_01,183246,car,D:\project CS\RT-DETRv2-COCO-Attack\source_data\attack_01\clean_images\000000183246.jpg,D:\project CS\RT-DETRv2-COCO-Attack\source_data\attack_01\patched_images\000000183246.jpg,True,True,0.5275978446006775,0.46440625190734863,"[213.5096435546875, 0.6503701210021973, 499.6798400878906, 397.0596923828125]","[213.91082763671875, 1.1704564094543457, 499.5285949707031, 396.5771179199219]",0.9815492209609052,0.9799221265014729,0.06319159269332886,0.0016270944594323211,True,False,300,300,54.4302999987849,54.746599998907186
attack_01,183391,person,D:\project CS\RT-DETRv2-COCO-Attack\source_data\attack_01\clean_images\000000183391.jpg,D:\project CS\RT-DETRv2-COCO-Attack\source_data\attack_01\patched_images\000000183391.jpg,False,False,,,,,,,,,False,False,300,300,54.7050000022864,54.90039999858709
attack_01,184324,person,D:\project CS\RT-DETRv2-COCO-Attack\source_data\attack_01\clean_images\000000184324.jpg,D:\project CS\RT-DETRv2-COCO-Attack\source_data\attack_01\patched_images\000000184324.jpg,False,False,,,,,,,,,False,False,300,300,54.34040000545792,54.3344999969122
attack_01,186624,person,D:\project CS\RT-DETRv2-COCO-Attack\source_data\attack_01\clean_images\000000186624.jpg,D:\project CS\RT-DETRv2-COCO-Attack\source_data\attack_01\patched_images\000000186624.jpg,True,True,0.807448148727417,0.7767223715782166,"[31.822004318237305, 283.98822021484375, 102.17572021484375, 478.7984313964844]","[40.47866439819336, 283.8526611328125, 101.38385772705078, 478.7686462402344]",0.7549746089835935,0.8708108214580398,0.03072577714920044,-0.11583621247444631,True,False,300,300,55.373300005157944,55.55140000069514
attack_01,191013,car,D:\project CS\RT-DETRv2-COCO-Attack\source_data\attack_01\clean_images\000000191013.jpg,D:\project CS\RT-DETRv2-COCO-Attack\source_data\attack_01\patched_images\000000191013.jpg,True,True,0.8572730422019958,0.9347819685935974,"[44.8794059753418, 550.0415649414062, 224.6428985595703, 637.94384765625]","[44.88957595825195, 549.6416625976562, 224.4912109375, 637.9259033203125]",0.9579532264913861,0.9628329034374065,-0.07750892639160156,-0.004879676946020317,True,False,300,300,54.45699999836506,54.97360000299523
attack_01,191672,person,D:\project CS\RT-DETRv2-COCO-Attack\source_data\attack_01\clean_images\000000191672.jpg,D:\project CS\RT-DETRv2-COCO-Attack\source_data\attack_01\patched_images\000000191672.jpg,True,True,0.9358094334602356,0.9040965437889099,"[367.3495178222656, 153.39610290527344, 478.1085510253906, 251.86045837402344]","[366.8342590332031, 153.2997283935547, 476.89019775390625, 252.3524627685547]",0.8958099373068379,0.8954423457844258,0.031712889671325684,0.0003675915224120585,True,False,300,300,53.64739999640733,54.40180000005057
attack_01,192670,car,D:\project CS\RT-DETRv2-COCO-Attack\source_data\attack_01\clean_images\000000192670.jpg,D:\project CS\RT-DETRv2-COCO-Attack\source_data\attack_01\patched_images\000000192670.jpg,True,True,0.8052963614463806,0.7856295108795166,"[215.16094970703125, 94.1876449584961, 402.8923034667969, 181.15219116210938]","[217.49862670898438, 93.69058227539062, 400.8046875, 180.9134979248047]",0.9036018811576025,0.9226749899669222,0.019666850566864014,-0.019073108809319672,True,False,300,300,55.95339999854332,55.24449999938952
attack_01,192716,car,D:\project CS\RT-DETRv2-COCO-Attack\source_data\attack_01\clean_images\000000192716.jpg,D:\project CS\RT-DETRv2-COCO-Attack\source_data\attack_01\patched_images\000000192716.jpg,True,True,0.9238784909248352,0.9188485145568848,"[136.69581604003906, 595.996826171875, 234.675048828125, 639.943603515625]","[137.1798553466797, 596.2786254882812, 235.03477478027344, 639.993408203125]",0.9684957879974083,0.9646687995439261,0.0050299763679504395,0.003826988453482172,True,False,300,300,55.41909999737982,54.70700000296347
attack_01,193926,person,D:\project CS\RT-DETRv2-COCO-Attack\source_data\attack_01\clean_images\000000193926.jpg,D:\project CS\RT-DETRv2-COCO-Attack\source_data\attack_01\patched_images\000000193926.jpg,True,True,0.6471813321113586,0.47817546129226685,"[460.52984619140625, 322.58026123046875, 620.0100708007812, 458.6526184082031]","[459.3863220214844, 322.6907653808594, 620.3877563476562, 458.1137390136719]",0.7311050467798672,0.7345563644950948,0.1690058708190918,-0.003451317715227553,True,False,300,300,56.80230000143638,55.93390000285581
attack_01,195842,person,D:\project CS\RT-DETRv2-COCO-Attack\source_data\attack_01\clean_images\000000195842.jpg,D:\project CS\RT-DETRv2-COCO-Attack\source_data\attack_01\patched_images\000000195842.jpg,True,True,0.9548522233963013,0.9550409317016602,"[416.63824462890625, 49.251625061035156, 560.802490234375, 464.88336181640625]","[416.9585876464844, 49.360626220703125, 560.9627685546875, 464.7959899902344]",0.9336468156751007,0.9321695640907713,-0.00018870830535888672,0.00147725158432932,True,False,300,300,54.93019999994431,54.63999999483349
attack_01,196141,car,D:\project CS\RT-DETRv2-COCO-Attack\source_data\attack_01\clean_images\000000196141.jpg,D:\project CS\RT-DETRv2-COCO-Attack\source_data\attack_01\patched_images\000000196141.jpg,True,False,0.6931614875793457,,"[461.8298034667969, 74.12299346923828, 583.416259765625, 138.96676635742188]",,0.8911723881560055,,,,True,True,300,300,54.555799993977416,54.96349999884842
attack_01,198489,person,D:\project CS\RT-DETRv2-COCO-Attack\source_data\attack_01\clean_images\000000198489.jpg,D:\project CS\RT-DETRv2-COCO-Attack\source_data\attack_01\patched_images\000000198489.jpg,True,True,0.955801784992218,0.9554196000099182,"[107.39847564697266, 89.74359130859375, 271.6282043457031, 431.1817932128906]","[107.25894927978516, 89.88006591796875, 271.91046142578125, 431.09698486328125]",0.9451992741344957,0.9477344773345637,0.0003821849822998047,-0.002535203200068059,True,False,300,300,55.35690000397153,55.999900003371295
attack_01,199771,person,D:\project CS\RT-DETRv2-COCO-Attack\source_data\attack_01\clean_images\000000199771.jpg,D:\project CS\RT-DETRv2-COCO-Attack\source_data\attack_01\patched_images\000000199771.jpg,True,True,0.9310247302055359,0.92198646068573,"[28.387327194213867, 58.14321517944336, 229.63839721679688, 421.5904541015625]","[27.547016143798828, 57.669456481933594, 230.244140625, 420.5209045410156]",0.9356620673146675,0.9382968567646431,0.009038269519805908,-0.0026347894499756386,True,False,300,300,56.84150000161026,55.74060000071768
attack_01,201934,car,D:\project CS\RT-DETRv2-COCO-Attack\source_data\attack_01\clean_images\000000201934.jpg,D:\project CS\RT-DETRv2-COCO-Attack\source_data\attack_01\patched_images\000000201934.jpg,True,True,0.31742385029792786,0.8199948668479919,"[261.1029968261719, 160.67857360839844, 298.06597900390625, 194.57225036621094]","[276.6107482910156, 161.5349578857422, 297.5713806152344, 194.2322540283203]",0.885823877345753,0.5347199603000059,-0.5025710165500641,0.35110391704574706,True,False,300,300,54.94940000062343,55.10530000174185
attack_01,205105,person,D:\project CS\RT-DETRv2-COCO-Attack\source_data\attack_01\clean_images\000000205105.jpg,D:\project CS\RT-DETRv2-COCO-Attack\source_data\attack_01\patched_images\000000205105.jpg,True,True,0.9496356844902039,0.9500254392623901,"[143.26768493652344, 127.4615249633789, 303.00250244140625, 426.2491455078125]","[142.95916748046875, 127.41780090332031, 302.97674560546875, 426.15924072265625]",0.9840654582566983,0.985365565439272,-0.0003897547721862793,-0.0013001071825736732,True,False,300,300,54.51529999845661,54.55789999541594
attack_01,208423,car,D:\project CS\RT-DETRv2-COCO-Attack\source_data\attack_01\clean_images\000000208423.jpg,D:\project CS\RT-DETRv2-COCO-Attack\source_data\attack_01\patched_images\000000208423.jpg,True,True,0.932361900806427,0.9291239976882935,"[69.82372283935547, 438.9471435546875, 190.6746063232422, 480.3080749511719]","[69.74236297607422, 439.03863525390625, 190.74378967285156, 480.3014831542969]",0.9202883671898123,0.9195093601107203,0.003237903118133545,0.0007790070790920645,True,False,300,300,55.162600001494866,55.26320000353735
attack_01,213593,car,D:\project CS\RT-DETRv2-COCO-Attack\source_data\attack_01\clean_images\000000213593.jpg,D:\project CS\RT-DETRv2-COCO-Attack\source_data\attack_01\patched_images\000000213593.jpg,True,True,0.8103916049003601,0.6403336524963379,"[199.1753387451172, 377.3664245605469, 271.2605285644531, 425.90826416015625]","[199.0545654296875, 377.7978820800781, 271.2968444824219, 425.8034973144531]",0.9407675459545444,0.9333698964565771,0.17005795240402222,0.007397649497967285,True,False,300,300,54.388999997172505,54.80970000644447
attack_01,214200,car,D:\project CS\RT-DETRv2-COCO-Attack\source_data\attack_01\clean_images\000000214200.jpg,D:\project CS\RT-DETRv2-COCO-Attack\source_data\attack_01\patched_images\000000214200.jpg,True,True,0.9648213982582092,0.9639107584953308,"[26.959535598754883, 487.7132568359375, 427.0535583496094, 631.49462890625]","[26.885231018066406, 488.1079406738281, 426.88525390625, 631.1890258789062]",0.9603237363527243,0.9593276073144396,0.000910639762878418,0.000996129038284721,True,False,300,300,54.887300000700634,54.74039999535307
attack_01,224051,car,D:\project CS\RT-DETRv2-COCO-Attack\source_data\attack_01\clean_images\000000224051.jpg,D:\project CS\RT-DETRv2-COCO-Attack\source_data\attack_01\patched_images\000000224051.jpg,True,True,0.9413469433784485,0.942250669002533,"[235.90802001953125, 161.76161193847656, 310.1734619140625, 213.62026977539062]","[236.01791381835938, 161.83119201660156, 310.85198974609375, 213.5299835205078]",0.9172788065376689,0.9120672427685736,-0.0009037256240844727,0.005211563769095262,True,False,300,300,54.729600000428036,55.015199999616016
attack_01,224119,person,D:\project CS\RT-DETRv2-COCO-Attack\source_data\attack_01\clean_images\000000224119.jpg,D:\project CS\RT-DETRv2-COCO-Attack\source_data\attack_01\patched_images\000000224119.jpg,True,True,0.6789643168449402,0.6527881622314453,"[176.514892578125, 146.7340087890625, 241.3640594482422, 204.25962829589844]","[175.7528533935547, 146.6573028564453, 247.39088439941406, 209.38839721679688]",0.5278638535848239,0.6221584957290144,0.026176154613494873,-0.09429464214419048,True,False,300,300,55.74030000570929,55.685599996650126
attack_01,224807,person,D:\project CS\RT-DETRv2-COCO-Attack\source_data\attack_01\clean_images\000000224807.jpg,D:\project CS\RT-DETRv2-COCO-Attack\source_data\attack_01\patched_images\000000224807.jpg,False,False,,,,,,,,,False,False,300,300,55.23990000074264,55.31109999719774
attack_01,229216,person,D:\project CS\RT-DETRv2-COCO-Attack\source_data\attack_01\clean_images\000000229216.jpg,D:\project CS\RT-DETRv2-COCO-Attack\source_data\attack_01\patched_images\000000229216.jpg,True,True,0.9585122466087341,0.9623826146125793,"[122.41493225097656, 2.3412177562713623, 587.6715698242188, 423.28466796875]","[123.65238189697266, 2.5065550804138184, 588.0988159179688, 422.8997497558594]",0.931752079986285,0.9345991790240508,-0.003870368003845215,-0.00284709903776581,True,False,300,300,56.128500000340864,56.11800000042422
attack_01,229601,person,D:\project CS\RT-DETRv2-COCO-Attack\source_data\attack_01\clean_images\000000229601.jpg,D:\project CS\RT-DETRv2-COCO-Attack\source_data\attack_01\patched_images\000000229601.jpg,True,True,0.9453575015068054,0.9475122094154358,"[89.38935089111328, 74.67976379394531, 261.2504577636719, 351.5690002441406]","[88.90937805175781, 74.5522689819336, 260.87725830078125, 351.583740234375]",0.981929803979408,0.9820413084128905,-0.002154707908630371,-0.00011150443348251216,True,False,300,300,54.59110000083456,54.0843999988283
attack_01,230008,car,D:\project CS\RT-DETRv2-COCO-Attack\source_data\attack_01\clean_images\000000230008.jpg,D:\project CS\RT-DETRv2-COCO-Attack\source_data\attack_01\patched_images\000000230008.jpg,True,True,0.9417433142662048,0.9383723735809326,"[418.2174072265625, 75.81261444091797, 640.1226196289062, 312.5176086425781]","[417.8611755371094, 75.86958312988281, 640.101806640625, 312.5152282714844]",0.9164836560739595,0.9149124832388644,0.003370940685272217,0.0015711728350951137,True,False,300,300,55.15499999455642,55.84909999743104
attack_01,239537,person,D:\project CS\RT-DETRv2-COCO-Attack\source_data\attack_01\clean_images\000000239537.jpg,D:\project CS\RT-DETRv2-COCO-Attack\source_data\attack_01\patched_images\000000239537.jpg,True,True,0.9719592332839966,0.9715875387191772,"[264.275634765625, 24.20435333251953, 524.672119140625, 408.4635925292969]","[264.20184326171875, 23.970375061035156, 524.6007690429688, 408.17340087890625]",0.978697143270991,0.9793845667920439,0.00037169456481933594,-0.0006874235210528878,True,False,300,300,54.284899997583125,54.44590000115568
attack_01,245320,person,D:\project CS\RT-DETRv2-COCO-Attack\source_data\attack_01\clean_images\000000245320.jpg,D:\project CS\RT-DETRv2-COCO-Attack\source_data\attack_01\patched_images\000000245320.jpg,True,True,0.961139440536499,0.9527422785758972,"[182.82418823242188, 93.57133483886719, 381.41082763671875, 292.2391052246094]","[182.52066040039062, 93.89031219482422, 381.3542785644531, 291.6815490722656]",0.9688515424953307,0.9657765419383179,0.008397161960601807,0.003075000557012819,True,False,300,300,54.54959999769926,54.720000000088476
attack_01,246454,person,D:\project CS\RT-DETRv2-COCO-Attack\source_data\attack_01\clean_images\000000246454.jpg,D:\project CS\RT-DETRv2-COCO-Attack\source_data\attack_01\patched_images\000000246454.jpg,True,True,0.8995897769927979,0.9061309695243835,"[266.1969299316406, 14.301033020019531, 548.1270751953125, 585.769775390625]","[170.7965087890625, 14.500274658203125, 548.895751953125, 592.9634399414062]",0.6242099500466529,0.8193607714989086,-0.006541192531585693,-0.1951508214522557,True,False,300,300,55.77440000342904,56.0163999980432
attack_01,248752,person,D:\project CS\RT-DETRv2-COCO-Attack\source_data\attack_01\clean_images\000000248752.jpg,D:\project CS\RT-DETRv2-COCO-Attack\source_data\attack_01\patched_images\000000248752.jpg,True,True,0.911828875541687,0.9040557146072388,"[129.95262145996094, 78.9374008178711, 409.74456787109375, 373.4306945800781]","[128.6184844970703, 78.07473754882812, 409.1426696777344, 373.54046630859375]",0.9106428659666065,0.9063593151876159,0.007773160934448242,0.004283550778990564,True,False,300,300,55.90249999659136,55.87519999971846
attack_01,250127,person,D:\project CS\RT-DETRv2-COCO-Attack\source_data\attack_01\clean_images\000000250127.jpg,D:\project CS\RT-DETRv2-COCO-Attack\source_data\attack_01\patched_images\000000250127.jpg,True,True,0.9101063013076782,0.9091371893882751,"[240.82781982421875, 186.22589111328125, 375.78790283203125, 604.9066162109375]","[240.55560302734375, 186.1173858642578, 375.7830505371094, 604.947998046875]",0.9420621988942418,0.944164760917244,0.0009691119194030762,-0.0021025620230021858,True,False,300,300,55.116700001235586,54.99740000232123
attack_01,252294,person,D:\project CS\RT-DETRv2-COCO-Attack\source_data\attack_01\clean_images\000000252294.jpg,D:\project CS\RT-DETRv2-COCO-Attack\source_data\attack_01\patched_images\000000252294.jpg,True,True,0.2963307201862335,0.8689699172973633,"[42.23321533203125, 42.09242630004883, 234.9503631591797, 495.9143981933594]","[43.59748458862305, 41.04313278198242, 311.11138916015625, 497.1487121582031]",0.8413956062023712,0.6303622436256622,-0.5726391971111298,0.21103336257670902,True,False,300,300,56.5195999952266,56.188599999586586
attack_01,259690,car,D:\project CS\RT-DETRv2-COCO-Attack\source_data\attack_01\clean_images\000000259690.jpg,D:\project CS\RT-DETRv2-COCO-Attack\source_data\attack_01\patched_images\000000259690.jpg,True,True,0.3338141441345215,0.38272401690483093,"[495.9566955566406, 113.25399780273438, 575.5182495117188, 151.72222900390625]","[502.16632080078125, 114.08692932128906, 575.569091796875, 151.9930877685547]",0.5911948098535528,0.5319253936451417,-0.04890987277030945,0.059269416208411085,True,False,300,300,54.867100006958935,54.29100000037579
attack_01,260266,car,D:\project CS\RT-DETRv2-COCO-Attack\source_data\attack_01\clean_images\000000260266.jpg,D:\project CS\RT-DETRv2-COCO-Attack\source_data\attack_01\patched_images\000000260266.jpg,True,True,0.9185050129890442,0.9134092330932617,"[49.91440200805664, 514.7255249023438, 127.24799346923828, 552.6196899414062]","[49.941646575927734, 515.0916137695312, 127.6942138671875, 552.03125]",0.8998059403923294,0.9180831695378544,0.005095779895782471,-0.018277229145524987,True,False,300,300,54.43899999954738,54.36770000233082
attack_01,261535,person,D:\project CS\RT-DETRv2-COCO-Attack\source_data\attack_01\clean_images\000000261535.jpg,D:\project CS\RT-DETRv2-COCO-Attack\source_data\attack_01\patched_images\000000261535.jpg,True,True,0.9631530046463013,0.9605026841163635,"[198.06056213378906, 120.171875, 328.9430236816406, 558.746826171875]","[198.2070770263672, 120.32085418701172, 329.3386535644531, 558.4232788085938]",0.9439186910955959,0.9460197501855182,0.002650320529937744,-0.002101059089922308,True,False,300,300,55.17569999938132,55.211599996255245
attack_01,261982,car,D:\project CS\RT-DETRv2-COCO-Attack\source_data\attack_01\clean_images\000000261982.jpg,D:\project CS\RT-DETRv2-COCO-Attack\source_data\attack_01\patched_images\000000261982.jpg,True,True,0.31295618414878845,0.40031397342681885,"[-0.40465375781059265, 10.110960006713867, 195.283203125, 228.86807250976562]","[-0.1283244490623474, 10.034933090209961, 251.6890869140625, 227.7411651611328]",0.7527500448122872,0.9709025630602605,-0.0873577892780304,-0.21815251824797322,True,False,300,300,55.920399994647596,56.145299997297116
attack_01,266400,person,D:\project CS\RT-DETRv2-COCO-Attack\source_data\attack_01\clean_images\000000266400.jpg,D:\project CS\RT-DETRv2-COCO-Attack\source_data\attack_01\patched_images\000000266400.jpg,True,True,0.8308848142623901,0.7731428742408752,"[40.13188171386719, 0.40296676754951477, 76.17240905761719, 57.13772964477539]","[41.308536529541016, 0.0022039711475372314, 76.0049057006836, 55.22487258911133]",0.8317710256417329,0.8276430828752012,0.05774194002151489,0.0041279427665317225,True,False,300,300,55.72060000122292,55.75539999699686
attack_01,268000,person,D:\project CS\RT-DETRv2-COCO-Attack\source_data\attack_01\clean_images\000000268000.jpg,D:\project CS\RT-DETRv2-COCO-Attack\source_data\attack_01\patched_images\000000268000.jpg,True,True,0.6192925572395325,0.49807068705558777,"[600.969482421875, 186.3206787109375, 639.60498046875, 257.17132568359375]","[602.1929321289062, 187.08993530273438, 639.5288696289062, 257.3455810546875]",0.8422521735893711,0.819614567945261,0.1212218701839447,0.022637605644110104,True,False,300,300,53.94979999982752,54.69710000033956
attack_01,270677,person,D:\project CS\RT-DETRv2-COCO-Attack\source_data\attack_01\clean_images\000000270677.jpg,D:\project CS\RT-DETRv2-COCO-Attack\source_data\attack_01\patched_images\000000270677.jpg,True,True,0.9524285793304443,0.9525392055511475,"[180.6553192138672, 87.86651611328125, 454.5957336425781, 635.2177734375]","[180.3656768798828, 90.8511734008789, 454.67376708984375, 635.3160400390625]",0.9710046411865318,0.974315861755963,-0.000110626220703125,-0.003311220569431117,True,False,300,300,55.48819999967236,54.41810000047553
attack_01,274272,car,D:\project CS\RT-DETRv2-COCO-Attack\source_data\attack_01\clean_images\000000274272.jpg,D:\project CS\RT-DETRv2-COCO-Attack\source_data\attack_01\patched_images\000000274272.jpg,True,True,0.9319308996200562,0.9392260313034058,"[30.95663070678711, 387.62420654296875, 212.08709716796875, 478.79058837890625]","[32.04075622558594, 387.46368408203125, 211.75701904296875, 478.65167236328125]",0.8843600878361029,0.8804420662519207,-0.007295131683349609,0.003918021584182196,True,False,300,300,56.39620000147261,55.247699994652066
attack_01,274411,car,D:\project CS\RT-DETRv2-COCO-Attack\source_data\attack_01\clean_images\000000274411.jpg,D:\project CS\RT-DETRv2-COCO-Attack\source_data\attack_01\patched_images\000000274411.jpg,True,True,0.46169090270996094,0.5144449472427368,"[0.48373496532440186, 143.489013671875, 391.54840087890625, 378.6208801269531]","[0.8736226558685303, 144.96104431152344, 391.156494140625, 376.82843017578125]",0.6779910120300022,0.6754093162570831,-0.05275404453277588,0.0025816957729191126,True,False,300,300,56.27979999553645,56.58170000242535
attack_01,278848,car,D:\project CS\RT-DETRv2-COCO-Attack\source_data\attack_01\clean_images\000000278848.jpg,D:\project CS\RT-DETRv2-COCO-Attack\source_data\attack_01\patched_images\000000278848.jpg,True,True,0.9157015085220337,0.8294777274131775,"[437.834228515625, 351.2977294921875, 479.6220703125, 392.8294677734375]","[437.7938232421875, 351.4637451171875, 479.39178466796875, 392.7145690917969]",0.8949527594874455,0.9013014119267427,0.0862237811088562,-0.006348652439297275,True,False,300,300,55.06189999869093,55.322699998214375
attack_01,283037,car,D:\project CS\RT-DETRv2-COCO-Attack\source_data\attack_01\clean_images\000000283037.jpg,D:\project CS\RT-DETRv2-COCO-Attack\source_data\attack_01\patched_images\000000283037.jpg,True,True,0.901993989944458,0.8272140622138977,"[-0.022113896906375885, 356.855224609375, 93.43059539794922, 448.3653259277344]","[0.010113663971424103, 356.68072509765625, 93.31278228759766, 448.6535339355469]",0.9732603770817446,0.9699212182822896,0.0747799277305603,0.003339158799455011,True,False,300,300,56.08119999669725,55.513700004667044
attack_01,283038,car,D:\project CS\RT-DETRv2-COCO-Attack\source_data\attack_01\clean_images\000000283038.jpg,D:\project CS\RT-DETRv2-COCO-Attack\source_data\attack_01\patched_images\000000283038.jpg,True,True,0.890131950378418,0.8922145366668701,"[0.08318573236465454, 186.1782989501953, 47.50190734863281, 215.48452758789062]","[0.024946406483650208, 186.24134826660156, 47.53753662109375, 215.54368591308594]",0.9616993248299411,0.9636791883872305,-0.0020825862884521484,-0.0019798635572894074,True,False,300,300,54.553000001760665,54.71640000178013
attack_01,292155,person,D:\project CS\RT-DETRv2-COCO-Attack\source_data\attack_01\clean_images\000000292155.jpg,D:\project CS\RT-DETRv2-COCO-Attack\source_data\attack_01\patched_images\000000292155.jpg,True,True,0.41084524989128113,0.46645253896713257,"[462.73773193359375, 449.93255615234375, 546.787841796875, 479.8405456542969]","[463.4476013183594, 449.83258056640625, 546.6954345703125, 479.94207763671875]",0.7519326812729236,0.7587248310333398,-0.05560728907585144,-0.0067921497604161996,True,False,300,300,56.17839999467833,55.91190000268398
attack_01,292415,person,D:\project CS\RT-DETRv2-COCO-Attack\source_data\attack_01\clean_images\000000292415.jpg,D:\project CS\RT-DETRv2-COCO-Attack\source_data\attack_01\patched_images\000000292415.jpg,True,False,0.3109794855117798,,"[71.73927307128906, 126.74878692626953, 220.457275390625, 261.0638732910156]",,0.9606592388866659,,,,True,True,300,300,55.489300000772346,54.17529999976978
attack_01,292997,car,D:\project CS\RT-DETRv2-COCO-Attack\source_data\attack_01\clean_images\000000292997.jpg,D:\project CS\RT-DETRv2-COCO-Attack\source_data\attack_01\patched_images\000000292997.jpg,True,True,0.9461364150047302,0.9426320791244507,"[0.24560928344726562, 214.185546875, 189.92376708984375, 386.0328369140625]","[0.26106834411621094, 214.15902709960938, 189.89627075195312, 386.0220947265625]",0.9696845675485593,0.9696806062172102,0.003504335880279541,3.961331349056074e-06,True,False,300,300,54.40939999971306,54.68690000270726
attack_01,295420,car,D:\project CS\RT-DETRv2-COCO-Attack\source_data\attack_01\clean_images\000000295420.jpg,D:\project CS\RT-DETRv2-COCO-Attack\source_data\attack_01\patched_images\000000295420.jpg,True,True,0.9256687164306641,0.9229334592819214,"[59.46687698364258, 289.97467041015625, 91.66970825195312, 318.1191101074219]","[59.54973220825195, 289.8404846191406, 91.68270111083984, 318.1456604003906]",0.9356178211625285,0.9303265252053718,0.0027352571487426758,0.005291295957156605,True,False,300,300,54.4616000042879,53.93090000143275
attack_01,296224,car,D:\project CS\RT-DETRv2-COCO-Attack\source_data\attack_01\clean_images\000000296224.jpg,D:\project CS\RT-DETRv2-COCO-Attack\source_data\attack_01\patched_images\000000296224.jpg,True,True,0.2502341866493225,0.8019678592681885,"[0.17939090728759766, 188.07762145996094, 55.34671401977539, 221.3259735107422]","[0.18731355667114258, 172.71408081054688, 55.622406005859375, 219.3639678955078]",0.7840587877593249,0.6041897554775046,-0.551733672618866,0.17986903228182027,True,False,300,300,54.945099996984936,54.60519999905955
attack_01,297578,person,D:\project CS\RT-DETRv2-COCO-Attack\source_data\attack_01\clean_images\000000297578.jpg,D:\project CS\RT-DETRv2-COCO-Attack\source_data\attack_01\patched_images\000000297578.jpg,True,True,0.941648542881012,0.950015127658844,"[150.8019561767578, 4.739194869995117, 329.4633483886719, 279.246337890625]","[151.281005859375, 4.476471424102783, 329.3677062988281, 279.4655456542969]",0.9525059844872996,0.9539050551424556,-0.008366584777832031,-0.0013990706551559873,True,False,300,300,55.70560000342084,55.92160000378499
attack_01,301135,car,D:\project CS\RT-DETRv2-COCO-Attack\source_data\attack_01\clean_images\000000301135.jpg,D:\project CS\RT-DETRv2-COCO-Attack\source_data\attack_01\patched_images\000000301135.jpg,True,True,0.9388263821601868,0.9352594017982483,"[298.5452880859375, 347.696044921875, 409.2216491699219, 396.2380676269531]","[298.5203857421875, 347.32061767578125, 409.4149169921875, 396.11273193359375]",0.9297580781124809,0.9264181082305183,0.0035669803619384766,0.0033399698819626122,True,False,300,300,54.55629999778466,55.37120000371942
attack_01,301376,car,D:\project CS\RT-DETRv2-COCO-Attack\source_data\attack_01\clean_images\000000301376.jpg,D:\project CS\RT-DETRv2-COCO-Attack\source_data\attack_01\patched_images\000000301376.jpg,True,True,0.9138011932373047,0.9164373874664307,"[0.06889361143112183, 390.875732421875, 97.14395141601562, 476.8112487792969]","[0.05530741810798645, 390.86376953125, 97.18328094482422, 476.84466552734375]",0.946281167776826,0.9467749092333904,-0.0026361942291259766,-0.0004937414565643339,True,False,300,300,54.306100006215274,55.23159999575
attack_01,301421,car,D:\project CS\RT-DETRv2-COCO-Attack\source_data\attack_01\clean_images\000000301421.jpg,D:\project CS\RT-DETRv2-COCO-Attack\source_data\attack_01\patched_images\000000301421.jpg,True,True,0.8917089104652405,0.8137344717979431,"[296.3140869140625, 97.37311553955078, 377.584228515625, 156.26687622070312]","[296.2428283691406, 97.71070098876953, 377.43798828125, 156.1028289794922]",0.9575224341510523,0.957106742063101,0.07797443866729736,0.00041569208795133594,True,False,300,300,56.159799998567905,55.661799997324124
attack_01,308531,car,D:\project CS\RT-DETRv2-COCO-Attack\source_data\attack_01\clean_images\000000308531.jpg,D:\project CS\RT-DETRv2-COCO-Attack\source_data\attack_01\patched_images\000000308531.jpg,False,True,,0.33187243342399597,,"[297.39617919921875, 565.95361328125, 358.8798522949219, 616.6322021484375]",,0.6671530789956773,,,False,False,300,300,55.43269999907352,55.11260000639595
attack_01,327306,person,D:\project CS\RT-DETRv2-COCO-Attack\source_data\attack_01\clean_images\000000327306.jpg,D:\project CS\RT-DETRv2-COCO-Attack\source_data\attack_01\patched_images\000000327306.jpg,True,True,0.9049974679946899,0.8907320499420166,"[34.80697250366211, 0.49007534980773926, 185.53648376464844, 160.15908813476562]","[36.185394287109375, 0.5081653594970703, 185.03756713867188, 161.11990356445312]",0.9699496367860522,0.9814650470076135,0.01426541805267334,-0.011515410221561329,True,False,300,300,55.45959999290062,55.02550000528572
attack_01,328601,person,D:\project CS\RT-DETRv2-COCO-Attack\source_data\attack_01\clean_images\000000328601.jpg,D:\project CS\RT-DETRv2-COCO-Attack\source_data\attack_01\patched_images\000000328601.jpg,True,True,0.9560211896896362,0.9568836092948914,"[83.2625732421875, 13.814964294433594, 331.54815673828125, 635.9004516601562]","[83.3421401977539, 13.935565948486328, 331.3819580078125, 635.5147705078125]",0.966313700463859,0.9661344157968468,-0.000862419605255127,0.000179284667012225,True,False,300,300,55.741500000294764,55.450500003644265
attack_01,334417,person,D:\project CS\RT-DETRv2-COCO-Attack\source_data\attack_01\clean_images\000000334417.jpg,D:\project CS\RT-DETRv2-COCO-Attack\source_data\attack_01\patched_images\000000334417.jpg,True,True,0.9721413850784302,0.9729834794998169,"[96.09493255615234, 72.1644058227539, 595.4736938476562, 419.8139343261719]","[96.08726501464844, 72.12039184570312, 595.2529296875, 419.4623107910156]",0.9554367532154389,0.956064780568555,-0.0008420944213867188,-0.0006280273531161784,True,False,300,300,55.564100002811756,55.32829999719979
attack_01,334555,car,D:\project CS\RT-DETRv2-COCO-Attack\source_data\attack_01\clean_images\000000334555.jpg,D:\project CS\RT-DETRv2-COCO-Attack\source_data\attack_01\patched_images\000000334555.jpg,True,True,0.839082658290863,0.8038485050201416,"[468.63763427734375, 186.39944458007812, 579.671630859375, 260.51910400390625]","[468.81744384765625, 185.5498046875, 579.8523559570312, 260.5122985839844]",0.797739430372103,0.8068173913449807,0.035234153270721436,-0.009077960972877608,True,False,300,300,54.984299997158814,54.53490000218153
attack_01,338560,car,D:\project CS\RT-DETRv2-COCO-Attack\source_data\attack_01\clean_images\000000338560.jpg,D:\project CS\RT-DETRv2-COCO-Attack\source_data\attack_01\patched_images\000000338560.jpg,True,True,0.88559490442276,0.8626479506492615,"[57.402366638183594, 164.84840393066406, 138.2613067626953, 200.58810424804688]","[57.306148529052734, 164.81500244140625, 139.2701416015625, 200.40261840820312]",0.961617937835782,0.9453231896537783,0.022946953773498535,0.016294748182003715,True,False,300,300,54.28830000164453,54.42919999768492
attack_01,338625,car,D:\project CS\RT-DETRv2-COCO-Attack\source_data\attack_01\clean_images\000000338625.jpg,D:\project CS\RT-DETRv2-COCO-Attack\source_data\attack_01\patched_images\000000338625.jpg,True,True,0.9289235472679138,0.9263542890548706,"[8.368515968322754, 236.8473663330078, 123.45741271972656, 280.07403564453125]","[8.560590744018555, 237.0159454345703, 123.94740295410156, 280.187255859375]",0.8873515465851175,0.8864917251061974,0.002569258213043213,0.0008598214789200531,True,False,300,300,55.076099997677375,54.117899999255314
attack_01,342397,person,D:\project CS\RT-DETRv2-COCO-Attack\source_data\attack_01\clean_images\000000342397.jpg,D:\project CS\RT-DETRv2-COCO-Attack\source_data\attack_01\patched_images\000000342397.jpg,True,True,0.9520317912101746,0.9520726203918457,"[285.29718017578125, 137.1739501953125, 393.2910461425781, 318.53668212890625]","[285.2121276855469, 136.90359497070312, 393.2919616699219, 318.7326965332031]",0.9853963765870234,0.9824706089211442,-4.082918167114258e-05,0.002925767665879153,True,False,300,300,54.06220000440953,54.81780000263825
attack_01,349860,car,D:\project CS\RT-DETRv2-COCO-Attack\source_data\attack_01\clean_images\000000349860.jpg,D:\project CS\RT-DETRv2-COCO-Attack\source_data\attack_01\patched_images\000000349860.jpg,True,True,0.720844566822052,0.7707111835479736,"[351.8736572265625, 348.7009582519531, 386.40728759765625, 378.8560485839844]","[343.8634033203125, 348.4132385253906, 386.4355163574219, 378.5142822265625]",0.9214126282214329,0.8255519823960491,-0.04986661672592163,0.09586064582538378,True,False,300,300,55.22719999862602,54.257300005701836
attack_01,351823,person,D:\project CS\RT-DETRv2-COCO-Attack\source_data\attack_01\clean_images\000000351823.jpg,D:\project CS\RT-DETRv2-COCO-Attack\source_data\attack_01\patched_images\000000351823.jpg,True,True,0.9575884342193604,0.9571720361709595,"[99.17961883544922, 86.43965148925781, 309.227783203125, 598.6368408203125]","[98.34768676757812, 86.32339477539062, 309.0437927246094, 598.5953369140625]",0.988325917058161,0.9834309074457142,0.0004163980484008789,0.004895009612446821,True,False,300,300,55.816599997342564,56.595599999127444
attack_01,354753,car,D:\project CS\RT-DETRv2-COCO-Attack\source_data\attack_01\clean_images\000000354753.jpg,D:\project CS\RT-DETRv2-COCO-Attack\source_data\attack_01\patched_images\000000354753.jpg,False,False,,,,,,,,,False,False,300,300,54.5745999988867,54.39679999835789
attack_01,354829,car,D:\project CS\RT-DETRv2-COCO-Attack\source_data\attack_01\clean_images\000000354829.jpg,D:\project CS\RT-DETRv2-COCO-Attack\source_data\attack_01\patched_images\000000354829.jpg,True,True,0.9545785188674927,0.9436294436454773,"[83.46642303466797, 83.95127868652344, 371.5111083984375, 238.83895874023438]","[83.75617980957031, 83.85625457763672, 371.2873840332031, 237.75015258789062]",0.9893145365772578,0.9845487798315764,0.01094907522201538,0.00476575674568136,True,False,300,300,56.21409999730531,56.02450000151293
attack_01,356612,car,D:\project CS\RT-DETRv2-COCO-Attack\source_data\attack_01\clean_images\000000356612.jpg,D:\project CS\RT-DETRv2-COCO-Attack\source_data\attack_01\patched_images\000000356612.jpg,True,True,0.8994008898735046,0.936272144317627,"[201.70477294921875, 189.8170928955078, 324.2412109375, 286.74139404296875]","[201.46969604492188, 190.1629638671875, 323.7986755371094, 287.8723449707031]",0.9683298874317121,0.9743778188212434,-0.036871254444122314,-0.0060479313895313025,True,False,300,300,54.91499999334337,54.83000000094762
attack_01,357978,person,D:\project CS\RT-DETRv2-COCO-Attack\source_data\attack_01\clean_images\000000357978.jpg,D:\project CS\RT-DETRv2-COCO-Attack\source_data\attack_01\patched_images\000000357978.jpg,True,True,0.939895749092102,0.9395562410354614,"[155.28367614746094, 100.97674560546875, 257.300048828125, 372.89971923828125]","[154.99147033691406, 100.70259094238281, 257.4910583496094, 373.0383605957031]",0.9592328949136957,0.9632837676987044,0.000339508056640625,-0.004050872785008708,True,False,300,300,54.60480000328971,53.53810000087833
attack_01,361142,car,D:\project CS\RT-DETRv2-COCO-Attack\source_data\attack_01\clean_images\000000361142.jpg,D:\project CS\RT-DETRv2-COCO-Attack\source_data\attack_01\patched_images\000000361142.jpg,True,True,0.9523564577102661,0.9531638026237488,"[289.25665283203125, 512.924560546875, 462.8786926269531, 630.7957763671875]","[289.2125549316406, 512.7836303710938, 462.84991455078125, 630.9605712890625]",0.9581717152830344,0.9558001462478283,-0.000807344913482666,0.002371569035206078,True,False,300,300,55.857100000139326,54.25280000054045
attack_01,361506,car,D:\project CS\RT-DETRv2-COCO-Attack\source_data\attack_01\clean_images\000000361506.jpg,D:\project CS\RT-DETRv2-COCO-Attack\source_data\attack_01\patched_images\000000361506.jpg,True,True,0.7532032132148743,0.4884105324745178,"[484.5975036621094, 260.8737487792969, 567.0130004882812, 284.6396179199219]","[469.93878173828125, 261.1273498535156, 565.877197265625, 285.11517333984375]",0.7802556804783605,0.7386416446956395,0.26479268074035645,0.04161403578272094,True,False,300,300,54.937900000368245,55.015500001900364
attack_01,363188,car,D:\project CS\RT-DETRv2-COCO-Attack\source_data\attack_01\clean_images\000000363188.jpg,D:\project CS\RT-DETRv2-COCO-Attack\source_data\attack_01\patched_images\000000363188.jpg,True,True,0.5985270738601685,0.31981778144836426,"[586.53515625, 196.95016479492188, 639.8711547851562, 302.7855224609375]","[585.5008544921875, 195.26629638671875, 639.831298828125, 302.0023193359375]",0.8947284819921661,0.8580094837283333,0.2787092924118042,0.03671899826383285,True,False,300,300,55.72269999538548,54.95669999800157
attack_01,373353,car,D:\project CS\RT-DETRv2-COCO-Attack\source_data\attack_01\clean_images\000000373353.jpg,D:\project CS\RT-DETRv2-COCO-Attack\source_data\attack_01\patched_images\000000373353.jpg,False,False,,,,,,,,,False,False,300,300,55.264800001168624,54.63130000134697
attack_01,376284,car,D:\project CS\RT-DETRv2-COCO-Attack\source_data\attack_01\clean_images\000000376284.jpg,D:\project CS\RT-DETRv2-COCO-Attack\source_data\attack_01\patched_images\000000376284.jpg,True,True,0.9516893029212952,0.9499203562736511,"[71.50978088378906, 27.623966217041016, 255.96774291992188, 140.7833251953125]","[71.55296325683594, 27.57600212097168, 255.9020538330078, 140.8245391845703]",0.9609320936762318,0.9617871467939305,0.001768946647644043,-0.0008550531176987342,True,False,300,300,55.37709999771323,55.012999997416046
attack_01,376322,person,D:\project CS\RT-DETRv2-COCO-Attack\source_data\attack_01\clean_images\000000376322.jpg,D:\project CS\RT-DETRv2-COCO-Attack\source_data\attack_01\patched_images\000000376322.jpg,False,False,,,,,,,,,False,False,300,300,55.83910000132164,55.4374999992433
attack_01,378515,person,D:\project CS\RT-DETRv2-COCO-Attack\source_data\attack_01\clean_images\000000378515.jpg,D:\project CS\RT-DETRv2-COCO-Attack\source_data\attack_01\patched_images\000000378515.jpg,True,True,0.8798096776008606,0.7712353467941284,"[241.66317749023438, 231.27218627929688, 393.63983154296875, 422.09259033203125]","[241.80552673339844, 230.89048767089844, 393.04742431640625, 422.7253723144531]",0.98324815602382,0.973427308946127,0.10857433080673218,0.00982084707769304,True,False,300,300,55.63339999935124,56.09759999788366
attack_01,380913,person,D:\project CS\RT-DETRv2-COCO-Attack\source_data\attack_01\clean_images\000000380913.jpg,D:\project CS\RT-DETRv2-COCO-Attack\source_data\attack_01\patched_images\000000380913.jpg,True,True,0.9516898393630981,0.9501351118087769,"[0.05129814147949219, 152.5085906982422, 158.48880004882812, 426.23614501953125]","[0.18918514251708984, 152.51229858398438, 158.7122344970703, 426.1014709472656]",0.9718281701705513,0.9735408129340354,0.001554727554321289,-0.0017126427634840402,True,False,300,300,55.494200001703575,56.32579999655718
attack_01,384468,car,D:\project CS\RT-DETRv2-COCO-Attack\source_data\attack_01\clean_images\000000384468.jpg,D:\project CS\RT-DETRv2-COCO-Attack\source_data\attack_01\patched_images\000000384468.jpg,True,True,0.8326637148857117,0.8618494272232056,"[0.14937400817871094, 262.7630920410156, 92.33467864990234, 389.5458984375]","[0.10381698608398438, 262.8996887207031, 92.43849182128906, 389.5599670410156]",0.8391063596676505,0.8393271963630192,-0.029185712337493896,-0.0002208366953687646,True,False,300,300,55.57260000205133,55.128899999544956
attack_01,388215,person,D:\project CS\RT-DETRv2-COCO-Attack\source_data\attack_01\clean_images\000000388215.jpg,D:\project CS\RT-DETRv2-COCO-Attack\source_data\attack_01\patched_images\000000388215.jpg,True,True,0.9650443196296692,0.962252140045166,"[244.06451416015625, 92.45423126220703, 418.41168212890625, 413.0283508300781]","[243.78289794921875, 92.5133056640625, 418.0183410644531, 412.8747863769531]",0.9668808965760932,0.9634352841650365,0.002792179584503174,0.0034456124110566755,True,False,300,300,55.574400001205504,54.572599998209625
attack_01,394510,car,D:\project CS\RT-DETRv2-COCO-Attack\source_data\attack_01\clean_images\000000394510.jpg,D:\project CS\RT-DETRv2-COCO-Attack\source_data\attack_01\patched_images\000000394510.jpg,True,True,0.9577943086624146,0.9558670520782471,"[-0.07158279418945312, 0.6547951698303223, 365.86480712890625, 202.89584350585938]","[-0.016727447509765625, 0.6365561485290527, 365.6858825683594, 201.6291961669922]",0.9651846033282447,0.971955942487368,0.0019272565841674805,-0.006771339159123313,True,False,300,300,55.47569999907864,55.68940000375733
attack_01,397303,person,D:\project CS\RT-DETRv2-COCO-Attack\source_data\attack_01\clean_images\000000397303.jpg,D:\project CS\RT-DETRv2-COCO-Attack\source_data\attack_01\patched_images\000000397303.jpg,True,True,0.9478611350059509,0.9442434906959534,"[338.0753173828125, 65.53842163085938, 535.9957885742188, 458.4669189453125]","[337.49359130859375, 65.87841796875, 536.1580810546875, 458.0451354980469]",0.96262572641164,0.9641897018278915,0.0036176443099975586,-0.0015639754162515285,True,False,300,300,55.148799998278264,56.68549999973038
attack_01,397351,car,D:\project CS\RT-DETRv2-COCO-Attack\source_data\attack_01\clean_images\000000397351.jpg,D:\project CS\RT-DETRv2-COCO-Attack\source_data\attack_01\patched_images\000000397351.jpg,True,True,0.3198617994785309,0.2639559209346771,"[234.98597717285156, 20.96384620666504, 638.6221313476562, 258.6547546386719]","[238.58132934570312, 18.05133056640625, 639.6141357421875, 255.0312957763672]",0.8882261773222203,0.9221339919675773,0.05590587854385376,-0.03390781464535697,True,False,300,300,55.2763999949093,55.1326999993762
attack_01,408120,car,D:\project CS\RT-DETRv2-COCO-Attack\source_data\attack_01\clean_images\000000408120.jpg,D:\project CS\RT-DETRv2-COCO-Attack\source_data\attack_01\patched_images\000000408120.jpg,True,True,0.8136269450187683,0.7933996319770813,"[285.1871032714844, 74.47517395019531, 337.326171875, 103.48567962646484]","[288.5810546875, 74.4515609741211, 337.41973876953125, 103.49468231201172]",0.7306883012307684,0.6831544926115956,0.02022731304168701,0.04753380861917289,True,False,300,300,54.39420000038808,54.61970000033034
attack_01,410650,person,D:\project CS\RT-DETRv2-COCO-Attack\source_data\attack_01\clean_images\000000410650.jpg,D:\project CS\RT-DETRv2-COCO-Attack\source_data\attack_01\patched_images\000000410650.jpg,False,False,,,,,,,,,False,False,300,300,54.493199997523334,54.828899999847636
attack_01,412362,person,D:\project CS\RT-DETRv2-COCO-Attack\source_data\attack_01\clean_images\000000412362.jpg,D:\project CS\RT-DETRv2-COCO-Attack\source_data\attack_01\patched_images\000000412362.jpg,True,True,0.9493597149848938,0.9484347105026245,"[231.27178955078125, 107.48983764648438, 462.21173095703125, 494.8830871582031]","[231.5227508544922, 107.50679016113281, 462.2366943359375, 494.6808776855469]",0.8586207620306774,0.8581306071164063,0.0009250044822692871,0.0004901549142710682,True,False,300,300,55.79950000537792,55.363899999065325
attack_01,412531,car,D:\project CS\RT-DETRv2-COCO-Attack\source_data\attack_01\clean_images\000000412531.jpg,D:\project CS\RT-DETRv2-COCO-Attack\source_data\attack_01\patched_images\000000412531.jpg,True,True,0.9413430094718933,0.9432516694068909,"[456.16302490234375, 254.7397918701172, 638.550048828125, 356.6343688964844]","[456.1541748046875, 254.85177612304688, 638.38916015625, 356.5645751953125]",0.9611992687148163,0.9637911262597384,-0.0019086599349975586,-0.0025918575449220826,True,False,300,300,55.47409999417141,54.669400000420865
attack_01,414385,car,D:\project CS\RT-DETRv2-COCO-Attack\source_data\attack_01\clean_images\000000414385.jpg,D:\project CS\RT-DETRv2-COCO-Attack\source_data\attack_01\patched_images\000000414385.jpg,True,True,0.9104294776916504,0.9109336137771606,"[150.13925170898438, 276.34429931640625, 218.1706085205078, 327.37933349609375]","[150.0731201171875, 276.11810302734375, 218.3184814453125, 327.61297607421875]",0.9192912036290263,0.9204275399530197,-0.0005041360855102539,-0.0011363363239934587,True,False,300,300,54.39420000038808,54.61009999999078
attack_01,421060,person,D:\project CS\RT-DETRv2-COCO-Attack\source_data\attack_01\clean_images\000000421060.jpg,D:\project CS\RT-DETRv2-COCO-Attack\source_data\attack_01\patched_images\000000421060.jpg,False,False,,,,,,,,,False,False,300,300,54.20369999774266,53.98630000127014
attack_01,426372,car,D:\project CS\RT-DETRv2-COCO-Attack\source_data\attack_01\clean_images\000000426372.jpg,D:\project CS\RT-DETRv2-COCO-Attack\source_data\attack_01\patched_images\000000426372.jpg,True,True,0.28159287571907043,0.27718237042427063,"[73.99748229980469, 99.3423080444336, 204.13137817382812, 224.9425506591797]","[75.57648468017578, 98.85692596435547, 203.65753173828125, 222.7279815673828]",0.8154046986936948,0.7856827916965109,0.004410505294799805,0.02972190699718391,True,False,300,300,55.43410000245785,55.61460000171792
attack_01,427055,car,D:\project CS\RT-DETRv2-COCO-Attack\source_data\attack_01\clean_images\000000427055.jpg,D:\project CS\RT-DETRv2-COCO-Attack\source_data\attack_01\patched_images\000000427055.jpg,True,True,0.679628312587738,0.7554723024368286,"[319.6532287597656, 313.3887634277344, 365.47314453125, 341.0296630859375]","[319.60162353515625, 309.2787170410156, 365.5811767578125, 341.31365966796875]",0.8421216709810283,0.9641890307132356,-0.07584398984909058,-0.12206735973220728,True,False,300,300,54.456899997603614,55.03560000215657
attack_01,428562,person,D:\project CS\RT-DETRv2-COCO-Attack\source_data\attack_01\clean_images\000000428562.jpg,D:\project CS\RT-DETRv2-COCO-Attack\source_data\attack_01\patched_images\000000428562.jpg,True,True,0.8705583810806274,0.45482826232910156,"[20.515972137451172, 0.5626773834228516, 139.46139526367188, 161.9823760986328]","[10.740571022033691, 0.09969234466552734, 126.19264221191406, 161.09075927734375]",0.9124669955258599,0.7404308204851389,0.4157301187515259,0.172036175040721,True,False,300,300,55.947399996512104,56.09769999864511
attack_01,434459,person,D:\project CS\RT-DETRv2-COCO-Attack\source_data\attack_01\clean_images\000000434459.jpg,D:\project CS\RT-DETRv2-COCO-Attack\source_data\attack_01\patched_images\000000434459.jpg,True,True,0.9562079906463623,0.957255482673645,"[367.618408203125, 45.86768341064453, 605.8206176757812, 451.93963623046875]","[366.5591735839844, 45.68585968017578, 605.171142578125, 452.2489318847656]",0.9684038753633679,0.9703756945029077,-0.0010474920272827148,-0.00197181913953981,True,False,300,300,54.597299997112714,55.11049999768147
attack_01,436738,car,D:\project CS\RT-DETRv2-COCO-Attack\source_data\attack_01\clean_images\000000436738.jpg,D:\project CS\RT-DETRv2-COCO-Attack\source_data\attack_01\patched_images\000000436738.jpg,True,True,0.9284691214561462,0.9213628768920898,"[261.2051086425781, 346.36297607421875, 397.8448791503906, 404.85150146484375]","[261.09783935546875, 346.1958923339844, 397.5634460449219, 404.7118225097656]",0.9250576480148551,0.9258044645745837,0.0071062445640563965,-0.0007468165597285248,True,False,300,300,54.47439999989001,54.579900002863724
attack_01,438017,car,D:\project CS\RT-DETRv2-COCO-Attack\source_data\attack_01\clean_images\000000438017.jpg,D:\project CS\RT-DETRv2-COCO-Attack\source_data\attack_01\patched_images\000000438017.jpg,True,True,0.7162293791770935,0.704814076423645,"[72.48849487304688, 411.73138427734375, 120.92481231689453, 496.11431884765625]","[71.85218811035156, 409.89764404296875, 121.24217224121094, 485.3170471191406]",0.7991573375310606,0.7097723291901871,0.011415302753448486,0.08938500834087348,True,False,300,300,54.9851999967359,55.38759999762988
attack_01,442463,person,D:\project CS\RT-DETRv2-COCO-Attack\source_data\attack_01\clean_images\000000442463.jpg,D:\project CS\RT-DETRv2-COCO-Attack\source_data\attack_01\patched_images\000000442463.jpg,True,True,0.9602967500686646,0.9564675688743591,"[204.27548217773438, 247.66217041015625, 379.4588623046875, 464.855224609375]","[204.22906494140625, 247.37350463867188, 379.44891357421875, 465.6257629394531]",0.9528432026757673,0.957136783778699,0.00382918119430542,-0.004293581102931765,True,False,300,300,54.84449999494245,54.381499998271465
attack_01,442746,car,D:\project CS\RT-DETRv2-COCO-Attack\source_data\attack_01\clean_images\000000442746.jpg,D:\project CS\RT-DETRv2-COCO-Attack\source_data\attack_01\patched_images\000000442746.jpg,True,True,0.9088867902755737,0.8992288112640381,"[312.04693603515625, 130.33816528320312, 363.89410400390625, 151.2994384765625]","[311.89825439453125, 130.59738159179688, 364.0938720703125, 151.31719970703125]",0.9334038016962425,0.950158639929794,0.009657979011535645,-0.016754838233551506,True,False,300,300,54.50320000090869,54.31270000553923
attack_01,456662,person,D:\project CS\RT-DETRv2-COCO-Attack\source_data\attack_01\clean_images\000000456662.jpg,D:\project CS\RT-DETRv2-COCO-Attack\source_data\attack_01\patched_images\000000456662.jpg,True,True,0.9542322754859924,0.9517841935157776,"[228.47616577148438, 109.37189483642578, 369.8253173828125, 603.9542846679688]","[228.08059692382812, 109.50756072998047, 370.1272277832031, 603.926513671875]",0.9739645999755436,0.9695026024257937,0.0024480819702148438,0.004461997549749963,True,False,300,300,55.83570000453619,56.48310000105994
attack_01,457884,person,D:\project CS\RT-DETRv2-COCO-Attack\source_data\attack_01\clean_images\000000457884.jpg,D:\project CS\RT-DETRv2-COCO-Attack\source_data\attack_01\patched_images\000000457884.jpg,True,True,0.9219527244567871,0.94343501329422,"[284.1696472167969, 115.72992706298828, 404.53692626953125, 384.8930358886719]","[278.10906982421875, 115.03036499023438, 403.9163818359375, 384.9874267578125]",0.9314509193545711,0.9705486705472212,-0.02148228883743286,-0.03909775119265002,True,False,300,300,54.608400001598056,54.152099997736514
attack_01,460147,car,D:\project CS\RT-DETRv2-COCO-Attack\source_data\attack_01\clean_images\000000460147.jpg,D:\project CS\RT-DETRv2-COCO-Attack\source_data\attack_01\patched_images\000000460147.jpg,False,False,,,,,,,,,False,False,300,300,54.25390000164043,54.492600000230595
attack_01,464476,person,D:\project CS\RT-DETRv2-COCO-Attack\source_data\attack_01\clean_images\000000464476.jpg,D:\project CS\RT-DETRv2-COCO-Attack\source_data\attack_01\patched_images\000000464476.jpg,True,True,0.8849361538887024,0.9029006361961365,"[54.336307525634766, 56.75947570800781, 117.27200317382812, 245.2165069580078]","[53.16065216064453, 56.96988296508789, 116.93515014648438, 245.1591339111328]",0.9255940363545555,0.9385554785579744,-0.017964482307434082,-0.012961442203418883,True,False,300,300,55.610600000363775,55.23710000124993
attack_01,470952,person,D:\project CS\RT-DETRv2-COCO-Attack\source_data\attack_01\clean_images\000000470952.jpg,D:\project CS\RT-DETRv2-COCO-Attack\source_data\attack_01\patched_images\000000470952.jpg,True,True,0.9443618059158325,0.945155680179596,"[98.74195098876953, 33.982906341552734, 311.5194091796875, 567.5186767578125]","[98.85733795166016, 34.09065246582031, 311.65093994140625, 566.7284545898438]",0.9008459756325801,0.9004162121872632,-0.0007938742637634277,0.0004297634453168664,True,False,300,300,55.56349999824306,55.41079999966314
attack_01,474078,person,D:\project CS\RT-DETRv2-COCO-Attack\source_data\attack_01\clean_images\000000474078.jpg,D:\project CS\RT-DETRv2-COCO-Attack\source_data\attack_01\patched_images\000000474078.jpg,True,True,0.9414947628974915,0.9269211888313293,"[124.380126953125, 272.9765930175781, 273.85638427734375, 461.3827209472656]","[124.63835906982422, 272.9722595214844, 273.4040832519531, 461.3743896484375]",0.9253917100872171,0.9241662427832374,0.01457357406616211,0.0012254673039796549,True,False,300,300,54.07859999831999,54.979499996989034
attack_01,475484,car,D:\project CS\RT-DETRv2-COCO-Attack\source_data\attack_01\clean_images\000000475484.jpg,D:\project CS\RT-DETRv2-COCO-Attack\source_data\attack_01\patched_images\000000475484.jpg,True,True,0.8281543254852295,0.7833166122436523,"[142.7692413330078, 337.2472839355469, 270.28985595703125, 388.6221008300781]","[141.86033630371094, 337.10504150390625, 270.3900451660156, 388.7716064453125]",0.9652967985089451,0.973116724020035,0.04483771324157715,-0.007819925511089898,True,False,300,300,54.32879999716533,54.722799999581184
attack_01,476119,car,D:\project CS\RT-DETRv2-COCO-Attack\source_data\attack_01\clean_images\000000476119.jpg,D:\project CS\RT-DETRv2-COCO-Attack\source_data\attack_01\patched_images\000000476119.jpg,True,True,0.9471677541732788,0.44052767753601074,"[242.9916534423828, 79.59326171875, 444.4180908203125, 198.3469696044922]","[242.75917053222656, 79.33007049560547, 444.1719970703125, 197.34048461914062]",0.9585397325809647,0.9707641265244096,0.5066400766372681,-0.012224393943444878,True,False,300,300,54.82050000136951,54.942800001299474
attack_01,492284,person,D:\project CS\RT-DETRv2-COCO-Attack\source_data\attack_01\clean_images\000000492284.jpg,D:\project CS\RT-DETRv2-COCO-Attack\source_data\attack_01\patched_images\000000492284.jpg,True,True,0.9110947847366333,0.8874676823616028,"[356.704833984375, 16.61484718322754, 544.9388427734375, 476.0732116699219]","[356.04010009765625, 16.08251190185547, 548.5374755859375, 476.01568603515625]",0.7633069145560335,0.7754582288618329,0.023627102375030518,-0.01215131430579941,True,False,300,300,55.550599994603544,55.12100000487408
attack_01,495732,person,D:\project CS\RT-DETRv2-COCO-Attack\source_data\attack_01\clean_images\000000495732.jpg,D:\project CS\RT-DETRv2-COCO-Attack\source_data\attack_01\patched_images\000000495732.jpg,True,True,0.9673238396644592,0.9659876823425293,"[194.1330108642578, 134.09384155273438, 426.4975891113281, 558.2207641601562]","[194.28829956054688, 134.0159912109375, 426.574951171875, 558.3577270507812]",0.9662218632358649,0.967665169841152,0.0013361573219299316,-0.0014433066052871313,True,False,300,300,54.582400000072084,54.71630000101868
attack_01,498032,person,D:\project CS\RT-DETRv2-COCO-Attack\source_data\attack_01\clean_images\000000498032.jpg,D:\project CS\RT-DETRv2-COCO-Attack\source_data\attack_01\patched_images\000000498032.jpg,True,True,0.940337598323822,0.9489951133728027,"[139.0823211669922, 103.73136138916016, 451.1711120605469, 459.6339416503906]","[138.97195434570312, 102.59007263183594, 452.1110534667969, 459.64105224609375]",0.9538411851374038,0.9475842880608323,-0.008657515048980713,0.00625689707657151,True,False,300,300,55.28939999931026,55.291100004978944
attack_01,499181,car,D:\project CS\RT-DETRv2-COCO-Attack\source_data\attack_01\clean_images\000000499181.jpg,D:\project CS\RT-DETRv2-COCO-Attack\source_data\attack_01\patched_images\000000499181.jpg,True,True,0.9459702968597412,0.9463309645652771,"[19.799461364746094, 392.0069580078125, 193.0994873046875, 475.87847900390625]","[19.782352447509766, 391.9682922363281, 193.12429809570312, 475.8048095703125]",0.9298625488655089,0.9295223900264225,-0.00036066770553588867,0.0003401588390864463,True,False,300,300,55.04300000029616,54.730199997720774
attack_01,500613,car,D:\project CS\RT-DETRv2-COCO-Attack\source_data\attack_01\clean_images\000000500613.jpg,D:\project CS\RT-DETRv2-COCO-Attack\source_data\attack_01\patched_images\000000500613.jpg,True,True,0.5740397572517395,0.3996627628803253,"[576.1516723632812, 204.80030822753906, 640.047607421875, 284.4336242675781]","[576.380859375, 205.0695037841797, 639.9755249023438, 284.71490478515625]",0.7270117414906481,0.7202078700621628,0.17437699437141418,0.006803871428485264,True,False,300,300,54.38339999818709,54.649600002449006
attack_01,504415,car,D:\project CS\RT-DETRv2-COCO-Attack\source_data\attack_01\clean_images\000000504415.jpg,D:\project CS\RT-DETRv2-COCO-Attack\source_data\attack_01\patched_images\000000504415.jpg,True,True,0.9194306135177612,0.9188116788864136,"[78.9944076538086, 178.09483337402344, 281.8817138671875, 239.88916015625]","[79.06582641601562, 178.24649047851562, 282.3544921875, 239.80853271484375]",0.9310018231783339,0.9344645733235195,0.0006189346313476562,-0.0034627501451856,True,False,300,300,54.367299999285024,54.15779999748338
attack_01,505942,car,D:\project CS\RT-DETRv2-COCO-Attack\source_data\attack_01\clean_images\000000505942.jpg,D:\project CS\RT-DETRv2-COCO-Attack\source_data\attack_01\patched_images\000000505942.jpg,True,True,0.3786602020263672,0.3142280578613281,"[458.4571533203125, 169.90428161621094, 500.00787353515625, 211.09957885742188]","[458.8464050292969, 157.3235321044922, 500.0452880859375, 213.8904266357422]",0.7277469084984791,0.7403155015973684,0.06443214416503906,-0.012568593098889247,True,False,300,300,54.91069999698084,54.836600000271574
attack_01,511999,car,D:\project CS\RT-DETRv2-COCO-Attack\source_data\attack_01\clean_images\000000511999.jpg,D:\project CS\RT-DETRv2-COCO-Attack\source_data\attack_01\patched_images\000000511999.jpg,True,True,0.9300225377082825,0.9300867915153503,"[523.7545166015625, 213.15281677246094, 605.2234497070312, 274.9461975097656]","[523.8573608398438, 213.0751953125, 605.2008666992188, 274.79864501953125]",0.9749599633957445,0.9747965612072824,-6.42538070678711e-05,0.00016340218846211396,True,False,300,300,54.64449999999488,54.58850000286475
attack_01,513580,person,D:\project CS\RT-DETRv2-COCO-Attack\source_data\attack_01\clean_images\000000513580.jpg,D:\project CS\RT-DETRv2-COCO-Attack\source_data\attack_01\patched_images\000000513580.jpg,True,True,0.8548478484153748,0.8573421835899353,"[148.74874877929688, 282.3325500488281, 212.40806579589844, 374.2779846191406]","[148.819091796875, 282.27777099609375, 212.26971435546875, 373.1155700683594]",0.9165058115559144,0.9107447643302711,-0.002494335174560547,0.005761047225643301,True,False,300,300,54.856099995959084,56.12130000372417
attack_01,515025,car,D:\project CS\RT-DETRv2-COCO-Attack\source_data\attack_01\clean_images\000000515025.jpg,D:\project CS\RT-DETRv2-COCO-Attack\source_data\attack_01\patched_images\000000515025.jpg,True,True,0.6454352140426636,0.5339075922966003,"[416.6341552734375, 113.03993225097656, 528.8217163085938, 159.2274932861328]","[416.27105712890625, 112.41620635986328, 524.3145751953125, 160.668212890625]",0.9337514094022403,0.9280832006809843,0.11152762174606323,0.005668208721256063,True,False,300,300,55.40179999661632,55.25070000294363
attack_01,516038,person,D:\project CS\RT-DETRv2-COCO-Attack\source_data\attack_01\clean_images\000000516038.jpg,D:\project CS\RT-DETRv2-COCO-Attack\source_data\attack_01\patched_images\000000516038.jpg,True,True,0.95636385679245,0.9566249847412109,"[53.94984436035156, 224.22897338867188, 209.5245819091797, 435.78094482421875]","[54.18520736694336, 224.38201904296875, 209.5965118408203, 435.65069580078125]",0.9642604112940871,0.9665688004494425,-0.00026112794876098633,-0.0023083891553553615,True,False,300,300,54.309499995724764,53.9543999984744
attack_01,521259,person,D:\project CS\RT-DETRv2-COCO-Attack\source_data\attack_01\clean_images\000000521259.jpg,D:\project CS\RT-DETRv2-COCO-Attack\source_data\attack_01\patched_images\000000521259.jpg,True,True,0.9602580666542053,0.9608116149902344,"[45.22686004638672, 29.793853759765625, 267.621337890625, 453.2759704589844]","[45.23796844482422, 30.016630172729492, 267.42864990234375, 453.2956237792969]",0.9401437561408591,0.939837853221941,-0.0005535483360290527,0.0003059029189180773,True,False,300,300,54.16780000086874,53.88169999787351
attack_01,526392,car,D:\project CS\RT-DETRv2-COCO-Attack\source_data\attack_01\clean_images\000000526392.jpg,D:\project CS\RT-DETRv2-COCO-Attack\source_data\attack_01\patched_images\000000526392.jpg,True,True,0.8965064287185669,0.8563317656517029,"[145.79202270507812, 178.70188903808594, 449.91845703125, 332.57781982421875]","[145.1467742919922, 178.46913146972656, 450.79559326171875, 332.5599365234375]",0.9224821789459828,0.9233617343993645,0.040174663066864014,-0.0008795554533816974,True,False,300,300,55.49330000212649,55.33309999736957
attack_01,529148,person,D:\project CS\RT-DETRv2-COCO-Attack\source_data\attack_01\clean_images\000000529148.jpg,D:\project CS\RT-DETRv2-COCO-Attack\source_data\attack_01\patched_images\000000529148.jpg,True,True,0.5786358118057251,0.2674529254436493,"[454.51422119140625, 71.23007202148438, 640.0202026367188, 419.8451843261719]","[453.3360290527344, 135.0408935546875, 640.2203979492188, 352.69683837890625]",0.7682355379564416,0.7309559122844176,0.3111828863620758,0.03727962567202403,True,False,300,300,55.838100000983104,55.054599994036835
attack_01,530099,car,D:\project CS\RT-DETRv2-COCO-Attack\source_data\attack_01\clean_images\000000530099.jpg,D:\project CS\RT-DETRv2-COCO-Attack\source_data\attack_01\patched_images\000000530099.jpg,True,True,0.6231769919395447,0.7306065559387207,"[101.214599609375, 234.12564086914062, 500.1798400878906, 373.537109375]","[100.86731719970703, 234.3011016845703, 499.7757568359375, 373.62188720703125]",0.9333384312167282,0.9340789202586333,-0.10742956399917603,-0.0007404890419050458,True,False,300,300,55.25540000235196,55.818699998781085
attack_01,530820,person,D:\project CS\RT-DETRv2-COCO-Attack\source_data\attack_01\clean_images\000000530820.jpg,D:\project CS\RT-DETRv2-COCO-Attack\source_data\attack_01\patched_images\000000530820.jpg,True,True,0.9484031796455383,0.9594670534133911,"[250.66790771484375, 11.928244590759277, 445.8312683105469, 425.552490234375]","[250.57540893554688, 11.793471336364746, 446.79833984375, 425.5619812011719]",0.9675961437848539,0.9716888480113185,-0.011063873767852783,-0.004092704226464572,True,False,300,300,54.792599999927916,54.51049999828683
attack_01,533816,person,D:\project CS\RT-DETRv2-COCO-Attack\source_data\attack_01\clean_images\000000533816.jpg,D:\project CS\RT-DETRv2-COCO-Attack\source_data\attack_01\patched_images\000000533816.jpg,True,True,0.9477553367614746,0.9317854046821594,"[263.5093688964844, 119.37725067138672, 373.42449951171875, 405.15997314453125]","[263.65533447265625, 119.0594711303711, 373.2010192871094, 405.15081787109375]",0.9760621126468186,0.9764501768569497,0.015969932079315186,-0.000388064210131045,True,False,300,300,54.77509999764152,55.385799998475704
attack_01,534394,car,D:\project CS\RT-DETRv2-COCO-Attack\source_data\attack_01\clean_images\000000534394.jpg,D:\project CS\RT-DETRv2-COCO-Attack\source_data\attack_01\patched_images\000000534394.jpg,True,True,0.6602512001991272,0.7281690835952759,"[0.1319742202758789, 228.0512237548828, 82.19377136230469, 344.83746337890625]","[0.17305374145507812, 227.2241973876953, 84.93063354492188, 343.890625]",0.8512426500112843,0.8802082034213875,-0.06791788339614868,-0.028965553410103206,True,False,300,300,55.20609999803128,54.05439999594819
attack_01,535608,person,D:\project CS\RT-DETRv2-COCO-Attack\source_data\attack_01\clean_images\000000535608.jpg,D:\project CS\RT-DETRv2-COCO-Attack\source_data\attack_01\patched_images\000000535608.jpg,True,True,0.8141773343086243,0.8338192105293274,"[451.4291076660156, 178.40481567382812, 498.69854736328125, 208.21974182128906]","[451.57110595703125, 178.0795135498047, 498.7704772949219, 208.18179321289062]",0.8430627548203602,0.8552851853687518,-0.019641876220703125,-0.01222243054839156,True,False,300,300,54.15609999909066,53.94759999762755
attack_01,549055,person,D:\project CS\RT-DETRv2-COCO-Attack\source_data\attack_01\clean_images\000000549055.jpg,D:\project CS\RT-DETRv2-COCO-Attack\source_data\attack_01\patched_images\000000549055.jpg,True,True,0.9275854825973511,0.9013704657554626,"[315.8537902832031, 120.14155578613281, 470.7780456542969, 292.6358642578125]","[313.77947998046875, 120.32488250732422, 470.23358154296875, 292.8833312988281]",0.9741668653956489,0.9665153017091117,0.026215016841888428,0.007651563686537188,True,False,300,300,55.65970000316156,55.66800000087824
attack_01,549930,person,D:\project CS\RT-DETRv2-COCO-Attack\source_data\attack_01\clean_images\000000549930.jpg,D:\project CS\RT-DETRv2-COCO-Attack\source_data\attack_01\patched_images\000000549930.jpg,True,True,0.95704185962677,0.9575501084327698,"[82.2464828491211, 159.87240600585938, 297.0125732421875, 553.9312744140625]","[82.40314483642578, 159.8859100341797, 297.01373291015625, 553.9202270507812]",0.9741408970771879,0.9734252401969731,-0.0005082488059997559,0.0007156568802147989,True,False,300,300,54.34609999792883,54.93990000104532
attack_01,553669,car,D:\project CS\RT-DETRv2-COCO-Attack\source_data\attack_01\clean_images\000000553669.jpg,D:\project CS\RT-DETRv2-COCO-Attack\source_data\attack_01\patched_images\000000553669.jpg,True,True,0.747631311416626,0.7233368158340454,"[243.33642578125, 102.89656829833984, 402.98968505859375, 144.88943481445312]","[243.0469512939453, 102.55490112304688, 402.6719665527344, 144.42428588867188]",0.9310507416241359,0.9335651333155648,0.024294495582580566,-0.0025143916914288633,True,False,300,300,55.081399994378444,55.30840000574244
attack_01,555050,car,D:\project CS\RT-DETRv2-COCO-Attack\source_data\attack_01\clean_images\000000555050.jpg,D:\project CS\RT-DETRv2-COCO-Attack\source_data\attack_01\patched_images\000000555050.jpg,True,True,0.9516645669937134,0.9549046158790588,"[1.2373552322387695, 177.65834045410156, 237.11106872558594, 269.843505859375]","[1.441396713256836, 177.73281860351562, 237.1172332763672, 269.762939453125]",0.978509953339468,0.9776964622242994,-0.003240048885345459,0.0008134911151685964,True,False,300,300,54.69679999805521,55.92810000234749
attack_01,555597,car,D:\project CS\RT-DETRv2-COCO-Attack\source_data\attack_01\clean_images\000000555597.jpg,D:\project CS\RT-DETRv2-COCO-Attack\source_data\attack_01\patched_images\000000555597.jpg,True,True,0.938733696937561,0.9420942664146423,"[184.05563354492188, 424.08416748046875, 442.0025329589844, 508.4967346191406]","[183.9503173828125, 424.14581298828125, 442.0040588378906, 508.5631103515625]",0.9661145760593701,0.9657800198797569,-0.003360569477081299,0.00033455617961319906,True,False,300,300,54.76739999721758,54.28679999749875
attack_01,560474,person,D:\project CS\RT-DETRv2-COCO-Attack\source_data\attack_01\clean_images\000000560474.jpg,D:\project CS\RT-DETRv2-COCO-Attack\source_data\attack_01\patched_images\000000560474.jpg,True,False,0.5373377799987793,,"[255.35560607910156, 262.9942321777344, 348.7261657714844, 431.7847595214844]",,0.712830095650133,,,,True,True,300,300,55.922599996847566,55.482199997641146
attack_01,561679,car,D:\project CS\RT-DETRv2-COCO-Attack\source_data\attack_01\clean_images\000000561679.jpg,D:\project CS\RT-DETRv2-COCO-Attack\source_data\attack_01\patched_images\000000561679.jpg,True,True,0.6512424349784851,0.5116902589797974,"[245.759521484375, 322.7134094238281, 294.2679443359375, 350.65118408203125]","[245.7015838623047, 323.0542297363281, 293.5269470214844, 351.2845153808594]",0.9124274173127334,0.9158698079688685,0.13955217599868774,-0.0034423906561351636,True,False,300,300,55.034200006048195,55.45049999636831
attack_01,563653,car,D:\project CS\RT-DETRv2-COCO-Attack\source_data\attack_01\clean_images\000000563653.jpg,D:\project CS\RT-DETRv2-COCO-Attack\source_data\attack_01\patched_images\000000563653.jpg,True,True,0.9391916394233704,0.9335878491401672,"[516.89990234375, 253.33621215820312, 617.5162963867188, 297.9051513671875]","[517.1062622070312, 253.2198944091797, 617.2142333984375, 297.858154296875]",0.966046765820283,0.9665406001374965,0.005603790283203125,-0.000493834317213504,True,False,300,300,54.38770000182558,54.081200003565755
attack_01,565563,car,D:\project CS\RT-DETRv2-COCO-Attack\source_data\attack_01\clean_images\000000565563.jpg,D:\project CS\RT-DETRv2-COCO-Attack\source_data\attack_01\patched_images\000000565563.jpg,True,True,0.8596838116645813,0.7265156507492065,"[80.85188293457031, 224.91195678710938, 220.73316955566406, 332.7590026855469]","[80.99882507324219, 224.98550415039062, 220.02809143066406, 332.8612060546875]",0.842540181457177,0.8474783809253618,0.13316816091537476,-0.004938199468184745,True,False,300,300,54.28289999690605,54.37340000207769
attack_01,565853,person,D:\project CS\RT-DETRv2-COCO-Attack\source_data\attack_01\clean_images\000000565853.jpg,D:\project CS\RT-DETRv2-COCO-Attack\source_data\attack_01\patched_images\000000565853.jpg,True,True,0.8987314105033875,0.8251867890357971,"[153.27052307128906, 108.70610809326172, 271.1861267089844, 372.6443176269531]","[153.95054626464844, 108.7943115234375, 271.0563049316406, 339.8045654296875]",0.8390257666775154,0.9602195184520539,0.07354462146759033,-0.1211937517745385,True,False,300,300,55.42820000118809,56.3043000001926
attack_01,566758,car,D:\project CS\RT-DETRv2-COCO-Attack\source_data\attack_01\clean_images\000000566758.jpg,D:\project CS\RT-DETRv2-COCO-Attack\source_data\attack_01\patched_images\000000566758.jpg,True,True,0.6077867150306702,0.5323176980018616,"[536.0113525390625, 177.78282165527344, 638.0101318359375, 228.66357421875]","[537.2831420898438, 177.8752899169922, 637.8539428710938, 228.70779418945312]",0.8907268655579705,0.9009006132323283,0.0754690170288086,-0.010173747674357747,True,False,300,300,54.534299997612834,54.625500000838656
attack_01,569030,car,D:\project CS\RT-DETRv2-COCO-Attack\source_data\attack_01\clean_images\000000569030.jpg,D:\project CS\RT-DETRv2-COCO-Attack\source_data\attack_01\patched_images\000000569030.jpg,True,True,0.8435845971107483,0.8132649064064026,"[426.2797546386719, 117.23589324951172, 477.2079772949219, 154.80599975585938]","[426.5199890136719, 117.28175354003906, 477.4054260253906, 155.0821990966797]",0.9726427177225435,0.9723714199290338,0.030319690704345703,0.0002712977935097616,True,False,300,300,54.4984999942244,55.00880000181496
attack_01,575243,car,D:\project CS\RT-DETRv2-COCO-Attack\source_data\attack_01\clean_images\000000575243.jpg,D:\project CS\RT-DETRv2-COCO-Attack\source_data\attack_01\patched_images\000000575243.jpg,True,True,0.9309507012367249,0.9371031522750854,"[523.91796875, 128.60641479492188, 640.1134643554688, 355.32000732421875]","[523.9456787109375, 127.96327209472656, 640.0668334960938, 352.8172302246094]",0.9661759591116609,0.9581311222962866,-0.006152451038360596,0.008044836815374268,True,False,300,300,56.48949999886099,55.601100000785664
attack_01,577932,car,D:\project CS\RT-DETRv2-COCO-Attack\source_data\attack_01\clean_images\000000577932.jpg,D:\project CS\RT-DETRv2-COCO-Attack\source_data\attack_01\patched_images\000000577932.jpg,True,True,0.9426806569099426,0.9428912401199341,"[500.32135009765625, 255.8054656982422, 639.8167724609375, 538.6180419921875]","[500.2222900390625, 255.71343994140625, 639.6669311523438, 538.905029296875]",0.9207866020790506,0.9198894159962127,-0.00021058320999145508,0.000897186082837953,True,False,300,300,54.36570000165375,54.75440000009257
attack_01,577976,car,D:\project CS\RT-DETRv2-COCO-Attack\source_data\attack_01\clean_images\000000577976.jpg,D:\project CS\RT-DETRv2-COCO-Attack\source_data\attack_01\patched_images\000000577976.jpg,True,True,0.9180713295936584,0.9131537079811096,"[0.1012277603149414, 274.8137512207031, 91.79788208007812, 307.85797119140625]","[0.1996755599975586, 274.85162353515625, 91.70997619628906, 307.923095703125]",0.8448641748704918,0.8426028864972718,0.004917621612548828,0.0022612883732200384,True,False,300,300,54.39329999353504,54.34919999970589
attack_01,578545,person,D:\project CS\RT-DETRv2-COCO-Attack\source_data\attack_01\clean_images\000000578545.jpg,D:\project CS\RT-DETRv2-COCO-Attack\source_data\attack_01\patched_images\000000578545.jpg,True,True,0.9355852603912354,0.917832612991333,"[183.15310668945312, 92.67440795898438, 395.08642578125, 373.19195556640625]","[183.57070922851562, 92.7793960571289, 400.9901428222656, 372.8343200683594]",0.9477590322609062,0.9706892764250097,0.017752647399902344,-0.022930244164103497,True,False,300,300,56.46790000173496,57.6470000014524
attack_01,578871,person,D:\project CS\RT-DETRv2-COCO-Attack\source_data\attack_01\clean_images\000000578871.jpg,D:\project CS\RT-DETRv2-COCO-Attack\source_data\attack_01\patched_images\000000578871.jpg,True,True,0.9605211615562439,0.9621431827545166,"[72.2998275756836, 2.6617431640625, 298.18865966796875, 292.65081787109375]","[72.11711120605469, 2.1574783325195312, 298.63311767578125, 293.13043212890625]",0.9461909680612848,0.9466708591986678,-0.001622021198272705,-0.00047989113738300393,True,False,300,300,56.09540000295965,56.418899999698624
