attack_id,image_id,target_class,clean_image,patched_image,clean_detected,patched_detected,clean_confidence,patched_confidence,clean_bbox,patched_bbox,clean_iou,patched_iou,confidence_drop,iou_drop,eligible,attack_success,clean_prediction_count,patched_prediction_count,inference_time_ms_clean,inference_time_ms_patched
attack_02,1296,person,D:\project CS\RT-DETRv2-COCO-Attack\source_data\attack_02\clean_images\000000001296.jpg,D:\project CS\RT-DETRv2-COCO-Attack\source_data\attack_02\patched_images\000000001296.jpg,True,True,0.9690943956375122,0.9687143564224243,"[1.1976563930511475, 6.564998626708984, 427.7869567871094, 634.7689208984375]","[1.798825979232788, 7.624683380126953, 427.2181701660156, 634.8927001953125]",0.9749134197738852,0.9761317426917653,0.0003800392150878906,-0.0012183229178800437,True,False,300,300,56.51729999954114,56.1362000007648
attack_02,1353,person,D:\project CS\RT-DETRv2-COCO-Attack\source_data\attack_02\clean_images\000000001353.jpg,D:\project CS\RT-DETRv2-COCO-Attack\source_data\attack_02\patched_images\000000001353.jpg,True,True,0.8550964593887329,0.7119406461715698,"[139.69314575195312, 180.73362731933594, 264.6055908203125, 377.7132568359375]","[140.770263671875, 180.5114288330078, 263.8416748046875, 377.7506408691406]",0.8695319205290526,0.8570488359511292,0.14315581321716309,0.012483084577923353,True,False,300,300,55.697800002235454,55.73060000460828
attack_02,1532,car,D:\project CS\RT-DETRv2-COCO-Attack\source_data\attack_02\clean_images\000000001532.jpg,D:\project CS\RT-DETRv2-COCO-Attack\source_data\attack_02\patched_images\000000001532.jpg,True,True,0.9160691499710083,0.931604266166687,"[223.55413818359375, 356.657958984375, 423.3026123046875, 478.8628234863281]","[223.52642822265625, 356.73681640625, 423.4497375488281, 478.8667297363281]",0.929362057080753,0.9291811215067461,-0.015535116195678711,0.00018093557400689075,True,False,300,300,54.30749999504769,54.6228000021074
attack_02,5001,person,D:\project CS\RT-DETRv2-COCO-Attack\source_data\attack_02\clean_images\000000005001.jpg,D:\project CS\RT-DETRv2-COCO-Attack\source_data\attack_02\patched_images\000000005001.jpg,True,True,0.9033454060554504,0.8711279034614563,"[362.5067138671875, 93.80594635009766, 522.0123901367188, 475.092041015625]","[358.8587646484375, 93.76284790039062, 521.9422607421875, 475.2095947265625]",0.9127541634170698,0.9341614711232444,0.03221750259399414,-0.021407307706174605,True,False,300,300,55.750500003341585,56.602000004204456
attack_02,5193,person,D:\project CS\RT-DETRv2-COCO-Attack\source_data\attack_02\clean_images\000000005193.jpg,D:\project CS\RT-DETRv2-COCO-Attack\source_data\attack_02\patched_images\000000005193.jpg,True,True,0.9452285170555115,0.9475350379943848,"[0.44714927673339844, 84.19218444824219, 227.6295166015625, 421.7162170410156]","[0.6877803802490234, 83.75431823730469, 225.40428161621094, 421.6617126464844]",0.9342703567695676,0.9434507442556298,-0.002306520938873291,-0.009180387486062203,True,False,300,300,55.69900000409689,55.75120000139577
attack_02,9590,person,D:\project CS\RT-DETRv2-COCO-Attack\source_data\attack_02\clean_images\000000009590.jpg,D:\project CS\RT-DETRv2-COCO-Attack\source_data\attack_02\patched_images\000000009590.jpg,True,True,0.9377198219299316,0.9368317723274231,"[0.3024864196777344, 58.28754806518555, 243.58885192871094, 421.4164123535156]","[0.24977684020996094, 58.12293243408203, 243.41799926757812, 420.7580871582031]",0.9437048525329513,0.9433069524333395,0.0008880496025085449,0.0003979000996118254,True,False,300,300,55.230400001164526,55.65719999867724
attack_02,12120,person,D:\project CS\RT-DETRv2-COCO-Attack\source_data\attack_02\clean_images\000000012120.jpg,D:\project CS\RT-DETRv2-COCO-Attack\source_data\attack_02\patched_images\000000012120.jpg,False,False,,,,,,,,,False,False,300,300,54.51049999828683,53.982400000677444
attack_02,15338,car,D:\project CS\RT-DETRv2-COCO-Attack\source_data\attack_02\clean_images\000000015338.jpg,D:\project CS\RT-DETRv2-COCO-Attack\source_data\attack_02\patched_images\000000015338.jpg,True,True,0.4380539059638977,0.2731645405292511,"[0.18478870391845703, 187.82080078125, 32.61265182495117, 216.62054443359375]","[0.9008455276489258, 188.258056640625, 31.72189712524414, 215.7352294921875]",0.9034439506563378,0.8724295763847053,0.1648893654346466,0.03101437427163245,True,False,300,300,53.7795999989612,56.36260000028415
attack_02,17207,car,D:\project CS\RT-DETRv2-COCO-Attack\source_data\attack_02\clean_images\000000017207.jpg,D:\project CS\RT-DETRv2-COCO-Attack\source_data\attack_02\patched_images\000000017207.jpg,True,True,0.4261917471885681,0.3037964403629303,"[481.6164855957031, 79.95928192138672, 639.9903564453125, 321.17889404296875]","[482.3324279785156, 79.67778778076172, 639.9865112304688, 321.2803955078125]",0.9667262789208877,0.9662832180994968,0.12239530682563782,0.00044306082139089487,True,False,300,300,54.94639999960782,55.87770000420278
attack_02,18770,person,D:\project CS\RT-DETRv2-COCO-Attack\source_data\attack_02\clean_images\000000018770.jpg,D:\project CS\RT-DETRv2-COCO-Attack\source_data\attack_02\patched_images\000000018770.jpg,True,True,0.9445526599884033,0.9556394815444946,"[205.72415161132812, 0.21293854713439941, 639.6671142578125, 425.81365966796875]","[212.5020751953125, 0.8254525661468506, 639.9871215820312, 424.6463623046875]",0.9241186422085089,0.9135375676813223,-0.011086821556091309,0.010581074527186596,True,False,300,300,54.83319999621017,56.07920000329614
attack_02,18837,car,D:\project CS\RT-DETRv2-COCO-Attack\source_data\attack_02\clean_images\000000018837.jpg,D:\project CS\RT-DETRv2-COCO-Attack\source_data\attack_02\patched_images\000000018837.jpg,True,True,0.7153945565223694,0.7394465208053589,"[589.24365234375, 258.541748046875, 623.6190185546875, 296.364990234375]","[589.6692504882812, 258.9767150878906, 623.5592651367188, 295.8388671875]",0.7495206620875138,0.736980007608584,-0.024051964282989502,0.012540654478929825,True,False,300,300,56.23100000229897,54.120599997986574
attack_02,21839,car,D:\project CS\RT-DETRv2-COCO-Attack\source_data\attack_02\clean_images\000000021839.jpg,D:\project CS\RT-DETRv2-COCO-Attack\source_data\attack_02\patched_images\000000021839.jpg,True,True,0.6909421682357788,0.6223776340484619,"[-0.022569000720977783, 461.5296630859375, 28.577463150024414, 517.8727416992188]","[0.09659886360168457, 470.0228576660156, 24.73823356628418, 517.6868896484375]",0.7983772097504811,0.5827443791873361,0.0685645341873169,0.21563283056314497,True,False,300,300,53.943300001265015,54.42419999599224
attack_02,24243,person,D:\project CS\RT-DETRv2-COCO-Attack\source_data\attack_02\clean_images\000000024243.jpg,D:\project CS\RT-DETRv2-COCO-Attack\source_data\attack_02\patched_images\000000024243.jpg,True,True,0.9655782580375671,0.9683423042297363,"[39.413330078125, 62.051795959472656, 305.66693115234375, 476.2604675292969]","[39.10084533691406, 61.63867950439453, 304.956298828125, 476.2845153808594]",0.9750158923813488,0.9721855012538477,-0.0027640461921691895,0.002830391127501053,True,False,300,300,55.39509999653092,55.390000001352746
attack_02,25393,car,D:\project CS\RT-DETRv2-COCO-Attack\source_data\attack_02\clean_images\000000025393.jpg,D:\project CS\RT-DETRv2-COCO-Attack\source_data\attack_02\patched_images\000000025393.jpg,True,True,0.8963434100151062,0.846657931804657,"[0.21167993545532227, 197.37669372558594, 73.93634796142578, 241.20425415039062]","[0.18286943435668945, 197.35189819335938, 73.61804962158203, 240.9011993408203]",0.6521234327707747,0.6588773434404275,0.04968547821044922,-0.006753910669652807,True,False,300,300,55.468399994424544,55.60680000053253
attack_02,26926,car,D:\project CS\RT-DETRv2-COCO-Attack\source_data\attack_02\clean_images\000000026926.jpg,D:\project CS\RT-DETRv2-COCO-Attack\source_data\attack_02\patched_images\000000026926.jpg,True,True,0.7496687769889832,0.6203427314758301,"[133.32054138183594, 158.32821655273438, 210.42477416992188, 256.0131530761719]","[133.03895568847656, 156.30191040039062, 209.83348083496094, 256.64678955078125]",0.8430714932841022,0.8240332766170251,0.12932604551315308,0.019038216667077168,True,False,300,300,55.54570000094827,55.51430000195978
attack_02,33759,person,D:\project CS\RT-DETRv2-COCO-Attack\source_data\attack_02\clean_images\000000033759.jpg,D:\project CS\RT-DETRv2-COCO-Attack\source_data\attack_02\patched_images\000000033759.jpg,True,True,0.958668053150177,0.9611150026321411,"[76.28746795654297, 59.378456115722656, 272.6510009765625, 454.64874267578125]","[76.30219268798828, 59.589027404785156, 271.8371276855469, 454.7033386230469]",0.9591812075587448,0.9625743446588442,-0.0024469494819641113,-0.0033931371000993638,True,False,300,300,55.35740000050282,55.85340000106953
attack_02,33854,car,D:\project CS\RT-DETRv2-COCO-Attack\source_data\attack_02\clean_images\000000033854.jpg,D:\project CS\RT-DETRv2-COCO-Attack\source_data\attack_02\patched_images\000000033854.jpg,True,True,0.8224777579307556,0.362190842628479,"[-0.03479957580566406, 215.09881591796875, 278.18670654296875, 423.5315246582031]","[0.57861328125, 214.79373168945312, 277.5423583984375, 423.65509033203125]",0.9389043022117685,0.9412324185589758,0.4602869153022766,-0.0023281163472073096,True,False,300,300,54.690800003299955,55.17900000268128
attack_02,35682,person,D:\project CS\RT-DETRv2-COCO-Attack\source_data\attack_02\clean_images\000000035682.jpg,D:\project CS\RT-DETRv2-COCO-Attack\source_data\attack_02\patched_images\000000035682.jpg,True,True,0.9508818984031677,0.9441199898719788,"[90.02623748779297, 0.5904006958007812, 359.4829406738281, 328.9448547363281]","[90.28514099121094, 0.6963348388671875, 359.71868896484375, 328.294677734375]",0.8913491017350891,0.8934831536685502,0.006761908531188965,-0.0021340519334611674,True,False,300,300,56.00810000032652,55.992800000240095
attack_02,40083,car,D:\project CS\RT-DETRv2-COCO-Attack\source_data\attack_02\clean_images\000000040083.jpg,D:\project CS\RT-DETRv2-COCO-Attack\source_data\attack_02\patched_images\000000040083.jpg,True,True,0.9446187019348145,0.9439623355865479,"[134.86245727539062, 137.7235870361328, 253.94508361816406, 209.86248779296875]","[134.88755798339844, 137.70211791992188, 253.9218292236328, 209.9605712890625]",0.9667198884679931,0.9657067148331049,0.0006563663482666016,0.001013173634888176,True,False,300,300,55.426600003556814,55.622899999434594
attack_02,41633,car,D:\project CS\RT-DETRv2-COCO-Attack\source_data\attack_02\clean_images\000000041633.jpg,D:\project CS\RT-DETRv2-COCO-Attack\source_data\attack_02\patched_images\000000041633.jpg,True,True,0.7780271172523499,0.7402839660644531,"[562.5670776367188, 327.6102600097656, 617.6389770507812, 369.74029541015625]","[562.87939453125, 327.71441650390625, 622.320068359375, 369.4781494140625]",0.7914503939294497,0.8468078080167343,0.03774315118789673,-0.05535741408728456,True,False,300,300,55.06189999869093,55.808800003433134
attack_02,50380,person,D:\project CS\RT-DETRv2-COCO-Attack\source_data\attack_02\clean_images\000000050380.jpg,D:\project CS\RT-DETRv2-COCO-Attack\source_data\attack_02\patched_images\000000050380.jpg,True,True,0.9594665169715881,0.9633939266204834,"[328.5870361328125, 0.127535879611969, 551.27490234375, 425.13525390625]","[329.8385925292969, 0.06580403447151184, 551.212890625, 425.12469482421875]",0.9794600902669434,0.9848751918320436,-0.003927409648895264,-0.005415101565100278,True,False,300,300,56.3276999964728,55.34769999940181
attack_02,53626,person,D:\project CS\RT-DETRv2-COCO-Attack\source_data\attack_02\clean_images\000000053626.jpg,D:\project CS\RT-DETRv2-COCO-Attack\source_data\attack_02\patched_images\000000053626.jpg,True,True,0.9284986257553101,0.9246649742126465,"[124.86778259277344, 137.567138671875, 224.00936889648438, 390.3088073730469]","[124.45298767089844, 137.4661407470703, 223.99595642089844, 391.2554626464844]",0.9613522071442142,0.9535232906021012,0.0038336515426635742,0.00782891654211304,True,False,300,300,55.14459999540122,54.89810000290163
attack_02,54967,car,D:\project CS\RT-DETRv2-COCO-Attack\source_data\attack_02\clean_images\000000054967.jpg,D:\project CS\RT-DETRv2-COCO-Attack\source_data\attack_02\patched_images\000000054967.jpg,False,False,,,,,,,,,False,False,300,300,54.48400000022957,55.35830000007991
attack_02,65350,car,D:\project CS\RT-DETRv2-COCO-Attack\source_data\attack_02\clean_images\000000065350.jpg,D:\project CS\RT-DETRv2-COCO-Attack\source_data\attack_02\patched_images\000000065350.jpg,True,True,0.8327091336250305,0.6713472008705139,"[0.6453418731689453, 0.28991761803627014, 239.33944702148438, 86.33660125732422]","[0.6843090057373047, 0.19837288558483124, 239.00794982910156, 85.03092956542969]",0.6859502947183048,0.6846565800054358,0.1613619327545166,0.0012937147128689874,True,False,300,300,55.097600001317915,55.47659999865573
attack_02,65485,car,D:\project CS\RT-DETRv2-COCO-Attack\source_data\attack_02\clean_images\000000065485.jpg,D:\project CS\RT-DETRv2-COCO-Attack\source_data\attack_02\patched_images\000000065485.jpg,True,True,0.39827170968055725,0.3285238444805145,"[9.283866882324219, 31.264575958251953, 640.0989990234375, 361.0800476074219]","[5.761909484863281, 32.02861404418945, 638.2890625, 360.8404235839844]",0.978811271480264,0.9783704985002732,0.06974786520004272,0.0004407729799907889,True,False,300,300,56.4100999981747,56.2117000008584
attack_02,66706,person,D:\project CS\RT-DETRv2-COCO-Attack\source_data\attack_02\clean_images\000000066706.jpg,D:\project CS\RT-DETRv2-COCO-Attack\source_data\attack_02\patched_images\000000066706.jpg,False,False,,,,,,,,,False,False,300,300,55.714499998430256,55.978899996262044
attack_02,67616,car,D:\project CS\RT-DETRv2-COCO-Attack\source_data\attack_02\clean_images\000000067616.jpg,D:\project CS\RT-DETRv2-COCO-Attack\source_data\attack_02\patched_images\000000067616.jpg,True,True,0.9433116316795349,0.9324526786804199,"[392.5699462890625, 341.4597473144531, 538.6761474609375, 444.4657287597656]","[392.8155212402344, 341.306884765625, 538.609375, 444.4632873535156]",0.967056696662266,0.967243201609994,0.01085895299911499,-0.00018650494772798343,True,False,300,300,55.312900003627874,54.577100003371015
attack_02,73533,person,D:\project CS\RT-DETRv2-COCO-Attack\source_data\attack_02\clean_images\000000073533.jpg,D:\project CS\RT-DETRv2-COCO-Attack\source_data\attack_02\patched_images\000000073533.jpg,True,True,0.31499049067497253,0.7235307693481445,"[12.24954605102539, 30.91485595703125, 608.5336303710938, 473.93634033203125]","[7.1605682373046875, 29.212017059326172, 612.6238403320312, 476.09088134765625]",0.744213177374994,0.7474331877545508,-0.408540278673172,-0.0032200103795567703,True,False,300,300,56.23119999654591,56.59830000513466
attack_02,74058,person,D:\project CS\RT-DETRv2-COCO-Attack\source_data\attack_02\clean_images\000000074058.jpg,D:\project CS\RT-DETRv2-COCO-Attack\source_data\attack_02\patched_images\000000074058.jpg,True,True,0.7608951926231384,0.620574951171875,"[38.015655517578125, 162.15322875976562, 106.88002014160156, 327.32855224609375]","[49.09263610839844, 164.1465301513672, 114.8647689819336, 316.0038757324219]",0.7612843988237754,0.5346827966680576,0.14032024145126343,0.22660160215571779,True,False,300,300,54.64170000050217,54.787699998996686
attack_02,78823,car,D:\project CS\RT-DETRv2-COCO-Attack\source_data\attack_02\clean_images\000000078823.jpg,D:\project CS\RT-DETRv2-COCO-Attack\source_data\attack_02\patched_images\000000078823.jpg,True,True,0.9459677338600159,0.9281885623931885,"[14.920120239257812, 160.52218627929688, 482.22943115234375, 474.34967041015625]","[14.867286682128906, 160.69137573242188, 482.95965576171875, 474.11578369140625]",0.9715564376971864,0.9689470748712844,0.017779171466827393,0.002609362825901962,True,False,300,300,55.692699999781325,55.3377999967779
attack_02,82085,person,D:\project CS\RT-DETRv2-COCO-Attack\source_data\attack_02\clean_images\000000082085.jpg,D:\project CS\RT-DETRv2-COCO-Attack\source_data\attack_02\patched_images\000000082085.jpg,True,True,0.8565176725387573,0.85654616355896,"[70.4658203125, 199.47950744628906, 112.7879409790039, 334.72918701171875]","[70.44129943847656, 199.3455047607422, 118.19076538085938, 334.8426818847656]",0.7980225478969546,0.7938816691046361,-2.849102020263672e-05,0.004140878792318503,True,False,300,300,54.5607000021846,54.969199998595286
attack_02,86220,car,D:\project CS\RT-DETRv2-COCO-Attack\source_data\attack_02\clean_images\000000086220.jpg,D:\project CS\RT-DETRv2-COCO-Attack\source_data\attack_02\patched_images\000000086220.jpg,True,True,0.9552109241485596,0.9560233950614929,"[134.8401336669922, 209.6234893798828, 446.6708679199219, 335.56927490234375]","[134.83206176757812, 209.6827850341797, 446.79498291015625, 335.66424560546875]",0.9896769828413179,0.9885869525382298,-0.0008124709129333496,0.0010900303030880742,True,False,300,300,54.26640000223415,54.11689999891678
attack_02,93353,person,D:\project CS\RT-DETRv2-COCO-Attack\source_data\attack_02\clean_images\000000093353.jpg,D:\project CS\RT-DETRv2-COCO-Attack\source_data\attack_02\patched_images\000000093353.jpg,True,True,0.578603982925415,0.7034585475921631,"[0.5222797393798828, 100.5438003540039, 259.0367126464844, 475.995361328125]","[0.2034282684326172, 98.78468322753906, 280.60992431640625, 475.5156555175781]",0.8420722645731943,0.9152100702892572,-0.12485456466674805,-0.07313780571606288,True,False,300,300,55.95829999947455,55.475499997555744
attack_02,96825,person,D:\project CS\RT-DETRv2-COCO-Attack\source_data\attack_02\clean_images\000000096825.jpg,D:\project CS\RT-DETRv2-COCO-Attack\source_data\attack_02\patched_images\000000096825.jpg,True,True,0.8960399031639099,0.8834347724914551,"[286.64117431640625, 239.9457550048828, 377.72467041015625, 401.7550354003906]","[286.8455505371094, 240.13636779785156, 374.0946960449219, 401.79718017578125]",0.7171738989566536,0.7482751905407754,0.012605130672454834,-0.031101291584121782,True,False,300,300,53.84030000277562,54.48939999769209
attack_02,97679,person,D:\project CS\RT-DETRv2-COCO-Attack\source_data\attack_02\clean_images\000000097679.jpg,D:\project CS\RT-DETRv2-COCO-Attack\source_data\attack_02\patched_images\000000097679.jpg,True,True,0.5993533134460449,0.5650908946990967,"[271.0328369140625, 210.32733154296875, 318.24169921875, 255.3157196044922]","[270.7681579589844, 212.25112915039062, 311.10986328125, 255.15867614746094]",0.6637434614453555,0.5881386643273545,0.03426241874694824,0.07560479711800094,True,False,300,300,55.31239999982063,56.7254999987199
attack_02,97924,person,D:\project CS\RT-DETRv2-COCO-Attack\source_data\attack_02\clean_images\000000097924.jpg,D:\project CS\RT-DETRv2-COCO-Attack\source_data\attack_02\patched_images\000000097924.jpg,True,True,0.9395579099655151,0.9405089616775513,"[116.27412414550781, 130.61058044433594, 222.44471740722656, 344.7690734863281]","[116.11476135253906, 130.38502502441406, 221.43612670898438, 344.1736755371094]",0.7741023492513239,0.7665843796439324,-0.0009510517120361328,0.007517969607391484,True,False,300,300,58.8385000010021,59.820000002218876
attack_02,98853,person,D:\project CS\RT-DETRv2-COCO-Attack\source_data\attack_02\clean_images\000000098853.jpg,D:\project CS\RT-DETRv2-COCO-Attack\source_data\attack_02\patched_images\000000098853.jpg,False,False,,,,,,,,,False,False,300,300,55.17110000073444,55.71559999953024
attack_02,99024,person,D:\project CS\RT-DETRv2-COCO-Attack\source_data\attack_02\clean_images\000000099024.jpg,D:\project CS\RT-DETRv2-COCO-Attack\source_data\attack_02\patched_images\000000099024.jpg,True,True,0.9522590637207031,0.959006667137146,"[0.3785896301269531, 0.41603100299835205, 334.96917724609375, 201.8338623046875]","[0.2546501159667969, 0.4953817129135132, 335.123046875, 201.23037719726562]",0.967808277513608,0.9653759401191928,-0.006747603416442871,0.002432337394415174,True,False,300,300,56.17399999755435,56.78950000583427
attack_02,102411,car,D:\project CS\RT-DETRv2-COCO-Attack\source_data\attack_02\clean_images\000000102411.jpg,D:\project CS\RT-DETRv2-COCO-Attack\source_data\attack_02\patched_images\000000102411.jpg,True,True,0.7785698771476746,0.8668076395988464,"[0.25299668312072754, 199.63385009765625, 36.18191146850586, 292.90289306640625]","[0.1524209976196289, 199.6410675048828, 36.07211685180664, 291.9486999511719]",0.8896872812382567,0.8757448873199918,-0.08823776245117188,0.013942393918264906,True,False,300,300,55.006199996569194,55.11259999911999
attack_02,111036,car,D:\project CS\RT-DETRv2-COCO-Attack\source_data\attack_02\clean_images\000000111036.jpg,D:\project CS\RT-DETRv2-COCO-Attack\source_data\attack_02\patched_images\000000111036.jpg,True,True,0.9224397540092468,0.36362424492836,"[249.36227416992188, 0.3017902374267578, 424.9801025390625, 140.39166259765625]","[249.52804565429688, 1.08123779296875, 424.8752746582031, 142.17613220214844]",0.9592336171527263,0.9697565298047518,0.5588155090808868,-0.01052291265202554,True,False,300,300,56.39139999402687,56.29800000315299
attack_02,111086,car,D:\project CS\RT-DETRv2-COCO-Attack\source_data\attack_02\clean_images\000000111086.jpg,D:\project CS\RT-DETRv2-COCO-Attack\source_data\attack_02\patched_images\000000111086.jpg,True,True,0.8931731581687927,0.8824262022972107,"[296.8030700683594, 211.8111114501953, 453.6297302246094, 310.20074462890625]","[296.8598327636719, 212.41966247558594, 453.6585388183594, 303.947021484375]",0.9210325489416227,0.8582560539781684,0.010746955871582031,0.06277649496345428,True,False,300,300,56.16130000271369,55.62350000400329
attack_02,114770,car,D:\project CS\RT-DETRv2-COCO-Attack\source_data\attack_02\clean_images\000000114770.jpg,D:\project CS\RT-DETRv2-COCO-Attack\source_data\attack_02\patched_images\000000114770.jpg,True,True,0.33737912774086,0.34280937910079956,"[153.25209045410156, 136.7296905517578, 520.618896484375, 336.24346923828125]","[139.10545349121094, 136.19293212890625, 525.4749755859375, 338.0137939453125]",0.9319922897959058,0.9240610377334129,-0.005430251359939575,0.0079312520624929,True,False,300,300,56.070499995257705,56.438100000377744
attack_02,115870,person,D:\project CS\RT-DETRv2-COCO-Attack\source_data\attack_02\clean_images\000000115870.jpg,D:\project CS\RT-DETRv2-COCO-Attack\source_data\attack_02\patched_images\000000115870.jpg,True,True,0.8235906958580017,0.8499351739883423,"[182.54214477539062, 243.40316772460938, 622.0039672851562, 423.6105651855469]","[187.1377410888672, 243.27748107910156, 622.7430419921875, 423.1808776855469]",0.9755348291353896,0.9758830935104249,-0.026344478130340576,-0.00034826437503532315,True,False,300,300,56.85139999695821,56.12380000093253
attack_02,122166,car,D:\project CS\RT-DETRv2-COCO-Attack\source_data\attack_02\clean_images\000000122166.jpg,D:\project CS\RT-DETRv2-COCO-Attack\source_data\attack_02\patched_images\000000122166.jpg,True,True,0.9271894097328186,0.9220031499862671,"[162.11709594726562, 264.2261047363281, 324.0528869628906, 416.4896240234375]","[162.2642822265625, 264.37799072265625, 324.17230224609375, 416.4937744140625]",0.9646861020291102,0.9633529825147137,0.005186259746551514,0.001333119514396519,True,False,300,300,54.301999996823724,54.52769999828888
attack_02,126592,car,D:\project CS\RT-DETRv2-COCO-Attack\source_data\attack_02\clean_images\000000126592.jpg,D:\project CS\RT-DETRv2-COCO-Attack\source_data\attack_02\patched_images\000000126592.jpg,True,True,0.9046098589897156,0.9009127616882324,"[336.8876953125, 269.2539978027344, 508.6130065917969, 329.4273681640625]","[334.3497314453125, 269.25970458984375, 508.5037841796875, 330.02227783203125]",0.8586984789585572,0.8626870338859549,0.0036970973014831543,-0.003988554927397692,True,False,300,300,54.378400003770366,54.28379999648314
attack_02,127263,car,D:\project CS\RT-DETRv2-COCO-Attack\source_data\attack_02\clean_images\000000127263.jpg,D:\project CS\RT-DETRv2-COCO-Attack\source_data\attack_02\patched_images\000000127263.jpg,True,True,0.8084908127784729,0.6483668684959412,"[501.2937927246094, 108.78462982177734, 639.5299682617188, 173.8112335205078]","[501.52093505859375, 107.6595230102539, 639.56689453125, 173.275146484375]",0.958897241263933,0.9681202601592019,0.16012394428253174,-0.009223018895268886,True,False,300,300,55.402300000423566,55.10559999675024
attack_02,131556,person,D:\project CS\RT-DETRv2-COCO-Attack\source_data\attack_02\clean_images\000000131556.jpg,D:\project CS\RT-DETRv2-COCO-Attack\source_data\attack_02\patched_images\000000131556.jpg,False,False,,,,,,,,,False,False,300,300,54.93120000028284,54.74169999797596
attack_02,134886,car,D:\project CS\RT-DETRv2-COCO-Attack\source_data\attack_02\clean_images\000000134886.jpg,D:\project CS\RT-DETRv2-COCO-Attack\source_data\attack_02\patched_images\000000134886.jpg,True,True,0.8030964136123657,0.8033881783485413,"[429.6160888671875, 373.8833923339844, 494.4477844238281, 434.61181640625]","[429.3641357421875, 374.08795166015625, 494.900390625, 434.1244812011719]",0.9660837537385845,0.9613018965362099,-0.0002917647361755371,0.004781857202374562,True,False,300,300,53.93520000507124,54.4644999972661
attack_02,135410,car,D:\project CS\RT-DETRv2-COCO-Attack\source_data\attack_02\clean_images\000000135410.jpg,D:\project CS\RT-DETRv2-COCO-Attack\source_data\attack_02\patched_images\000000135410.jpg,True,True,0.4743747115135193,0.3378528654575348,"[247.219482421875, 227.6876220703125, 378.2890625, 318.7566223144531]","[169.6512908935547, 222.56578063964844, 371.452392578125, 361.0842590332031]",0.53637349301844,0.6212513139221737,0.1365218460559845,-0.08487782090373375,True,False,300,300,55.14250000123866,54.727999995520804
attack_02,136715,car,D:\project CS\RT-DETRv2-COCO-Attack\source_data\attack_02\clean_images\000000136715.jpg,D:\project CS\RT-DETRv2-COCO-Attack\source_data\attack_02\patched_images\000000136715.jpg,True,True,0.32842665910720825,0.410957008600235,"[507.07427978515625, 23.328493118286133, 639.89990234375, 323.09747314453125]","[502.8880310058594, 79.85536193847656, 639.7999267578125, 322.4845275878906]",0.8930931499980804,0.8223321674678166,-0.08253034949302673,0.07076098253026386,True,False,300,300,55.39459999999963,55.854600002930965
attack_02,137727,car,D:\project CS\RT-DETRv2-COCO-Attack\source_data\attack_02\clean_images\000000137727.jpg,D:\project CS\RT-DETRv2-COCO-Attack\source_data\attack_02\patched_images\000000137727.jpg,True,True,0.3470347225666046,0.2517271935939789,"[582.515380859375, 195.5767822265625, 624.7396850585938, 222.73211669921875]","[582.7762451171875, 196.0227508544922, 624.8916015625, 222.673828125]",0.7316513317230735,0.7227428228400937,0.09530752897262573,0.008908508882979782,True,False,300,300,54.32970000401838,54.4824000025983
attack_02,138979,car,D:\project CS\RT-DETRv2-COCO-Attack\source_data\attack_02\clean_images\000000138979.jpg,D:\project CS\RT-DETRv2-COCO-Attack\source_data\attack_02\patched_images\000000138979.jpg,True,True,0.8945509791374207,0.8415765762329102,"[316.2877502441406, 178.28543090820312, 640.042236328125, 422.2944030761719]","[317.1461181640625, 178.2390594482422, 640.1211547851562, 422.1212158203125]",0.9641303403106194,0.9622100299250387,0.0529744029045105,0.0019203103855807147,True,False,300,300,55.19050000293646,55.29989999922691
attack_02,142620,person,D:\project CS\RT-DETRv2-COCO-Attack\source_data\attack_02\clean_images\000000142620.jpg,D:\project CS\RT-DETRv2-COCO-Attack\source_data\attack_02\patched_images\000000142620.jpg,True,True,0.9531877636909485,0.9473938345909119,"[276.3974609375, 7.241373538970947, 629.2163696289062, 423.246337890625]","[276.40594482421875, 7.505712509155273, 621.278564453125, 422.52850341796875]",0.9697901897983181,0.949055093627945,0.005793929100036621,0.020735096170373057,True,False,300,300,55.05979999725241,55.22059999930207
attack_02,142790,person,D:\project CS\RT-DETRv2-COCO-Attack\source_data\attack_02\clean_images\000000142790.jpg,D:\project CS\RT-DETRv2-COCO-Attack\source_data\attack_02\patched_images\000000142790.jpg,True,True,0.8998208045959473,0.8798931241035461,"[259.10308837890625, 143.02444458007812, 429.3065490722656, 265.109619140625]","[259.9333801269531, 142.81468200683594, 429.1956787109375, 264.07672119140625]",0.9412525668569095,0.9278619798770751,0.019927680492401123,0.013390586979834418,True,False,300,300,55.4379000022891,55.19140000251355
attack_02,147223,car,D:\project CS\RT-DETRv2-COCO-Attack\source_data\attack_02\clean_images\000000147223.jpg,D:\project CS\RT-DETRv2-COCO-Attack\source_data\attack_02\patched_images\000000147223.jpg,True,True,0.9431061744689941,0.9348878860473633,"[0.337677001953125, 150.1315460205078, 154.30970764160156, 292.555908203125]","[0.23540973663330078, 150.26490783691406, 154.53842163085938, 292.9158630371094]",0.9136762957293532,0.9148996387481151,0.00821828842163086,-0.0012233430187619243,True,False,300,300,54.959400004008785,55.19600000116043
attack_02,150265,person,D:\project CS\RT-DETRv2-COCO-Attack\source_data\attack_02\clean_images\000000150265.jpg,D:\project CS\RT-DETRv2-COCO-Attack\source_data\attack_02\patched_images\000000150265.jpg,True,True,0.942834734916687,0.9403655529022217,"[122.56190490722656, 369.7811584472656, 316.46405029296875, 635.9904174804688]","[122.80839538574219, 370.62103271484375, 316.8399658203125, 636.7186889648438]",0.9287238937486442,0.9296962143621385,0.002469182014465332,-0.0009723206134942819,True,False,300,300,54.49609999777749,55.228000004717615
attack_02,151820,person,D:\project CS\RT-DETRv2-COCO-Attack\source_data\attack_02\clean_images\000000151820.jpg,D:\project CS\RT-DETRv2-COCO-Attack\source_data\attack_02\patched_images\000000151820.jpg,True,True,0.8550416827201843,0.8664751648902893,"[357.36175537109375, 156.8896484375, 533.250732421875, 405.1637878417969]","[358.8021240234375, 157.5723419189453, 533.5599365234375, 401.9425048828125]",0.8381476629231748,0.8211771331457826,-0.01143348217010498,0.016970529777392218,True,False,300,300,54.53440000565024,54.889300001377705
attack_02,152771,car,D:\project CS\RT-DETRv2-COCO-Attack\source_data\attack_02\clean_images\000000152771.jpg,D:\project CS\RT-DETRv2-COCO-Attack\source_data\attack_02\patched_images\000000152771.jpg,True,True,0.881758987903595,0.8390950560569763,"[1.449272632598877, 260.1783142089844, 64.90882873535156, 291.2400207519531]","[1.4647364616394043, 260.3949890136719, 64.1935043334961, 291.00482177734375]",0.9550370724933971,0.9307519546641833,0.04266393184661865,0.02428511782921383,True,False,300,300,54.521400001249276,54.48389999946812
attack_02,153011,car,D:\project CS\RT-DETRv2-COCO-Attack\source_data\attack_02\clean_images\000000153011.jpg,D:\project CS\RT-DETRv2-COCO-Attack\source_data\attack_02\patched_images\000000153011.jpg,True,True,0.8751713037490845,0.5566698908805847,"[311.9845886230469, 217.30824279785156, 398.0227966308594, 253.23040771484375]","[310.76739501953125, 216.736572265625, 397.6504821777344, 253.17343139648438]",0.8241977307024184,0.805850442937309,0.31850141286849976,0.01834728776510941,True,False,300,300,54.04920000000857,54.79419999755919
attack_02,155145,person,D:\project CS\RT-DETRv2-COCO-Attack\source_data\attack_02\clean_images\000000155145.jpg,D:\project CS\RT-DETRv2-COCO-Attack\source_data\attack_02\patched_images\000000155145.jpg,True,True,0.8627087473869324,0.8607786297798157,"[118.52082061767578, 194.4759521484375, 145.52781677246094, 226.55955505371094]","[118.51911163330078, 194.51596069335938, 145.40655517578125, 226.56192016601562]",0.9498813629479944,0.9528274696090138,0.0019301176071166992,-0.0029461066610193543,True,False,300,300,55.104700004449114,54.81280000094557
attack_02,157928,car,D:\project CS\RT-DETRv2-COCO-Attack\source_data\attack_02\clean_images\000000157928.jpg,D:\project CS\RT-DETRv2-COCO-Attack\source_data\attack_02\patched_images\000000157928.jpg,True,True,0.8801823854446411,0.844947099685669,"[0.058121681213378906, 100.9311752319336, 102.68759155273438, 249.07986450195312]","[0.1023101806640625, 100.69667053222656, 101.69402313232422, 249.31173706054688]",0.922945932693638,0.9138540184152668,0.03523528575897217,0.009091914278371194,True,False,300,300,55.36479999864241,55.487199999333825
attack_02,158956,person,D:\project CS\RT-DETRv2-COCO-Attack\source_data\attack_02\clean_images\000000158956.jpg,D:\project CS\RT-DETRv2-COCO-Attack\source_data\attack_02\patched_images\000000158956.jpg,True,True,0.9562351107597351,0.9603036046028137,"[169.27044677734375, 36.66973114013672, 491.95941162109375, 422.5792541503906]","[168.8052978515625, 37.273921966552734, 491.6230773925781, 422.5748596191406]",0.9792610324685856,0.9797756924437484,-0.004068493843078613,-0.0005146599751627567,True,False,300,300,54.71959999704268,55.09129999700235
attack_02,160012,car,D:\project CS\RT-DETRv2-COCO-Attack\source_data\attack_02\clean_images\000000160012.jpg,D:\project CS\RT-DETRv2-COCO-Attack\source_data\attack_02\patched_images\000000160012.jpg,True,True,0.901646614074707,0.8718200325965881,"[500.6813049316406, 7.261985778808594, 615.8828735351562, 67.8806381225586]","[500.6946105957031, 7.333122253417969, 616.2589111328125, 67.44751739501953]",0.8345945704695831,0.8258078611819855,0.029826581478118896,0.008786709287597616,True,False,300,300,56.701500005146954,56.45619999995688
attack_02,161609,person,D:\project CS\RT-DETRv2-COCO-Attack\source_data\attack_02\clean_images\000000161609.jpg,D:\project CS\RT-DETRv2-COCO-Attack\source_data\attack_02\patched_images\000000161609.jpg,True,True,0.35775384306907654,0.7998065948486328,"[270.90948486328125, 65.0724105834961, 638.8133544921875, 475.1031799316406]","[263.1371154785156, 64.23678588867188, 639.8563232421875, 475.533935546875]",0.9694163384698009,0.9510930506231292,-0.4420527517795563,0.0183232878466717,True,False,300,300,55.78309999691555,55.59009999706177
attack_02,161781,person,D:\project CS\RT-DETRv2-COCO-Attack\source_data\attack_02\clean_images\000000161781.jpg,D:\project CS\RT-DETRv2-COCO-Attack\source_data\attack_02\patched_images\000000161781.jpg,True,True,0.9462225437164307,0.9469786882400513,"[262.1197814941406, 22.027162551879883, 464.57598876953125, 358.81768798828125]","[261.90216064453125, 22.071996688842773, 464.8582458496094, 359.31781005859375]",0.9664034093641783,0.9700991754715942,-0.0007561445236206055,-0.003695766107415843,True,False,300,300,55.43489999399753,55.04870000004303
attack_02,162858,car,D:\project CS\RT-DETRv2-COCO-Attack\source_data\attack_02\clean_images\000000162858.jpg,D:\project CS\RT-DETRv2-COCO-Attack\source_data\attack_02\patched_images\000000162858.jpg,True,True,0.9444405436515808,0.9424067139625549,"[48.67927551269531, 332.4931335449219, 203.7296142578125, 476.7425537109375]","[48.63394546508789, 332.8645324707031, 204.00372314453125, 476.5311279296875]",0.8759894488087754,0.8779780515325849,0.002033829689025879,-0.0019886027238095183,True,False,300,300,54.09009999857517,54.59320000227308
attack_02,166391,car,D:\project CS\RT-DETRv2-COCO-Attack\source_data\attack_02\clean_images\000000166391.jpg,D:\project CS\RT-DETRv2-COCO-Attack\source_data\attack_02\patched_images\000000166391.jpg,True,True,0.6903184652328491,0.5575867891311646,"[578.3433837890625, 336.26336669921875, 639.9046630859375, 379.5058898925781]","[578.4223022460938, 336.57525634765625, 639.596923828125, 379.4596252441406]",0.940135176086849,0.9321361896337295,0.13273167610168457,0.007998986453119583,True,False,300,300,54.37739999615587,54.30859999614768
attack_02,167067,person,D:\project CS\RT-DETRv2-COCO-Attack\source_data\attack_02\clean_images\000000167067.jpg,D:\project CS\RT-DETRv2-COCO-Attack\source_data\attack_02\patched_images\000000167067.jpg,True,True,0.9712398052215576,0.9727411866188049,"[0.24270638823509216, 1.6739368438720703, 374.971435546875, 495.8700256347656]","[0.044949352741241455, 1.0503381490707397, 375.0233459472656, 496.17242431640625]",0.983040482088596,0.9831736662075826,-0.0015013813972473145,-0.00013318411898666227,True,False,300,300,55.64289999892935,55.86770000081742
attack_02,171382,car,D:\project CS\RT-DETRv2-COCO-Attack\source_data\attack_02\clean_images\000000171382.jpg,D:\project CS\RT-DETRv2-COCO-Attack\source_data\attack_02\patched_images\000000171382.jpg,True,True,0.8181727528572083,0.7060973644256592,"[2.2852706909179688, 178.9871826171875, 273.8876037597656, 279.3304748535156]","[1.9500064849853516, 177.28384399414062, 274.03216552734375, 280.1879577636719]",0.9346623265269098,0.9447796325744587,0.11207538843154907,-0.010117306047548902,True,False,300,300,54.61819999618456,54.178099999262486
attack_02,172330,car,D:\project CS\RT-DETRv2-COCO-Attack\source_data\attack_02\clean_images\000000172330.jpg,D:\project CS\RT-DETRv2-COCO-Attack\source_data\attack_02\patched_images\000000172330.jpg,True,True,0.9630787968635559,0.9645253419876099,"[63.98826599121094, 0.4584074020385742, 639.2498779296875, 309.7546691894531]","[64.4559097290039, 0.5942773818969727, 639.0897216796875, 310.6043701171875]",0.986695627256368,0.9887630798621357,-0.001446545124053955,-0.0020674526057677944,True,False,300,300,56.34450000070501,55.90870000014547
attack_02,173799,person,D:\project CS\RT-DETRv2-COCO-Attack\source_data\attack_02\clean_images\000000173799.jpg,D:\project CS\RT-DETRv2-COCO-Attack\source_data\attack_02\patched_images\000000173799.jpg,True,True,0.9257562756538391,0.9221664667129517,"[6.779966354370117, 172.41127014160156, 172.10243225097656, 515.7573852539062]","[7.09773063659668, 172.33348083496094, 176.1510467529297, 514.791748046875]",0.9597869253743789,0.9739632173881704,0.003589808940887451,-0.014176292013791447,True,False,300,300,55.41129999619443,55.174900000565685
attack_02,174123,person,D:\project CS\RT-DETRv2-COCO-Attack\source_data\attack_02\clean_images\000000174123.jpg,D:\project CS\RT-DETRv2-COCO-Attack\source_data\attack_02\patched_images\000000174123.jpg,True,True,0.7616344094276428,0.6188728213310242,"[116.33583068847656, 346.0638732910156, 264.79168701171875, 398.714111328125]","[116.19684600830078, 346.29913330078125, 265.6005554199219, 398.7679138183594]",0.9608451430303373,0.9619279949242509,0.14276158809661865,-0.00108285189391355,True,False,300,300,56.805899999744724,56.74070000532083
attack_02,174482,car,D:\project CS\RT-DETRv2-COCO-Attack\source_data\attack_02\clean_images\000000174482.jpg,D:\project CS\RT-DETRv2-COCO-Attack\source_data\attack_02\patched_images\000000174482.jpg,True,True,0.9251217246055603,0.9210548996925354,"[149.53863525390625, 71.7991943359375, 238.73654174804688, 113.30299377441406]","[149.37034606933594, 71.99993133544922, 238.6725616455078, 113.24528503417969]",0.9089608286760092,0.9043570254464908,0.004066824913024902,0.004603803229518477,True,False,300,300,54.58260000159498,54.77709999831859
attack_02,175438,car,D:\project CS\RT-DETRv2-COCO-Attack\source_data\attack_02\clean_images\000000175438.jpg,D:\project CS\RT-DETRv2-COCO-Attack\source_data\attack_02\patched_images\000000175438.jpg,False,False,,,,,,,,,False,False,300,300,54.47679999633692,54.642499999317806
attack_02,176606,car,D:\project CS\RT-DETRv2-COCO-Attack\source_data\attack_02\clean_images\000000176606.jpg,D:\project CS\RT-DETRv2-COCO-Attack\source_data\attack_02\patched_images\000000176606.jpg,True,True,0.9160857200622559,0.922802209854126,"[62.75861358642578, 196.08798217773438, 128.1460418701172, 249.19358825683594]","[62.62767791748047, 196.3222198486328, 128.2545166015625, 249.28619384765625]",0.96923055079165,0.9663979385231726,-0.006716489791870117,0.002832612268477419,True,False,300,300,54.6801999953459,54.33620000258088
attack_02,177489,person,D:\project CS\RT-DETRv2-COCO-Attack\source_data\attack_02\clean_images\000000177489.jpg,D:\project CS\RT-DETRv2-COCO-Attack\source_data\attack_02\patched_images\000000177489.jpg,True,True,0.9451636672019958,0.9427853226661682,"[52.8373908996582, 114.5413818359375, 346.42822265625, 474.4371337890625]","[51.02417755126953, 114.19403076171875, 346.9596862792969, 474.06976318359375]",0.9519995711904773,0.9480051884323597,0.0023783445358276367,0.003994382758117587,True,False,300,300,55.666200001724064,55.26159999863012
attack_02,177893,car,D:\project CS\RT-DETRv2-COCO-Attack\source_data\attack_02\clean_images\000000177893.jpg,D:\project CS\RT-DETRv2-COCO-Attack\source_data\attack_02\patched_images\000000177893.jpg,False,False,,,,,,,,,False,False,300,300,54.15269999502925,53.878300001088064
attack_02,181499,person,D:\project CS\RT-DETRv2-COCO-Attack\source_data\attack_02\clean_images\000000181499.jpg,D:\project CS\RT-DETRv2-COCO-Attack\source_data\attack_02\patched_images\000000181499.jpg,True,True,0.2983115315437317,0.4491511285305023,"[164.46656799316406, 384.7983093261719, 290.70196533203125, 511.31329345703125]","[163.7535400390625, 383.0398254394531, 288.4700012207031, 511.9361572265625]",0.9049947626696597,0.9242715054288189,-0.15083959698677063,-0.019276742759159138,True,False,300,300,56.28150000120513,56.40039999707369
attack_02,181542,car,D:\project CS\RT-DETRv2-COCO-Attack\source_data\attack_02\clean_images\000000181542.jpg,D:\project CS\RT-DETRv2-COCO-Attack\source_data\attack_02\patched_images\000000181542.jpg,True,True,0.8564699292182922,0.47053807973861694,"[-0.12258529663085938, 129.00157165527344, 121.28014373779297, 203.19178771972656]","[0.05428791046142578, 128.99307250976562, 122.42082214355469, 203.4717254638672]",0.9482760147904559,0.9546913095618601,0.3859318494796753,-0.006415294771404234,True,False,300,300,55.111800000304356,55.7007999959751
attack_02,182155,person,D:\project CS\RT-DETRv2-COCO-Attack\source_data\attack_02\clean_images\000000182155.jpg,D:\project CS\RT-DETRv2-COCO-Attack\source_data\attack_02\patched_images\000000182155.jpg,True,False,0.3711532950401306,,"[103.01321411132812, 23.45685386657715, 580.7091064453125, 421.59954833984375]",,0.9551339904375464,,,,True,True,300,300,56.124099995940924,55.24599999625934
attack_02,188296,car,D:\project CS\RT-DETRv2-COCO-Attack\source_data\attack_02\clean_images\000000188296.jpg,D:\project CS\RT-DETRv2-COCO-Attack\source_data\attack_02\patched_images\000000188296.jpg,True,True,0.821187436580658,0.5305083990097046,"[0.010204315185546875, 290.64093017578125, 120.0490493774414, 387.46844482421875]","[-0.1928997039794922, 290.0247802734375, 120.6059341430664, 387.08062744140625]",0.9507576861724238,0.9471286540636267,0.29067903757095337,0.00362903210879717,True,False,300,300,55.04230000224197,55.158199997094925
attack_02,191845,person,D:\project CS\RT-DETRv2-COCO-Attack\source_data\attack_02\clean_images\000000191845.jpg,D:\project CS\RT-DETRv2-COCO-Attack\source_data\attack_02\patched_images\000000191845.jpg,False,False,,,,,,,,,False,False,300,300,56.01199999364326,55.525999996461906
attack_02,193717,car,D:\project CS\RT-DETRv2-COCO-Attack\source_data\attack_02\clean_images\000000193717.jpg,D:\project CS\RT-DETRv2-COCO-Attack\source_data\attack_02\patched_images\000000193717.jpg,True,True,0.6823697686195374,0.6890046000480652,"[0.15096718072891235, 177.33197021484375, 41.640655517578125, 220.81661987304688]","[0.14978712797164917, 177.2510986328125, 41.7279167175293, 220.8405303955078]",0.8848310007640023,0.8852774135503411,-0.006634831428527832,-0.0004464127863387235,True,False,300,300,54.49550000048475,54.40240000461927
attack_02,194716,car,D:\project CS\RT-DETRv2-COCO-Attack\source_data\attack_02\clean_images\000000194716.jpg,D:\project CS\RT-DETRv2-COCO-Attack\source_data\attack_02\patched_images\000000194716.jpg,True,True,0.36778536438941956,0.45755836367607117,"[566.078369140625, 0.2466362863779068, 639.9017333984375, 29.349973678588867]","[565.732421875, 0.22294282913208008, 639.78271484375, 29.14939308166504]",0.7377050247871934,0.7342389401613317,-0.08977299928665161,0.0034660846258616207,True,False,300,300,55.43549999856623,55.54619999747956
attack_02,206487,car,D:\project CS\RT-DETRv2-COCO-Attack\source_data\attack_02\clean_images\000000206487.jpg,D:\project CS\RT-DETRv2-COCO-Attack\source_data\attack_02\patched_images\000000206487.jpg,True,True,0.948626697063446,0.944251537322998,"[0.08600234985351562, 235.79901123046875, 240.70205688476562, 475.27734375]","[0.1581287384033203, 232.85476684570312, 240.7471466064453, 475.1766662597656]",0.8836567233846535,0.8936909443915345,0.004375159740447998,-0.010034221006881006,True,False,300,300,54.77959999552695,54.62729999999283
attack_02,207844,person,D:\project CS\RT-DETRv2-COCO-Attack\source_data\attack_02\clean_images\000000207844.jpg,D:\project CS\RT-DETRv2-COCO-Attack\source_data\attack_02\patched_images\000000207844.jpg,False,False,,,,,,,,,False,False,300,300,55.401900004653726,55.00430000392953
attack_02,213255,car,D:\project CS\RT-DETRv2-COCO-Attack\source_data\attack_02\clean_images\000000213255.jpg,D:\project CS\RT-DETRv2-COCO-Attack\source_data\attack_02\patched_images\000000213255.jpg,True,True,0.9072710275650024,0.9044482111930847,"[190.62368774414062, 139.40423583984375, 343.98431396484375, 224.79026794433594]","[190.69873046875, 139.8979034423828, 343.99566650390625, 223.98489379882812]",0.8831108920977238,0.8861433503734683,0.0028228163719177246,-0.0030324582757444984,True,False,300,300,54.829100001370534,55.049399998097215
attack_02,213605,car,D:\project CS\RT-DETRv2-COCO-Attack\source_data\attack_02\clean_images\000000213605.jpg,D:\project CS\RT-DETRv2-COCO-Attack\source_data\attack_02\patched_images\000000213605.jpg,True,True,0.9375442862510681,0.9318587183952332,"[357.8212890625, 445.2145690917969, 480.0283203125, 592.775146484375]","[357.8280334472656, 445.21771240234375, 480.0014343261719, 592.871337890625]",0.9894959572324822,0.9891026616707203,0.005685567855834961,0.0003932955617619305,True,False,300,300,55.3109000029508,54.70169999898644
attack_02,214539,person,D:\project CS\RT-DETRv2-COCO-Attack\source_data\attack_02\clean_images\000000214539.jpg,D:\project CS\RT-DETRv2-COCO-Attack\source_data\attack_02\patched_images\000000214539.jpg,False,False,,,,,,,,,False,False,300,300,54.303600001730956,54.94719999842346
attack_02,217872,person,D:\project CS\RT-DETRv2-COCO-Attack\source_data\attack_02\clean_images\000000217872.jpg,D:\project CS\RT-DETRv2-COCO-Attack\source_data\attack_02\patched_images\000000217872.jpg,True,True,0.8922613859176636,0.8839887976646423,"[159.1680145263672, 166.42010498046875, 300.3079833984375, 242.63235473632812]","[159.42445373535156, 166.66934204101562, 300.352783203125, 242.52125549316406]",0.9096537921684241,0.9091947948261372,0.00827258825302124,0.00045899734228693756,True,False,300,300,54.304099998262245,54.613500004052185
attack_02,220732,car,D:\project CS\RT-DETRv2-COCO-Attack\source_data\attack_02\clean_images\000000220732.jpg,D:\project CS\RT-DETRv2-COCO-Attack\source_data\attack_02\patched_images\000000220732.jpg,True,True,0.6299152374267578,0.4436572790145874,"[444.22576904296875, 240.7230987548828, 635.3853759765625, 279.3958740234375]","[441.4505615234375, 243.51951599121094, 636.596435546875, 278.2145690917969]",0.7985169324552202,0.749912541576026,0.1862579584121704,0.048604390879194104,True,False,300,300,55.00670000037644,54.83019999519456
attack_02,222094,car,D:\project CS\RT-DETRv2-COCO-Attack\source_data\attack_02\clean_images\000000222094.jpg,D:\project CS\RT-DETRv2-COCO-Attack\source_data\attack_02\patched_images\000000222094.jpg,True,True,0.4115557372570038,0.3397756814956665,"[28.64868927001953, 214.42526245117188, 111.85765075683594, 242.51478576660156]","[27.452531814575195, 214.44976806640625, 112.00670623779297, 242.42811584472656]",0.8992042056545576,0.9081570149897458,0.07178005576133728,-0.008952809335188161,True,False,300,300,54.83979999553412,53.624200001650024
attack_02,225532,car,D:\project CS\RT-DETRv2-COCO-Attack\source_data\attack_02\clean_images\000000225532.jpg,D:\project CS\RT-DETRv2-COCO-Attack\source_data\attack_02\patched_images\000000225532.jpg,True,True,0.8928900361061096,0.8400687575340271,"[368.38165283203125, 220.59092712402344, 499.3326416015625, 372.98138427734375]","[367.9894714355469, 219.77001953125, 499.41241455078125, 373.1307373046875]",0.8514057348886949,0.8439654641924859,0.05282127857208252,0.007440270696209006,True,False,300,300,54.60039999888977,54.787699998996686
attack_02,227511,car,D:\project CS\RT-DETRv2-COCO-Attack\source_data\attack_02\clean_images\000000227511.jpg,D:\project CS\RT-DETRv2-COCO-Attack\source_data\attack_02\patched_images\000000227511.jpg,True,True,0.9430952668190002,0.9387794137001038,"[65.48356628417969, 286.7723693847656, 225.49217224121094, 374.38531494140625]","[65.41979217529297, 286.6677551269531, 225.54713439941406, 374.35833740234375]",0.9857052550998489,0.9841901086140062,0.004315853118896484,0.0015151464858426111,True,False,300,300,54.84579999756534,53.858999999647494
attack_02,228436,car,D:\project CS\RT-DETRv2-COCO-Attack\source_data\attack_02\clean_images\000000228436.jpg,D:\project CS\RT-DETRv2-COCO-Attack\source_data\attack_02\patched_images\000000228436.jpg,False,False,,,,,,,,,False,False,300,300,54.753900003561284,54.73199999687495
attack_02,230819,person,D:\project CS\RT-DETRv2-COCO-Attack\source_data\attack_02\clean_images\000000230819.jpg,D:\project CS\RT-DETRv2-COCO-Attack\source_data\attack_02\patched_images\000000230819.jpg,True,True,0.9502317905426025,0.9502549171447754,"[199.88479614257812, 153.43081665039062, 282.833251953125, 274.35577392578125]","[199.7087860107422, 153.45343017578125, 282.603271484375, 274.2919921875]",0.9699472785910446,0.967613572620688,-2.3126602172851562e-05,0.0023337059703565366,True,False,300,300,54.570499996771105,54.30299999716226
attack_02,236599,person,D:\project CS\RT-DETRv2-COCO-Attack\source_data\attack_02\clean_images\000000236599.jpg,D:\project CS\RT-DETRv2-COCO-Attack\source_data\attack_02\patched_images\000000236599.jpg,True,True,0.607714056968689,0.5388481616973877,"[409.7279968261719, 264.5982971191406, 438.3790588378906, 302.8673400878906]","[410.1848449707031, 264.7779235839844, 438.3851623535156, 302.7034912109375]",0.8645257912384273,0.886298867802298,0.06886589527130127,-0.02177307656387073,True,False,300,300,54.76530000305502,54.51560000074096
attack_02,237118,person,D:\project CS\RT-DETRv2-COCO-Attack\source_data\attack_02\clean_images\000000237118.jpg,D:\project CS\RT-DETRv2-COCO-Attack\source_data\attack_02\patched_images\000000237118.jpg,True,True,0.9545349478721619,0.9552343487739563,"[237.18817138671875, 158.07492065429688, 463.3253479003906, 613.8244018554688]","[237.2081298828125, 157.97808837890625, 462.98040771484375, 613.4476928710938]",0.9511368853531131,0.9491735438588639,-0.0006994009017944336,0.00196334149424926,True,False,300,300,55.765000004612375,55.54090000077849
attack_02,238410,person,D:\project CS\RT-DETRv2-COCO-Attack\source_data\attack_02\clean_images\000000238410.jpg,D:\project CS\RT-DETRv2-COCO-Attack\source_data\attack_02\patched_images\000000238410.jpg,True,True,0.3837599754333496,0.4199264645576477,"[376.9678955078125, 204.65760803222656, 638.975341796875, 451.4516906738281]","[371.2237854003906, 204.03683471679688, 638.69775390625, 455.5989074707031]",0.9117972516541041,0.8987217632053952,-0.036166489124298096,0.013075488448708872,True,False,300,300,56.17619999975432,56.350700004259124
attack_02,249180,person,D:\project CS\RT-DETRv2-COCO-Attack\source_data\attack_02\clean_images\000000249180.jpg,D:\project CS\RT-DETRv2-COCO-Attack\source_data\attack_02\patched_images\000000249180.jpg,True,True,0.8627988696098328,0.8659235239028931,"[136.8697052001953, 211.8612518310547, 208.33743286132812, 423.5906982421875]","[136.5773162841797, 211.92042541503906, 208.94723510742188, 423.58349609375]",0.8089030071350936,0.7986883951395036,-0.0031246542930603027,0.010214611995589928,True,False,300,300,55.10879999928875,54.62410000473028
attack_02,255917,car,D:\project CS\RT-DETRv2-COCO-Attack\source_data\attack_02\clean_images\000000255917.jpg,D:\project CS\RT-DETRv2-COCO-Attack\source_data\attack_02\patched_images\000000255917.jpg,False,False,,,,,,,,,False,False,300,300,55.70319999969797,54.6667999951751
attack_02,261318,person,D:\project CS\RT-DETRv2-COCO-Attack\source_data\attack_02\clean_images\000000261318.jpg,D:\project CS\RT-DETRv2-COCO-Attack\source_data\attack_02\patched_images\000000261318.jpg,True,True,0.5065075159072876,0.7821308970451355,"[85.79692840576172, 180.67416381835938, 296.2174377441406, 584.2957763671875]","[89.830322265625, 179.99856567382812, 296.1929931640625, 588.622802734375]",0.9180698215326875,0.9272222893832026,-0.2756233811378479,-0.009152467850515156,True,False,300,300,55.49119999341201,54.76979999366449
attack_02,263594,car,D:\project CS\RT-DETRv2-COCO-Attack\source_data\attack_02\clean_images\000000263594.jpg,D:\project CS\RT-DETRv2-COCO-Attack\source_data\attack_02\patched_images\000000263594.jpg,True,True,0.9580212235450745,0.9579638838768005,"[31.539260864257812, 142.66738891601562, 462.7800598144531, 285.58734130859375]","[31.640783309936523, 142.5793914794922, 462.7738037109375, 285.8970947265625]",0.9517020174027772,0.954548806055632,5.733966827392578e-05,-0.0028467886528548147,True,False,300,300,54.76890000136336,54.94829999952344
attack_02,263969,person,D:\project CS\RT-DETRv2-COCO-Attack\source_data\attack_02\clean_images\000000263969.jpg,D:\project CS\RT-DETRv2-COCO-Attack\source_data\attack_02\patched_images\000000263969.jpg,True,True,0.9383128881454468,0.6128680109977722,"[228.86288452148438, 57.73526382446289, 636.696044921875, 607.173583984375]","[228.58091735839844, 58.143009185791016, 637.4645385742188, 606.7993774414062]",0.9728921535082045,0.9752906346379409,0.32544487714767456,-0.002398481129736396,True,False,300,300,55.625100001634564,56.082499999320135
attack_02,269942,car,D:\project CS\RT-DETRv2-COCO-Attack\source_data\attack_02\clean_images\000000269942.jpg,D:\project CS\RT-DETRv2-COCO-Attack\source_data\attack_02\patched_images\000000269942.jpg,True,True,0.9367033839225769,0.934303343296051,"[92.20946502685547, 460.9847412109375, 152.33409118652344, 508.77044677734375]","[92.23663330078125, 461.0581970214844, 152.3873291015625, 508.851318359375]",0.9662137232649965,0.9659524082780263,0.002400040626525879,0.00026131498697024025,True,False,300,300,54.28519999986747,54.76289999933215
attack_02,270122,person,D:\project CS\RT-DETRv2-COCO-Attack\source_data\attack_02\clean_images\000000270122.jpg,D:\project CS\RT-DETRv2-COCO-Attack\source_data\attack_02\patched_images\000000270122.jpg,True,True,0.8426225781440735,0.8146607279777527,"[303.745849609375, 178.4790496826172, 339.57464599609375, 228.81387329101562]","[303.7139587402344, 178.67556762695312, 339.314697265625, 228.44491577148438]",0.9246741108520312,0.9275084930262094,0.0279618501663208,-0.002834382174178196,True,False,300,300,55.54670000128681,54.36970000300789
attack_02,271997,person,D:\project CS\RT-DETRv2-COCO-Attack\source_data\attack_02\clean_images\000000271997.jpg,D:\project CS\RT-DETRv2-COCO-Attack\source_data\attack_02\patched_images\000000271997.jpg,True,True,0.9775457978248596,0.9784085750579834,"[-0.05173134803771973, 1.3286399841308594, 487.9289245605469, 635.076416015625]","[-0.04460501670837402, 1.1388587951660156, 487.9497985839844, 635.2825927734375]",0.9818810837855949,0.9812403552970062,-0.0008627772331237793,0.0006407284885887599,True,False,300,300,54.594100001850165,55.13559999963036
attack_02,273198,car,D:\project CS\RT-DETRv2-COCO-Attack\source_data\attack_02\clean_images\000000273198.jpg,D:\project CS\RT-DETRv2-COCO-Attack\source_data\attack_02\patched_images\000000273198.jpg,True,True,0.7727931141853333,0.7426976561546326,"[257.4739685058594, -0.018361955881118774, 386.49578857421875, 33.38632583618164]","[257.2264709472656, 0.0241817906498909, 386.2570495605469, 33.32289505004883]",0.9936606154350941,0.9962474225144522,0.030095458030700684,-0.0025868070793581,True,False,300,300,55.308299997705035,55.046800000127405
attack_02,275392,person,D:\project CS\RT-DETRv2-COCO-Attack\source_data\attack_02\clean_images\000000275392.jpg,D:\project CS\RT-DETRv2-COCO-Attack\source_data\attack_02\patched_images\000000275392.jpg,True,True,0.9017529487609863,0.8937028646469116,"[230.3187713623047, 90.54437255859375, 342.41192626953125, 481.2288818359375]","[230.86209106445312, 90.77033996582031, 342.3150634765625, 498.7154846191406]",0.523684059395727,0.5088074611164649,0.008050084114074707,0.014876598279262132,True,False,300,300,55.24820000573527,54.690700002538506
attack_02,276720,car,D:\project CS\RT-DETRv2-COCO-Attack\source_data\attack_02\clean_images\000000276720.jpg,D:\project CS\RT-DETRv2-COCO-Attack\source_data\attack_02\patched_images\000000276720.jpg,True,True,0.6953743696212769,0.4784901440143585,"[270.3545837402344, 280.246826171875, 309.42840576171875, 315.3238220214844]","[270.1114807128906, 279.99822998046875, 309.4197692871094, 315.06915283203125]",0.7282387235662813,0.714671969952954,0.21688422560691833,0.013566753613327265,True,False,300,300,54.63369999779388,54.26879999868106
attack_02,277005,person,D:\project CS\RT-DETRv2-COCO-Attack\source_data\attack_02\clean_images\000000277005.jpg,D:\project CS\RT-DETRv2-COCO-Attack\source_data\attack_02\patched_images\000000277005.jpg,False,False,,,,,,,,,False,False,300,300,54.2044999965583,54.54670000472106
attack_02,278705,car,D:\project CS\RT-DETRv2-COCO-Attack\source_data\attack_02\clean_images\000000278705.jpg,D:\project CS\RT-DETRv2-COCO-Attack\source_data\attack_02\patched_images\000000278705.jpg,True,True,0.9560253620147705,0.9590476155281067,"[4.46110725402832, 128.1342010498047, 314.71923828125, 274.43267822265625]","[4.200382232666016, 128.82908630371094, 314.5141296386719, 274.6041259765625]",0.9230928656368033,0.9250441966187037,-0.0030222535133361816,-0.0019513309819004787,True,False,300,300,55.025100002239924,56.5095999991172
attack_02,279714,car,D:\project CS\RT-DETRv2-COCO-Attack\source_data\attack_02\clean_images\000000279714.jpg,D:\project CS\RT-DETRv2-COCO-Attack\source_data\attack_02\patched_images\000000279714.jpg,True,True,0.936151385307312,0.9395081400871277,"[221.76612854003906, 432.75823974609375, 424.95703125, 613.2760009765625]","[221.44140625, 432.86212158203125, 424.9291076660156, 613.4395751953125]",0.9509055112754617,0.9489506019048815,-0.003356754779815674,0.0019549093705802933,True,False,300,300,55.77169999742182,55.533300001116004
attack_02,284725,car,D:\project CS\RT-DETRv2-COCO-Attack\source_data\attack_02\clean_images\000000284725.jpg,D:\project CS\RT-DETRv2-COCO-Attack\source_data\attack_02\patched_images\000000284725.jpg,True,True,0.9462880492210388,0.9484711289405823,"[146.6258544921875, 285.6822204589844, 378.79620361328125, 376.1563415527344]","[146.43418884277344, 285.9198913574219, 378.8764953613281, 375.99609375]",0.9434647418549462,0.9430921131216448,-0.002183079719543457,0.00037262873330146107,True,False,300,300,54.37769999844022,54.3416000000434
attack_02,289594,person,D:\project CS\RT-DETRv2-COCO-Attack\source_data\attack_02\clean_images\000000289594.jpg,D:\project CS\RT-DETRv2-COCO-Attack\source_data\attack_02\patched_images\000000289594.jpg,True,True,0.877524733543396,0.8997279405593872,"[329.3235168457031, 226.32162475585938, 402.4745178222656, 466.37213134765625]","[329.8263244628906, 226.32907104492188, 402.56768798828125, 466.47723388671875]",0.8686483055827533,0.875466471243452,-0.02220320701599121,-0.006818165660698705,True,False,300,300,54.32670000300277,54.42770000081509
attack_02,291619,person,D:\project CS\RT-DETRv2-COCO-Attack\source_data\attack_02\clean_images\000000291619.jpg,D:\project CS\RT-DETRv2-COCO-Attack\source_data\attack_02\patched_images\000000291619.jpg,True,True,0.9474014639854431,0.9515050053596497,"[134.18099975585938, 134.81417846679688, 226.18223571777344, 319.5654296875]","[134.3643341064453, 134.807861328125, 226.08360290527344, 319.4638366699219]",0.8841602844148769,0.8809959305252284,-0.004103541374206543,0.00316435388964853,True,False,300,300,54.80290000559762,54.76959999941755
attack_02,292236,person,D:\project CS\RT-DETRv2-COCO-Attack\source_data\attack_02\clean_images\000000292236.jpg,D:\project CS\RT-DETRv2-COCO-Attack\source_data\attack_02\patched_images\000000292236.jpg,True,True,0.9506504535675049,0.9506623148918152,"[100.54444122314453, 90.27558898925781, 212.1527862548828, 487.6234436035156]","[100.0555419921875, 90.17948913574219, 212.18533325195312, 487.69403076171875]",0.9789042663885271,0.9745348485990031,-1.1861324310302734e-05,0.004369417789524044,True,False,300,300,60.15549999574432,59.261400005198084
attack_02,295478,person,D:\project CS\RT-DETRv2-COCO-Attack\source_data\attack_02\clean_images\000000295478.jpg,D:\project CS\RT-DETRv2-COCO-Attack\source_data\attack_02\patched_images\000000295478.jpg,True,True,0.9661962985992432,0.9628718495368958,"[149.21768188476562, 32.98311233520508, 349.8487548828125, 617.0386962890625]","[149.03977966308594, 33.16255569458008, 350.31640625, 616.9222412109375]",0.9713695721858576,0.9687448955734408,0.003324449062347412,0.002624676612416832,True,False,300,300,55.555099999764934,55.48780000390252
attack_02,295809,car,D:\project CS\RT-DETRv2-COCO-Attack\source_data\attack_02\clean_images\000000295809.jpg,D:\project CS\RT-DETRv2-COCO-Attack\source_data\attack_02\patched_images\000000295809.jpg,True,True,0.5153351426124573,0.5272541046142578,"[50.7749137878418, 104.33711242675781, 150.34237670898438, 141.82176208496094]","[50.61870193481445, 104.35987091064453, 150.1988983154297, 141.83811950683594]",0.9350755915281896,0.9342187909505754,-0.011918962001800537,0.0008568005776142806,True,False,300,300,54.570499996771105,55.08399999962421
attack_02,296649,car,D:\project CS\RT-DETRv2-COCO-Attack\source_data\attack_02\clean_images\000000296649.jpg,D:\project CS\RT-DETRv2-COCO-Attack\source_data\attack_02\patched_images\000000296649.jpg,True,True,0.8324100971221924,0.7990658283233643,"[425.8985900878906, 328.0947570800781, 640.232177734375, 425.37713623046875]","[425.53948974609375, 328.29833984375, 640.2340698242188, 425.29296875]",0.9487193360917767,0.949933934301324,0.033344268798828125,-0.0012145982095472796,True,False,300,300,54.67259999568341,54.73889999848325
attack_02,296657,person,D:\project CS\RT-DETRv2-COCO-Attack\source_data\attack_02\clean_images\000000296657.jpg,D:\project CS\RT-DETRv2-COCO-Attack\source_data\attack_02\patched_images\000000296657.jpg,True,True,0.9560193419456482,0.9443219304084778,"[153.27371215820312, 85.1153335571289, 342.36859130859375, 340.5997009277344]","[153.7353973388672, 85.0442886352539, 341.7716979980469, 339.4949951171875]",0.9736876457057949,0.9772842372762954,0.01169741153717041,-0.003596591570500518,True,False,300,300,54.795199997897726,55.06839999725344
attack_02,302107,person,D:\project CS\RT-DETRv2-COCO-Attack\source_data\attack_02\clean_images\000000302107.jpg,D:\project CS\RT-DETRv2-COCO-Attack\source_data\attack_02\patched_images\000000302107.jpg,True,True,0.9621208906173706,0.9603965878486633,"[88.93242645263672, 176.4395294189453, 350.6453857421875, 519.2425537109375]","[89.0868148803711, 175.9171142578125, 350.84246826171875, 519.1793212890625]",0.9647876375555958,0.9658867474145499,0.0017243027687072754,-0.001099109858954117,True,False,300,300,55.05000000266591,55.322899999737274
attack_02,303566,car,D:\project CS\RT-DETRv2-COCO-Attack\source_data\attack_02\clean_images\000000303566.jpg,D:\project CS\RT-DETRv2-COCO-Attack\source_data\attack_02\patched_images\000000303566.jpg,True,True,0.6208263635635376,0.6742286682128906,"[208.15447998046875, 86.03121185302734, 249.90145874023438, 123.96307373046875]","[207.99658203125, 86.10028839111328, 249.90037536621094, 122.0907211303711]",0.8144148231501319,0.8603385101946258,-0.05340230464935303,-0.0459236870444939,True,False,300,300,55.13950000022305,55.489300000772346
attack_02,309964,car,D:\project CS\RT-DETRv2-COCO-Attack\source_data\attack_02\clean_images\000000309964.jpg,D:\project CS\RT-DETRv2-COCO-Attack\source_data\attack_02\patched_images\000000309964.jpg,True,True,0.5148632526397705,0.2559838593006134,"[542.0520629882812, 98.42422485351562, 639.94580078125, 223.95501708984375]","[541.4593505859375, 98.72016143798828, 639.6774291992188, 269.3976135253906]",0.9135375084561488,0.7470920103740224,0.2588793933391571,0.1664454980821264,True,False,300,300,55.436599999666214,55.791700004192535
attack_02,310072,car,D:\project CS\RT-DETRv2-COCO-Attack\source_data\attack_02\clean_images\000000310072.jpg,D:\project CS\RT-DETRv2-COCO-Attack\source_data\attack_02\patched_images\000000310072.jpg,True,True,0.953158438205719,0.9537427425384521,"[227.3479461669922, 0.11753008514642715, 481.29022216796875, 68.41939544677734]","[227.38136291503906, 0.07040048390626907, 481.2734375, 68.37197875976562]",0.9700645435440741,0.9698686965764137,-0.0005843043327331543,0.00019584696766039578,True,False,300,300,55.523000002722256,55.4788000008557
attack_02,310862,person,D:\project CS\RT-DETRv2-COCO-Attack\source_data\attack_02\clean_images\000000310862.jpg,D:\project CS\RT-DETRv2-COCO-Attack\source_data\attack_02\patched_images\000000310862.jpg,True,True,0.9694530963897705,0.9692212343215942,"[-0.10768318176269531, 0.24744880199432373, 577.9465942382812, 608.2242431640625]","[0.0918881893157959, 1.0457160472869873, 577.1858520507812, 607.6544189453125]",0.9738833824138295,0.9762378251913505,0.00023186206817626953,-0.0023544427775209487,True,False,300,300,54.507499997271225,55.14460000267718
attack_02,312192,person,D:\project CS\RT-DETRv2-COCO-Attack\source_data\attack_02\clean_images\000000312192.jpg,D:\project CS\RT-DETRv2-COCO-Attack\source_data\attack_02\patched_images\000000312192.jpg,True,True,0.6692242622375488,0.46125924587249756,"[296.15203857421875, 1.5987896919250488, 640.5274658203125, 229.01235961914062]","[254.74806213378906, 0.8914017677307129, 639.5390625, 228.08538818359375]",0.9274891474990627,0.8288270875865015,0.20796501636505127,0.09866205991256127,True,False,300,300,56.299700001545716,56.16279999958351
attack_02,315187,car,D:\project CS\RT-DETRv2-COCO-Attack\source_data\attack_02\clean_images\000000315187.jpg,D:\project CS\RT-DETRv2-COCO-Attack\source_data\attack_02\patched_images\000000315187.jpg,True,True,0.9197484254837036,0.9254635572433472,"[193.28573608398438, 349.62884521484375, 318.69757080078125, 400.8823547363281]","[193.16653442382812, 349.66729736328125, 318.2596130371094, 400.8785095214844]",0.9442977015864337,0.9407494315979513,-0.005715131759643555,0.0035482699884823443,True,False,300,300,54.37839999649441,54.35410000063712
attack_02,315450,car,D:\project CS\RT-DETRv2-COCO-Attack\source_data\attack_02\clean_images\000000315450.jpg,D:\project CS\RT-DETRv2-COCO-Attack\source_data\attack_02\patched_images\000000315450.jpg,True,True,0.9428917169570923,0.9417881965637207,"[48.19700622558594, 230.00552368164062, 148.7393798828125, 297.4984436035156]","[48.135990142822266, 229.9766845703125, 148.66964721679688, 297.33782958984375]",0.9388473380715896,0.9361365983535314,0.001103520393371582,0.0027107397180582415,True,False,300,300,54.562899997108616,53.88870000024326
attack_02,322864,car,D:\project CS\RT-DETRv2-COCO-Attack\source_data\attack_02\clean_images\000000322864.jpg,D:\project CS\RT-DETRv2-COCO-Attack\source_data\attack_02\patched_images\000000322864.jpg,True,True,0.775590717792511,0.8764767050743103,"[0.15114185214042664, 374.9356689453125, 427.0519104003906, 600.31982421875]","[0.15217262506484985, 374.562255859375, 427.1405029296875, 601.0733642578125]",0.9610698237202044,0.9560893097673484,-0.10088598728179932,0.004980513952856036,True,False,300,300,54.504799998539966,55.259699998714495
attack_02,323571,car,D:\project CS\RT-DETRv2-COCO-Attack\source_data\attack_02\clean_images\000000323571.jpg,D:\project CS\RT-DETRv2-COCO-Attack\source_data\attack_02\patched_images\000000323571.jpg,True,True,0.6793626546859741,0.40402641892433167,"[74.8965072631836, 594.34130859375, 152.1023712158203, 628.208984375]","[74.88337707519531, 593.0867309570312, 151.78182983398438, 626.690185546875]",0.9137712691379122,0.890167664385537,0.27533623576164246,0.023603604752375218,True,False,300,300,55.37449999974342,54.71810000017285
attack_02,324158,car,D:\project CS\RT-DETRv2-COCO-Attack\source_data\attack_02\clean_images\000000324158.jpg,D:\project CS\RT-DETRv2-COCO-Attack\source_data\attack_02\patched_images\000000324158.jpg,False,False,,,,,,,,,False,False,300,300,54.36049999843817,54.13270000281045
attack_02,326541,car,D:\project CS\RT-DETRv2-COCO-Attack\source_data\attack_02\clean_images\000000326541.jpg,D:\project CS\RT-DETRv2-COCO-Attack\source_data\attack_02\patched_images\000000326541.jpg,False,False,,,,,,,,,False,False,300,300,56.67150000226684,55.765899996913504
attack_02,326627,car,D:\project CS\RT-DETRv2-COCO-Attack\source_data\attack_02\clean_images\000000326627.jpg,D:\project CS\RT-DETRv2-COCO-Attack\source_data\attack_02\patched_images\000000326627.jpg,True,True,0.8744503259658813,0.27029770612716675,"[291.7010803222656, 396.2733459472656, 345.18292236328125, 437.001708984375]","[291.7446594238281, 396.69439697265625, 346.3439636230469, 436.9530029296875]",0.9465136918752237,0.9344268436835693,0.6041526198387146,0.012086848191654398,True,False,300,300,54.640299997117836,54.068800003733486
attack_02,327617,person,D:\project CS\RT-DETRv2-COCO-Attack\source_data\attack_02\clean_images\000000327617.jpg,D:\project CS\RT-DETRv2-COCO-Attack\source_data\attack_02\patched_images\000000327617.jpg,True,True,0.9501829147338867,0.9589661359786987,"[74.83292388916016, 115.87812805175781, 240.3163604736328, 628.71240234375]","[74.85667419433594, 115.93222045898438, 239.17388916015625, 629.2828369140625]",0.8604208749785802,0.8552173790843715,-0.008783221244812012,0.005203495894208765,True,False,300,300,55.06489999970654,55.62790000112727
attack_02,331604,person,D:\project CS\RT-DETRv2-COCO-Attack\source_data\attack_02\clean_images\000000331604.jpg,D:\project CS\RT-DETRv2-COCO-Attack\source_data\attack_02\patched_images\000000331604.jpg,True,True,0.8920425176620483,0.8600741624832153,"[289.37432861328125, 149.83045959472656, 366.314453125, 281.8981628417969]","[288.5562438964844, 149.6151885986328, 366.4759521484375, 282.1609802246094]",0.8466909091369892,0.8373704966195251,0.03196835517883301,0.009320412517464072,True,False,300,300,54.23259999952279,53.80759999388829
attack_02,333402,person,D:\project CS\RT-DETRv2-COCO-Attack\source_data\attack_02\clean_images\000000333402.jpg,D:\project CS\RT-DETRv2-COCO-Attack\source_data\attack_02\patched_images\000000333402.jpg,True,True,0.9592231512069702,0.9571877717971802,"[475.7125244140625, 169.87167358398438, 562.698486328125, 393.4965515136719]","[475.6861572265625, 169.7545166015625, 562.8611450195312, 393.5183410644531]",0.9586479629716743,0.960574137640168,0.002035379409790039,-0.001926174668493652,True,False,300,300,54.91799999435898,55.52480000187643
attack_02,334006,car,D:\project CS\RT-DETRv2-COCO-Attack\source_data\attack_02\clean_images\000000334006.jpg,D:\project CS\RT-DETRv2-COCO-Attack\source_data\attack_02\patched_images\000000334006.jpg,True,True,0.9113218188285828,0.9055159091949463,"[0.19079208374023438, 216.3332061767578, 181.0352325439453, 332.64959716796875]","[0.15596389770507812, 215.90737915039062, 180.94900512695312, 332.53973388671875]",0.9167740814044774,0.9212223433612077,0.005805909633636475,-0.004448261956730315,True,False,300,300,54.797400000097696,53.98810000042431
attack_02,334309,car,D:\project CS\RT-DETRv2-COCO-Attack\source_data\attack_02\clean_images\000000334309.jpg,D:\project CS\RT-DETRv2-COCO-Attack\source_data\attack_02\patched_images\000000334309.jpg,True,True,0.8555442690849304,0.8578842282295227,"[301.70770263671875, 81.26528930664062, 376.96380615234375, 121.17797088623047]","[301.6221923828125, 81.28272247314453, 376.561767578125, 121.42958068847656]",0.8985697487596729,0.897101614237095,-0.002339959144592285,0.0014681345225778797,True,False,300,300,55.69029999605846,55.358899997372646
attack_02,334483,person,D:\project CS\RT-DETRv2-COCO-Attack\source_data\attack_02\clean_images\000000334483.jpg,D:\project CS\RT-DETRv2-COCO-Attack\source_data\attack_02\patched_images\000000334483.jpg,True,True,0.9556838870048523,0.953403651714325,"[-0.06599664688110352, 90.55448913574219, 228.13018798828125, 422.55889892578125]","[0.00823974609375, 90.72357177734375, 228.60885620117188, 422.0513916015625]",0.9604528120338442,0.9607389734152305,0.0022802352905273438,-0.0002861613813862629,True,False,300,300,55.625199995120056,55.474799999501556
attack_02,336232,person,D:\project CS\RT-DETRv2-COCO-Attack\source_data\attack_02\clean_images\000000336232.jpg,D:\project CS\RT-DETRv2-COCO-Attack\source_data\attack_02\patched_images\000000336232.jpg,True,True,0.9325597286224365,0.9213468432426453,"[85.41426849365234, 132.40560913085938, 175.54409790039062, 305.9212951660156]","[84.44046020507812, 132.25039672851562, 176.01055908203125, 305.8825378417969]",0.96726596885841,0.9610285033550787,0.01121288537979126,0.006237465503331263,True,False,300,300,54.64149999897927,55.412200003047474
attack_02,338219,person,D:\project CS\RT-DETRv2-COCO-Attack\source_data\attack_02\clean_images\000000338219.jpg,D:\project CS\RT-DETRv2-COCO-Attack\source_data\attack_02\patched_images\000000338219.jpg,False,False,,,,,,,,,False,False,300,300,54.79380000178935,54.68349999864586
attack_02,338718,car,D:\project CS\RT-DETRv2-COCO-Attack\source_data\attack_02\clean_images\000000338718.jpg,D:\project CS\RT-DETRv2-COCO-Attack\source_data\attack_02\patched_images\000000338718.jpg,True,True,0.9010917544364929,0.301607221364975,"[71.66494750976562, 5.886054992675781, 495.21868896484375, 196.73748779296875]","[69.43312072753906, 6.189523696899414, 495.1141662597656, 196.22064208984375]",0.9016754472248115,0.9096987882454495,0.5994845330715179,-0.008023341020637953,True,False,300,300,54.688899996108375,55.27080000319984
attack_02,338986,car,D:\project CS\RT-DETRv2-COCO-Attack\source_data\attack_02\clean_images\000000338986.jpg,D:\project CS\RT-DETRv2-COCO-Attack\source_data\attack_02\patched_images\000000338986.jpg,True,True,0.8200874924659729,0.25343790650367737,"[296.69366455078125, 536.7944946289062, 402.69476318359375, 629.0172119140625]","[296.2305908203125, 534.5203857421875, 402.4387512207031, 628.4491577148438]",0.8350077219988722,0.8622609887121548,0.5666495859622955,-0.027253266713282653,True,False,300,300,54.44619999616407,54.51629999879515
attack_02,343803,person,D:\project CS\RT-DETRv2-COCO-Attack\source_data\attack_02\clean_images\000000343803.jpg,D:\project CS\RT-DETRv2-COCO-Attack\source_data\attack_02\patched_images\000000343803.jpg,True,True,0.9642096161842346,0.9655400514602661,"[18.788482666015625, 133.72755432128906, 337.0122375488281, 610.9478759765625]","[18.646503448486328, 133.64434814453125, 336.73492431640625, 610.2554321289062]",0.9830538292423074,0.9847292225787341,-0.0013304352760314941,-0.0016753933364266338,True,False,300,300,54.928199999267235,55.189300001075026
attack_02,344029,car,D:\project CS\RT-DETRv2-COCO-Attack\source_data\attack_02\clean_images\000000344029.jpg,D:\project CS\RT-DETRv2-COCO-Attack\source_data\attack_02\patched_images\000000344029.jpg,True,True,0.48050498962402344,0.37450873851776123,"[1.0666322708129883, 223.35787963867188, 47.76225280761719, 274.01287841796875]","[1.136314868927002, 223.4915313720703, 47.7534294128418, 273.8927917480469]",0.7724435607585296,0.777639714335084,0.10599625110626221,-0.005196153576554452,True,False,300,300,54.64600000414066,54.328699996403884
attack_02,344909,car,D:\project CS\RT-DETRv2-COCO-Attack\source_data\attack_02\clean_images\000000344909.jpg,D:\project CS\RT-DETRv2-COCO-Attack\source_data\attack_02\patched_images\000000344909.jpg,True,True,0.3947661221027374,0.7534018754959106,"[380.61700439453125, 197.22576904296875, 440.15069580078125, 236.4556121826172]","[366.493896484375, 196.03982543945312, 439.0900573730469, 236.7524871826172]",0.9325348013967861,0.784674402876075,-0.3586357533931732,0.1478603985207111,True,False,300,300,54.62590000388445,55.1770999954897
attack_02,345941,person,D:\project CS\RT-DETRv2-COCO-Attack\source_data\attack_02\clean_images\000000345941.jpg,D:\project CS\RT-DETRv2-COCO-Attack\source_data\attack_02\patched_images\000000345941.jpg,True,True,0.8186334371566772,0.849349319934845,"[450.40692138671875, 21.471576690673828, 621.0278930664062, 176.20729064941406]","[451.39056396484375, 21.10836410522461, 621.0860595703125, 174.65423583984375]",0.8323990336839044,0.8437950972752513,-0.030715882778167725,-0.011396063591346817,True,False,300,300,56.46919999708189,55.91830000048503
attack_02,346232,car,D:\project CS\RT-DETRv2-COCO-Attack\source_data\attack_02\clean_images\000000346232.jpg,D:\project CS\RT-DETRv2-COCO-Attack\source_data\attack_02\patched_images\000000346232.jpg,True,True,0.6244417428970337,0.5947695374488831,"[336.7735290527344, 315.3658447265625, 427.0556335449219, 385.3115234375]","[337.47332763671875, 315.6307678222656, 427.0810852050781, 385.77801513671875]",0.6343768092026972,0.6373142340038911,0.029672205448150635,-0.0029374248011938553,True,False,300,300,54.65299999923445,54.20369999774266
attack_02,347254,person,D:\project CS\RT-DETRv2-COCO-Attack\source_data\attack_02\clean_images\000000347254.jpg,D:\project CS\RT-DETRv2-COCO-Attack\source_data\attack_02\patched_images\000000347254.jpg,True,True,0.884404718875885,0.8707150220870972,"[-2.457719326019287, 23.78670883178711, 322.4207763671875, 496.4363708496094]","[1.1857821941375732, 25.28546714782715, 323.0055847167969, 496.08807373046875]",0.9733914982927582,0.9792587519012573,0.013689696788787842,-0.005867253608499157,True,False,300,300,55.53130000043893,55.33309999736957
attack_02,347370,person,D:\project CS\RT-DETRv2-COCO-Attack\source_data\attack_02\clean_images\000000347370.jpg,D:\project CS\RT-DETRv2-COCO-Attack\source_data\attack_02\patched_images\000000347370.jpg,True,False,0.3804050385951996,,"[0.03679096698760986, 61.12954330444336, 106.59294128417969, 372.11279296875]",,0.7970542929699889,,,,True,True,300,300,56.989899996551685,56.578499999886844
attack_02,350003,car,D:\project CS\RT-DETRv2-COCO-Attack\source_data\attack_02\clean_images\000000350003.jpg,D:\project CS\RT-DETRv2-COCO-Attack\source_data\attack_02\patched_images\000000350003.jpg,True,True,0.9379361271858215,0.9360865950584412,"[475.41265869140625, 258.5132141113281, 528.182373046875, 299.267333984375]","[475.4149169921875, 258.584716796875, 528.2520751953125, 299.42376708984375]",0.9604133061456123,0.9596345095522738,0.001849532127380371,0.00077879659333846,True,False,300,300,54.38690000300994,54.366600001230836
attack_02,351530,person,D:\project CS\RT-DETRv2-COCO-Attack\source_data\attack_02\clean_images\000000351530.jpg,D:\project CS\RT-DETRv2-COCO-Attack\source_data\attack_02\patched_images\000000351530.jpg,True,True,0.9342612028121948,0.9180340766906738,"[135.16506958007812, 114.7780532836914, 247.86587524414062, 279.0937805175781]","[135.29869079589844, 114.7761001586914, 247.22775268554688, 279.1048278808594]",0.6722641642320838,0.6689711408811226,0.016227126121520996,0.003293023350961155,True,False,300,300,54.83729999832576,55.55189999722643
attack_02,355325,person,D:\project CS\RT-DETRv2-COCO-Attack\source_data\attack_02\clean_images\000000355325.jpg,D:\project CS\RT-DETRv2-COCO-Attack\source_data\attack_02\patched_images\000000355325.jpg,True,True,0.2512679994106293,0.2893300950527191,"[346.6723327636719, 1.4391422271728516, 477.59100341796875, 164.37557983398438]","[345.181884765625, 0.7776927947998047, 477.66204833984375, 98.01904296875]",0.8172078946302793,0.6390855338638561,-0.038062095642089844,0.17812236076642318,True,False,300,300,56.41930000274442,56.36450000019977
attack_02,356169,car,D:\project CS\RT-DETRv2-COCO-Attack\source_data\attack_02\clean_images\000000356169.jpg,D:\project CS\RT-DETRv2-COCO-Attack\source_data\attack_02\patched_images\000000356169.jpg,False,False,,,,,,,,,False,False,300,300,54.858000003150664,53.53810000087833
attack_02,356424,car,D:\project CS\RT-DETRv2-COCO-Attack\source_data\attack_02\clean_images\000000356424.jpg,D:\project CS\RT-DETRv2-COCO-Attack\source_data\attack_02\patched_images\000000356424.jpg,True,True,0.6518029570579529,0.7679633498191833,"[326.3079528808594, 193.92022705078125, 387.2255554199219, 230.14234924316406]","[326.1127014160156, 193.85252380371094, 387.3724060058594, 228.6850128173828]",0.8967815284906728,0.9403169683302952,-0.11616039276123047,-0.04353543983962238,True,False,300,300,55.40109999856213,55.87780000496423
attack_02,357459,person,D:\project CS\RT-DETRv2-COCO-Attack\source_data\attack_02\clean_images\000000357459.jpg,D:\project CS\RT-DETRv2-COCO-Attack\source_data\attack_02\patched_images\000000357459.jpg,True,True,0.9306769967079163,0.6211533546447754,"[-0.12926101684570312, 148.6119842529297, 170.88804626464844, 329.9420471191406]","[-0.343170166015625, 149.05657958984375, 170.50946044921875, 330.0299377441406]",0.96424756313973,0.9581155220318549,0.30952364206314087,0.00613204110787513,True,False,300,300,54.67240000143647,55.66910000197822
attack_02,357737,car,D:\project CS\RT-DETRv2-COCO-Attack\source_data\attack_02\clean_images\000000357737.jpg,D:\project CS\RT-DETRv2-COCO-Attack\source_data\attack_02\patched_images\000000357737.jpg,True,True,0.949182391166687,0.9504095911979675,"[61.60267639160156, 110.6890869140625, 373.3298034667969, 255.6090545654297]","[61.253082275390625, 110.58383178710938, 374.10552978515625, 255.3930206298828]",0.895547706381417,0.8948969995553022,-0.0012272000312805176,0.0006507068261147886,True,False,300,300,55.02610000257846,55.165099998703226
attack_02,365207,car,D:\project CS\RT-DETRv2-COCO-Attack\source_data\attack_02\clean_images\000000365207.jpg,D:\project CS\RT-DETRv2-COCO-Attack\source_data\attack_02\patched_images\000000365207.jpg,True,True,0.767763078212738,0.775088369846344,"[399.6110534667969, 173.77804565429688, 586.8192138671875, 530.56103515625]","[399.164794921875, 176.5145721435547, 585.6368408203125, 530.9732055664062]",0.8340037032290589,0.8316673369667793,-0.007325291633605957,0.002336366262279621,True,False,300,300,56.03550000523683,55.70540000189794
attack_02,365642,car,D:\project CS\RT-DETRv2-COCO-Attack\source_data\attack_02\clean_images\000000365642.jpg,D:\project CS\RT-DETRv2-COCO-Attack\source_data\attack_02\patched_images\000000365642.jpg,True,True,0.7813763618469238,0.25667721033096313,"[-0.07510511577129364, 29.277259826660156, 92.01226043701172, 94.68252563476562]","[0.0345674604177475, 28.709943771362305, 92.02056884765625, 96.32206726074219]",0.9286825732920088,0.9156625734987582,0.5246991515159607,0.013019999793250525,True,False,300,300,54.020700001274236,55.45870000059949
attack_02,368335,car,D:\project CS\RT-DETRv2-COCO-Attack\source_data\attack_02\clean_images\000000368335.jpg,D:\project CS\RT-DETRv2-COCO-Attack\source_data\attack_02\patched_images\000000368335.jpg,True,True,0.9295677542686462,0.9295068383216858,"[-0.016982898116111755, 97.67433166503906, 113.21891021728516, 518.9818115234375]","[0.07139798998832703, 97.70875549316406, 112.92418670654297, 518.789306640625]",0.8934612470625283,0.892047373070852,6.091594696044922e-05,0.001413873991676251,True,False,300,300,55.446599995775614,55.33550000109244
attack_02,368752,person,D:\project CS\RT-DETRv2-COCO-Attack\source_data\attack_02\clean_images\000000368752.jpg,D:\project CS\RT-DETRv2-COCO-Attack\source_data\attack_02\patched_images\000000368752.jpg,True,True,0.8849661350250244,0.8869543075561523,"[1.4645147323608398, 8.473243713378906, 247.10031127929688, 401.78778076171875]","[1.5627050399780273, 4.207744598388672, 246.75579833984375, 395.7456970214844]",0.9781893730024666,0.9642352058066429,-0.0019881725311279297,0.013954167195823652,True,False,300,300,55.79950000537792,56.02360000193585
attack_02,372260,car,D:\project CS\RT-DETRv2-COCO-Attack\source_data\attack_02\clean_images\000000372260.jpg,D:\project CS\RT-DETRv2-COCO-Attack\source_data\attack_02\patched_images\000000372260.jpg,True,True,0.9435958862304688,0.9397709369659424,"[0.17202454805374146, 314.06878662109375, 117.14310455322266, 522.3325805664062]","[0.12520073354244232, 313.99517822265625, 116.94416809082031, 522.2507934570312]",0.9675291463502602,0.9655655906682131,0.003824949264526367,0.001963555682047091,True,False,300,300,54.4681999963359,54.74580000009155
attack_02,379800,car,D:\project CS\RT-DETRv2-COCO-Attack\source_data\attack_02\clean_images\000000379800.jpg,D:\project CS\RT-DETRv2-COCO-Attack\source_data\attack_02\patched_images\000000379800.jpg,True,True,0.9110950827598572,0.8874602317810059,"[560.2621459960938, 318.7695007324219, 639.67333984375, 375.4443054199219]","[560.950927734375, 321.2064208984375, 639.6792602539062, 375.2810363769531]",0.9386741888831922,0.9067838528581632,0.02363485097885132,0.031890336025029,True,False,300,300,54.187300003832206,53.610099996149074
attack_02,382111,car,D:\project CS\RT-DETRv2-COCO-Attack\source_data\attack_02\clean_images\000000382111.jpg,D:\project CS\RT-DETRv2-COCO-Attack\source_data\attack_02\patched_images\000000382111.jpg,False,False,,,,,,,,,False,False,300,300,54.814499999338295,55.19079999794485
attack_02,383289,car,D:\project CS\RT-DETRv2-COCO-Attack\source_data\attack_02\clean_images\000000383289.jpg,D:\project CS\RT-DETRv2-COCO-Attack\source_data\attack_02\patched_images\000000383289.jpg,True,True,0.9483674764633179,0.9545404314994812,"[0.09916305541992188, 149.11602783203125, 450.62750244140625, 438.16754150390625]","[0.09202957153320312, 147.05776977539062, 450.44561767578125, 438.1140441894531]",0.7203465294951907,0.715662460626282,-0.00617295503616333,0.0046840688689087084,True,False,300,300,55.65529999876162,55.06329999479931
attack_02,385029,person,D:\project CS\RT-DETRv2-COCO-Attack\source_data\attack_02\clean_images\000000385029.jpg,D:\project CS\RT-DETRv2-COCO-Attack\source_data\attack_02\patched_images\000000385029.jpg,True,True,0.9284204840660095,0.5468213558197021,"[-0.07950782775878906, 305.3977966308594, 272.414306640625, 476.8599548339844]","[0.2660369873046875, 304.89300537109375, 272.4001770019531, 477.0458984375]",0.9683328812259033,0.9658996747950653,0.3815991282463074,0.0024332064308379975,True,False,300,300,55.56320000323467,55.40430000110064
attack_02,391140,person,D:\project CS\RT-DETRv2-COCO-Attack\source_data\attack_02\clean_images\000000391140.jpg,D:\project CS\RT-DETRv2-COCO-Attack\source_data\attack_02\patched_images\000000391140.jpg,True,True,0.962701678276062,0.963703453540802,"[77.5564193725586, 80.71346282958984, 400.8487548828125, 475.613037109375]","[77.94435119628906, 80.68788146972656, 400.96612548828125, 475.3924255371094]",0.9526658850067184,0.9539349552423863,-0.0010017752647399902,-0.0012690702356678019,True,False,300,300,56.20980000094278,55.44559999543708
attack_02,391290,car,D:\project CS\RT-DETRv2-COCO-Attack\source_data\attack_02\clean_images\000000391290.jpg,D:\project CS\RT-DETRv2-COCO-Attack\source_data\attack_02\patched_images\000000391290.jpg,True,True,0.3071390390396118,0.4756922423839569,"[120.724853515625, 50.163414001464844, 231.48680114746094, 99.13522338867188]","[121.82600402832031, 50.79776382446289, 230.6217041015625, 99.30347442626953]",0.9075939615502558,0.9001940844071596,-0.1685532033443451,0.007399877143096201,True,False,300,300,54.31769999995595,55.138300005637575
attack_02,392722,car,D:\project CS\RT-DETRv2-COCO-Attack\source_data\attack_02\clean_images\000000392722.jpg,D:\project CS\RT-DETRv2-COCO-Attack\source_data\attack_02\patched_images\000000392722.jpg,True,True,0.6211127042770386,0.7533746361732483,"[315.0330810546875, 265.9386291503906, 352.8167419433594, 294.5390319824219]","[317.968994140625, 267.0025634765625, 353.069091796875, 294.7066650390625]",0.8573726216790036,0.8334520068183338,-0.13226193189620972,0.023920614860669875,True,False,300,300,53.78719999862369,54.471099996590056
attack_02,393093,car,D:\project CS\RT-DETRv2-COCO-Attack\source_data\attack_02\clean_images\000000393093.jpg,D:\project CS\RT-DETRv2-COCO-Attack\source_data\attack_02\patched_images\000000393093.jpg,True,True,0.9205307364463806,0.8619562387466431,"[280.6622619628906, 355.5302429199219, 359.61346435546875, 400.9232177734375]","[280.55718994140625, 355.64227294921875, 359.2980651855469, 400.8957824707031]",0.9386070114653046,0.9382746436096252,0.05857449769973755,0.0003323678556793608,True,False,300,300,53.95139999745879,54.42629999743076
attack_02,393226,person,D:\project CS\RT-DETRv2-COCO-Attack\source_data\attack_02\clean_images\000000393226.jpg,D:\project CS\RT-DETRv2-COCO-Attack\source_data\attack_02\patched_images\000000393226.jpg,True,True,0.9300714135169983,0.9339168071746826,"[93.92707824707031, 193.50152587890625, 155.121337890625, 337.5582580566406]","[93.72491455078125, 193.60765075683594, 155.34295654296875, 337.5729675292969]",0.9741567135387738,0.968071201160556,-0.003845393657684326,0.00608551237821775,True,False,300,300,54.386299998441245,53.93609999737237
attack_02,397133,person,D:\project CS\RT-DETRv2-COCO-Attack\source_data\attack_02\clean_images\000000397133.jpg,D:\project CS\RT-DETRv2-COCO-Attack\source_data\attack_02\patched_images\000000397133.jpg,True,True,0.9525681734085083,0.9487524032592773,"[384.9752502441406, 69.05935668945312, 499.9266357421875, 347.0066223144531]","[385.421630859375, 69.01713562011719, 500.0759582519531, 347.14410400390625]",0.947116610593054,0.949871680229196,0.003815770149230957,-0.002755069636142027,True,False,300,300,55.30970000108937,55.47389999992447
attack_02,398237,person,D:\project CS\RT-DETRv2-COCO-Attack\source_data\attack_02\clean_images\000000398237.jpg,D:\project CS\RT-DETRv2-COCO-Attack\source_data\attack_02\patched_images\000000398237.jpg,True,True,0.9452495574951172,0.9443970918655396,"[277.82025146484375, 110.14483642578125, 399.8711853027344, 383.82073974609375]","[277.69195556640625, 110.58949279785156, 400.17236328125, 383.75665283203125]",0.9351072965796943,0.9325770454350129,0.0008524656295776367,0.002530251144681417,True,False,300,300,54.64600000414066,54.570200001762714
attack_02,400367,car,D:\project CS\RT-DETRv2-COCO-Attack\source_data\attack_02\clean_images\000000400367.jpg,D:\project CS\RT-DETRv2-COCO-Attack\source_data\attack_02\patched_images\000000400367.jpg,True,True,0.9333730340003967,0.9278155565261841,"[9.660906791687012, 241.04624938964844, 130.51336669921875, 326.6741027832031]","[9.674407958984375, 241.0688934326172, 131.13784790039062, 326.6557922363281]",0.8894292821871338,0.885378778406974,0.0055574774742126465,0.004050503780159809,True,False,300,300,53.735699999378994,54.15930000162916
attack_02,400573,person,D:\project CS\RT-DETRv2-COCO-Attack\source_data\attack_02\clean_images\000000400573.jpg,D:\project CS\RT-DETRv2-COCO-Attack\source_data\attack_02\patched_images\000000400573.jpg,True,True,0.9794396758079529,0.9785118699073792,"[-0.2773761749267578, 1.3483428955078125, 479.6993408203125, 633.6074829101562]","[0.1977825164794922, 1.2479972839355469, 479.0416564941406, 633.3636474609375]",0.9912275905744768,0.9913889508255138,0.0009278059005737305,-0.00016136025103696827,True,False,300,300,55.2566000042134,55.20990000513848
attack_02,402118,person,D:\project CS\RT-DETRv2-COCO-Attack\source_data\attack_02\clean_images\000000402118.jpg,D:\project CS\RT-DETRv2-COCO-Attack\source_data\attack_02\patched_images\000000402118.jpg,True,True,0.9609861969947815,0.9633899331092834,"[186.17724609375, 67.09970092773438, 488.6326904296875, 307.08740234375]","[186.0722198486328, 67.80164337158203, 488.92486572265625, 306.5113525390625]",0.9625082417864698,0.9568720229652358,-0.002403736114501953,0.005636218821233996,True,False,300,300,54.32920000021113,54.23570000129985
attack_02,402774,person,D:\project CS\RT-DETRv2-COCO-Attack\source_data\attack_02\clean_images\000000402774.jpg,D:\project CS\RT-DETRv2-COCO-Attack\source_data\attack_02\patched_images\000000402774.jpg,True,True,0.9524070620536804,0.9502201676368713,"[128.8856964111328, 158.85423278808594, 273.4613342285156, 621.9414672851562]","[128.71417236328125, 158.60740661621094, 273.27392578125, 621.976318359375]",0.9648854880947545,0.965366313324577,0.002186894416809082,-0.0004808252298225124,True,False,300,300,55.60870000044815,54.967599993688054
attack_02,404484,person,D:\project CS\RT-DETRv2-COCO-Attack\source_data\attack_02\clean_images\000000404484.jpg,D:\project CS\RT-DETRv2-COCO-Attack\source_data\attack_02\patched_images\000000404484.jpg,True,True,0.3573245406150818,0.6164355874061584,"[175.69659423828125, 23.962644577026367, 262.8775634765625, 106.75794219970703]","[174.37442016601562, 24.07805061340332, 262.1029052734375, 108.3070297241211]",0.9681775184583684,0.9542977693524375,-0.25911104679107666,0.013879749105930927,True,False,300,300,55.43399999442045,55.75010000029579
attack_02,406129,person,D:\project CS\RT-DETRv2-COCO-Attack\source_data\attack_02\clean_images\000000406129.jpg,D:\project CS\RT-DETRv2-COCO-Attack\source_data\attack_02\patched_images\000000406129.jpg,True,True,0.958312451839447,0.958343505859375,"[170.18409729003906, 165.62452697753906, 356.63037109375, 593.4246215820312]","[170.18113708496094, 165.36874389648438, 356.6642761230469, 593.2252197265625]",0.9085614143524499,0.9096719631105797,-3.1054019927978516e-05,-0.0011105487581298812,True,False,300,300,54.40610000368906,55.58529999689199
attack_02,407083,car,D:\project CS\RT-DETRv2-COCO-Attack\source_data\attack_02\clean_images\000000407083.jpg,D:\project CS\RT-DETRv2-COCO-Attack\source_data\attack_02\patched_images\000000407083.jpg,False,False,,,,,,,,,False,False,300,300,55.109599998104386,55.66190000536153
attack_02,408774,person,D:\project CS\RT-DETRv2-COCO-Attack\source_data\attack_02\clean_images\000000408774.jpg,D:\project CS\RT-DETRv2-COCO-Attack\source_data\attack_02\patched_images\000000408774.jpg,True,True,0.8583828210830688,0.8494913578033447,"[0.0012423843145370483, 109.7446517944336, 31.088443756103516, 332.1304931640625]","[-0.04889722913503647, 109.75052642822266, 31.04465103149414, 332.09674072265625]",0.9320962604487549,0.9294291571673989,0.008891463279724121,0.002667103281355998,True,False,300,300,55.08700000063982,53.97850000008475
attack_02,410456,person,D:\project CS\RT-DETRv2-COCO-Attack\source_data\attack_02\clean_images\000000410456.jpg,D:\project CS\RT-DETRv2-COCO-Attack\source_data\attack_02\patched_images\000000410456.jpg,True,True,0.9506778120994568,0.947746753692627,"[51.075286865234375, 119.91410827636719, 176.20086669921875, 323.9255676269531]","[51.172752380371094, 119.23439025878906, 176.52000427246094, 323.9930114746094]",0.9695498342237864,0.9741933900507848,0.002931058406829834,-0.00464355582699838,True,False,300,300,54.3072000000393,54.855899994436186
attack_02,411938,person,D:\project CS\RT-DETRv2-COCO-Attack\source_data\attack_02\clean_images\000000411938.jpg,D:\project CS\RT-DETRv2-COCO-Attack\source_data\attack_02\patched_images\000000411938.jpg,True,True,0.28632283210754395,0.38345929980278015,"[246.38916015625, 155.26268005371094, 412.91815185546875, 424.039794921875]","[302.9787902832031, 156.0069580078125, 424.53985595703125, 420.2961730957031]",0.8486339066749782,0.722715896070514,-0.0971364676952362,0.12591801060446417,True,False,300,300,54.53449999913573,55.513799998152535
attack_02,413689,car,D:\project CS\RT-DETRv2-COCO-Attack\source_data\attack_02\clean_images\000000413689.jpg,D:\project CS\RT-DETRv2-COCO-Attack\source_data\attack_02\patched_images\000000413689.jpg,True,True,0.8854199051856995,0.5141614675521851,"[2.05125093460083, 144.71847534179688, 54.918975830078125, 167.42543029785156]","[2.2024571895599365, 144.6471405029297, 33.83030700683594, 165.3306121826172]",0.9423713554667529,0.5256775389147478,0.3712584376335144,0.4166938165520051,True,False,300,300,54.405899994890206,54.77270000119461
attack_02,417779,car,D:\project CS\RT-DETRv2-COCO-Attack\source_data\attack_02\clean_images\000000417779.jpg,D:\project CS\RT-DETRv2-COCO-Attack\source_data\attack_02\patched_images\000000417779.jpg,True,True,0.896216630935669,0.8957436680793762,"[189.34130859375, 100.29190063476562, 256.041259765625, 141.54779052734375]","[189.90293884277344, 100.29032135009766, 255.8858642578125, 141.801513671875]",0.7725593886482695,0.7805983040645199,0.0004729628562927246,-0.008038915416250458,True,False,300,300,54.880099996807985,54.340399998181965
attack_02,418696,car,D:\project CS\RT-DETRv2-COCO-Attack\source_data\attack_02\clean_images\000000418696.jpg,D:\project CS\RT-DETRv2-COCO-Attack\source_data\attack_02\patched_images\000000418696.jpg,True,True,0.7849339246749878,0.26309478282928467,"[518.0321655273438, 281.2240295410156, 577.87890625, 307.9889831542969]","[518.1017456054688, 281.61334228515625, 577.9723510742188, 308.30450439453125]",0.6956864529266544,0.6940450817943643,0.5218391418457031,0.0016413711322901259,True,False,300,300,54.190399998333305,54.50859999837121
attack_02,420840,person,D:\project CS\RT-DETRv2-COCO-Attack\source_data\attack_02\clean_images\000000420840.jpg,D:\project CS\RT-DETRv2-COCO-Attack\source_data\attack_02\patched_images\000000420840.jpg,True,True,0.9534029960632324,0.9604642391204834,"[173.293212890625, 3.7461485862731934, 464.1026306152344, 421.08758544921875]","[172.970458984375, 1.1170639991760254, 464.276611328125, 421.2369079589844]",0.9617313995947726,0.9537420192581619,-0.0070612430572509766,0.007989380336610674,True,False,300,300,55.924600004800595,55.71760000020731
attack_02,421455,person,D:\project CS\RT-DETRv2-COCO-Attack\source_data\attack_02\clean_images\000000421455.jpg,D:\project CS\RT-DETRv2-COCO-Attack\source_data\attack_02\patched_images\000000421455.jpg,True,True,0.5140397548675537,0.28207990527153015,"[46.704856872558594, 79.60070037841797, 213.32565307617188, 373.091796875]","[43.83931350708008, 73.85652160644531, 212.5513916015625, 372.3581848144531]",0.9432937248878092,0.9200762305248289,0.23195984959602356,0.023217494362980262,True,False,300,300,56.094799998390954,56.038599999737926
attack_02,424521,person,D:\project CS\RT-DETRv2-COCO-Attack\source_data\attack_02\clean_images\000000424521.jpg,D:\project CS\RT-DETRv2-COCO-Attack\source_data\attack_02\patched_images\000000424521.jpg,True,True,0.9457225203514099,0.9316308498382568,"[45.975318908691406, 140.12164306640625, 179.06466674804688, 299.8545227050781]","[45.511478424072266, 139.98715209960938, 179.15298461914062, 300.15093994140625]",0.9803766524951191,0.9870997340294669,0.014091670513153076,-0.006723081534347863,True,False,300,300,54.10120000306051,54.64699999720324
attack_02,425226,person,D:\project CS\RT-DETRv2-COCO-Attack\source_data\attack_02\clean_images\000000425226.jpg,D:\project CS\RT-DETRv2-COCO-Attack\source_data\attack_02\patched_images\000000425226.jpg,True,True,0.92476886510849,0.9348341226577759,"[72.15684509277344, 204.8723602294922, 377.8656005859375, 578.8594970703125]","[72.62644958496094, 203.5740966796875, 381.795166015625, 579.1428833007812]",0.97931366617104,0.9642759235302136,-0.010065257549285889,0.015037742640826357,True,False,300,300,54.95040000096196,55.11059999844292
attack_02,427655,car,D:\project CS\RT-DETRv2-COCO-Attack\source_data\attack_02\clean_images\000000427655.jpg,D:\project CS\RT-DETRv2-COCO-Attack\source_data\attack_02\patched_images\000000427655.jpg,True,True,0.7883830070495605,0.7506605386734009,"[220.73757934570312, 225.64569091796875, 278.6551208496094, 265.32342529296875]","[220.88262939453125, 225.46029663085938, 278.519287109375, 262.4930419921875]",0.7419792466146424,0.7328965326966015,0.03772246837615967,0.009082713918040941,True,False,300,300,55.28829999821028,55.26760000066133
attack_02,429690,person,D:\project CS\RT-DETRv2-COCO-Attack\source_data\attack_02\clean_images\000000429690.jpg,D:\project CS\RT-DETRv2-COCO-Attack\source_data\attack_02\patched_images\000000429690.jpg,True,True,0.965206503868103,0.9656809568405151,"[0.04947662353515625, -0.12164393067359924, 226.408203125, 425.20977783203125]","[0.15230178833007812, 0.3529188334941864, 224.82498168945312, 424.57891845703125]",0.9833098160660201,0.9828278647402638,-0.0004744529724121094,0.0004819513257562358,True,False,300,300,54.90009999630274,54.79670000204351
attack_02,430048,car,D:\project CS\RT-DETRv2-COCO-Attack\source_data\attack_02\clean_images\000000430048.jpg,D:\project CS\RT-DETRv2-COCO-Attack\source_data\attack_02\patched_images\000000430048.jpg,True,True,0.5533578395843506,0.3508725166320801,"[215.5944366455078, 239.86752319335938, 293.7069091796875, 275.29852294921875]","[215.5239715576172, 239.6475372314453, 293.4378356933594, 276.82611083984375]",0.7952080107115904,0.8049884663387284,0.2024853229522705,-0.00978045562713803,True,False,300,300,54.465500004880596,55.13680000149179
attack_02,430377,person,D:\project CS\RT-DETRv2-COCO-Attack\source_data\attack_02\clean_images\000000430377.jpg,D:\project CS\RT-DETRv2-COCO-Attack\source_data\attack_02\patched_images\000000430377.jpg,True,True,0.9526675939559937,0.9529906511306763,"[82.49824523925781, 51.401100158691406, 259.9609069824219, 580.6826171875]","[82.5816421508789, 51.4228630065918, 260.01373291015625, 580.9957275390625]",0.9113181282016398,0.9114338346303784,-0.0003230571746826172,-0.00011570642873859338,True,False,300,300,54.932700004428625,55.11089999345131
attack_02,431545,person,D:\project CS\RT-DETRv2-COCO-Attack\source_data\attack_02\clean_images\000000431545.jpg,D:\project CS\RT-DETRv2-COCO-Attack\source_data\attack_02\patched_images\000000431545.jpg,True,True,0.9528197646141052,0.9481750726699829,"[143.19688415527344, 81.47126007080078, 238.61285400390625, 293.03887939453125]","[143.04562377929688, 81.3313980102539, 238.34909057617188, 293.1434020996094]",0.9699337640857334,0.9743090499296839,0.0046446919441223145,-0.004375285843950527,True,False,300,300,54.52050000167219,55.15930000547087
attack_02,436617,person,D:\project CS\RT-DETRv2-COCO-Attack\source_data\attack_02\clean_images\000000436617.jpg,D:\project CS\RT-DETRv2-COCO-Attack\source_data\attack_02\patched_images\000000436617.jpg,True,True,0.9459044337272644,0.9375211000442505,"[57.51774597167969, 180.69822692871094, 250.13656616210938, 421.2585754394531]","[57.66474914550781, 180.38458251953125, 250.28948974609375, 421.2975769042969]",0.9608900476126596,0.9634698505282904,0.008383333683013916,-0.002579802915630758,True,False,300,300,55.19500000082189,54.75789999763947
attack_02,441553,person,D:\project CS\RT-DETRv2-COCO-Attack\source_data\attack_02\clean_images\000000441553.jpg,D:\project CS\RT-DETRv2-COCO-Attack\source_data\attack_02\patched_images\000000441553.jpg,False,False,,,,,,,,,False,False,300,300,54.26160000206437,54.92219999723602
attack_02,443426,person,D:\project CS\RT-DETRv2-COCO-Attack\source_data\attack_02\clean_images\000000443426.jpg,D:\project CS\RT-DETRv2-COCO-Attack\source_data\attack_02\patched_images\000000443426.jpg,True,True,0.947882890701294,0.9594594836235046,"[29.320507049560547, 205.49359130859375, 479.35186767578125, 635.2265625]","[29.806922912597656, 205.37933349609375, 479.4888916015625, 635.2501831054688]",0.9656296296774334,0.9650933161345411,-0.011576592922210693,0.0005363135428922972,True,False,300,300,56.04540000058478,55.89680000412045
attack_02,447314,person,D:\project CS\RT-DETRv2-COCO-Attack\source_data\attack_02\clean_images\000000447314.jpg,D:\project CS\RT-DETRv2-COCO-Attack\source_data\attack_02\patched_images\000000447314.jpg,True,True,0.9449855089187622,0.904972493648529,"[90.60205078125, 225.41580200195312, 222.47923278808594, 401.590087890625]","[89.84294891357422, 225.2138214111328, 222.14308166503906, 401.8622131347656]",0.9575815653994738,0.9628997195739472,0.040013015270233154,-0.005318154174473344,True,False,300,300,55.066399996576365,54.94209999596933
attack_02,449312,car,D:\project CS\RT-DETRv2-COCO-Attack\source_data\attack_02\clean_images\000000449312.jpg,D:\project CS\RT-DETRv2-COCO-Attack\source_data\attack_02\patched_images\000000449312.jpg,False,False,,,,,,,,,False,False,300,300,55.39449999923818,55.098099997849204
attack_02,451155,person,D:\project CS\RT-DETRv2-COCO-Attack\source_data\attack_02\clean_images\000000451155.jpg,D:\project CS\RT-DETRv2-COCO-Attack\source_data\attack_02\patched_images\000000451155.jpg,True,False,0.35752642154693604,,"[241.56146240234375, 167.53189086914062, 379.6069641113281, 385.7202453613281]",,0.6846912019145773,,,,True,True,300,300,55.84719999751542,55.79829999624053
attack_02,451714,person,D:\project CS\RT-DETRv2-COCO-Attack\source_data\attack_02\clean_images\000000451714.jpg,D:\project CS\RT-DETRv2-COCO-Attack\source_data\attack_02\patched_images\000000451714.jpg,True,True,0.9292527437210083,0.9272859692573547,"[178.45184326171875, 105.7314453125, 321.1732177734375, 578.2860107421875]","[178.75425720214844, 105.6270751953125, 321.0660095214844, 576.641845703125]",0.9548312095780318,0.9607099667256409,0.0019667744636535645,-0.005878757147609104,True,False,300,300,54.512100003194064,55.198900001414586
attack_02,453841,car,D:\project CS\RT-DETRv2-COCO-Attack\source_data\attack_02\clean_images\000000453841.jpg,D:\project CS\RT-DETRv2-COCO-Attack\source_data\attack_02\patched_images\000000453841.jpg,True,True,0.9330289959907532,0.9312155842781067,"[202.78109741210938, 160.93565368652344, 396.3634948730469, 321.11279296875]","[202.63841247558594, 160.9964599609375, 396.1330871582031, 320.2128601074219]",0.9175221287427235,0.9122434807689335,0.0018134117126464844,0.005278647973790074,True,False,300,300,54.608500002359506,54.5983999982127
attack_02,454661,car,D:\project CS\RT-DETRv2-COCO-Attack\source_data\attack_02\clean_images\000000454661.jpg,D:\project CS\RT-DETRv2-COCO-Attack\source_data\attack_02\patched_images\000000454661.jpg,True,True,0.9586371183395386,0.9585462212562561,"[248.40802001953125, 183.36404418945312, 639.6906127929688, 359.3902893066406]","[248.19186401367188, 183.38717651367188, 639.8406372070312, 359.1097412109375]",0.982337270541106,0.9810411480883996,9.08970832824707e-05,0.001296122452706383,True,False,300,300,55.218599998624995,55.33870000363095
attack_02,455219,person,D:\project CS\RT-DETRv2-COCO-Attack\source_data\attack_02\clean_images\000000455219.jpg,D:\project CS\RT-DETRv2-COCO-Attack\source_data\attack_02\patched_images\000000455219.jpg,True,True,0.9189984798431396,0.9194952249526978,"[470.9996337890625, 202.48626708984375, 547.9125366210938, 369.11920166015625]","[471.7040710449219, 202.19427490234375, 547.7366333007812, 368.7586975097656]",0.9300843079912384,0.9372550781881296,-0.0004967451095581055,-0.007170770196891163,True,False,300,300,54.775999997218605,55.37639999965904
attack_02,461751,car,D:\project CS\RT-DETRv2-COCO-Attack\source_data\attack_02\clean_images\000000461751.jpg,D:\project CS\RT-DETRv2-COCO-Attack\source_data\attack_02\patched_images\000000461751.jpg,True,True,0.6902812123298645,0.6659862399101257,"[0.2225494384765625, 32.16129684448242, 640.21826171875, 437.86505126953125]","[0.27172088623046875, 29.7630615234375, 640.2682495117188, 442.301513671875]",0.8575149286621333,0.8441632218793657,0.02429497241973877,0.013351706782767647,True,False,300,300,56.237400000100024,56.573599998955615
attack_02,463730,car,D:\project CS\RT-DETRv2-COCO-Attack\source_data\attack_02\clean_images\000000463730.jpg,D:\project CS\RT-DETRv2-COCO-Attack\source_data\attack_02\patched_images\000000463730.jpg,True,True,0.9224241375923157,0.9096505045890808,"[510.2166748046875, 184.63719177246094, 640.0023193359375, 322.1504821777344]","[510.31805419921875, 183.9189910888672, 639.928955078125, 322.42303466796875]",0.967365422523027,0.9645372198052363,0.012773633003234863,0.0028282027177907176,True,False,300,300,54.635799999232404,54.46739999752026
attack_02,464824,car,D:\project CS\RT-DETRv2-COCO-Attack\source_data\attack_02\clean_images\000000464824.jpg,D:\project CS\RT-DETRv2-COCO-Attack\source_data\attack_02\patched_images\000000464824.jpg,False,False,,,,,,,,,False,False,300,300,55.523600000014994,56.39819999487372
attack_02,466986,person,D:\project CS\RT-DETRv2-COCO-Attack\source_data\attack_02\clean_images\000000466986.jpg,D:\project CS\RT-DETRv2-COCO-Attack\source_data\attack_02\patched_images\000000466986.jpg,True,True,0.9518435001373291,0.9492685198783875,"[231.91307067871094, 148.8961181640625, 465.385498046875, 433.06292724609375]","[232.18960571289062, 148.39102172851562, 466.65386962890625, 433.7813720703125]",0.9432429945792685,0.9476051098811517,0.0025749802589416504,-0.004362115301883129,True,False,300,300,55.056899996998254,55.395000003045425
attack_02,475191,person,D:\project CS\RT-DETRv2-COCO-Attack\source_data\attack_02\clean_images\000000475191.jpg,D:\project CS\RT-DETRv2-COCO-Attack\source_data\attack_02\patched_images\000000475191.jpg,True,True,0.9341594576835632,0.9460643529891968,"[179.5443115234375, 87.35568237304688, 422.943115234375, 414.7170104980469]","[179.1763916015625, 23.446054458618164, 422.5357666015625, 413.8816833496094]",0.9676024414702182,0.8078839988768424,-0.011904895305633545,0.15971844259337586,True,False,300,300,54.23349999909988,55.29749999550404
attack_02,477805,person,D:\project CS\RT-DETRv2-COCO-Attack\source_data\attack_02\clean_images\000000477805.jpg,D:\project CS\RT-DETRv2-COCO-Attack\source_data\attack_02\patched_images\000000477805.jpg,True,True,0.607733964920044,0.6102145314216614,"[307.387939453125, 21.70049285888672, 579.8126831054688, 343.552734375]","[375.07659912109375, 14.856720924377441, 558.8735961914062, 338.72674560546875]",0.631526338281046,0.7257335825985184,-0.0024805665016174316,-0.0942072443174724,True,False,300,300,55.784799995308276,55.83730000216747
attack_02,480944,car,D:\project CS\RT-DETRv2-COCO-Attack\source_data\attack_02\clean_images\000000480944.jpg,D:\project CS\RT-DETRv2-COCO-Attack\source_data\attack_02\patched_images\000000480944.jpg,True,True,0.9286869168281555,0.9172300100326538,"[20.854013442993164, 355.547119140625, 123.88997650146484, 398.09259033203125]","[20.926984786987305, 355.5290222167969, 123.86437225341797, 397.86529541015625]",0.9703976070215942,0.9665505262851614,0.011456906795501709,0.0038470807364328063,True,False,300,300,54.80350000289036,58.79830000048969
attack_02,481413,person,D:\project CS\RT-DETRv2-COCO-Attack\source_data\attack_02\clean_images\000000481413.jpg,D:\project CS\RT-DETRv2-COCO-Attack\source_data\attack_02\patched_images\000000481413.jpg,True,True,0.9637497663497925,0.9653688073158264,"[202.851806640625, 99.8177490234375, 334.70184326171875, 333.7177429199219]","[202.7214813232422, 99.74053955078125, 334.301513671875, 333.6521911621094]",0.9806896519228412,0.97810232356342,-0.0016190409660339355,0.002587328359421215,True,False,300,300,54.86009999731323,54.108399999677204
attack_02,486438,person,D:\project CS\RT-DETRv2-COCO-Attack\source_data\attack_02\clean_images\000000486438.jpg,D:\project CS\RT-DETRv2-COCO-Attack\source_data\attack_02\patched_images\000000486438.jpg,True,True,0.8297730684280396,0.7420982122421265,"[66.88470458984375, 0.5972756147384644, 609.8497314453125, 237.21372985839844]","[76.06698608398438, 0.7795951962471008, 606.7074584960938, 231.79176330566406]",0.9357340580136699,0.9259881110189282,0.08767485618591309,0.009745946994741739,True,False,300,300,57.18930000148248,56.791899995005224
attack_02,491213,car,D:\project CS\RT-DETRv2-COCO-Attack\source_data\attack_02\clean_images\000000491213.jpg,D:\project CS\RT-DETRv2-COCO-Attack\source_data\attack_02\patched_images\000000491213.jpg,True,True,0.9051026105880737,0.9081516861915588,"[62.249107360839844, 82.58319091796875, 305.0366516113281, 248.18641662597656]","[62.519187927246094, 82.550048828125, 305.2098388671875, 248.130859375]",0.9531507044818358,0.9519507732928373,-0.0030490756034851074,0.0011999311889985265,True,False,300,300,54.96090000087861,54.756500001531094
attack_02,503755,person,D:\project CS\RT-DETRv2-COCO-Attack\source_data\attack_02\clean_images\000000503755.jpg,D:\project CS\RT-DETRv2-COCO-Attack\source_data\attack_02\patched_images\000000503755.jpg,True,True,0.9585951566696167,0.9621109962463379,"[19.793201446533203, 73.03924560546875, 479.70263671875, 637.9500732421875]","[20.311975479125977, 72.64707946777344, 479.61248779296875, 637.125732421875]",0.9757672402924533,0.9774271615147826,-0.0035158395767211914,-0.0016599212223292747,True,False,300,300,55.083599996578414,55.76969999674475
attack_02,504589,person,D:\project CS\RT-DETRv2-COCO-Attack\source_data\attack_02\clean_images\000000504589.jpg,D:\project CS\RT-DETRv2-COCO-Attack\source_data\attack_02\patched_images\000000504589.jpg,True,True,0.9640260934829712,0.9637918472290039,"[0.12575429677963257, 360.7069396972656, 153.18263244628906, 636.7222900390625]","[0.07686257362365723, 360.2989501953125, 152.6964111328125, 636.3651733398438]",0.9692540645039786,0.9663839997453367,0.00023424625396728516,0.0028700647586418215,True,False,300,300,54.62939999415539,55.226499993295874
attack_02,507667,car,D:\project CS\RT-DETRv2-COCO-Attack\source_data\attack_02\clean_images\000000507667.jpg,D:\project CS\RT-DETRv2-COCO-Attack\source_data\attack_02\patched_images\000000507667.jpg,True,True,0.7714818716049194,0.7991825938224792,"[212.84893798828125, 11.472466468811035, 352.84820556640625, 54.29148864746094]","[212.97177124023438, 11.279303550720215, 353.1192321777344, 54.104759216308594]",0.7921052243866691,0.7903873169059281,-0.027700722217559814,0.0017179074807409656,True,False,300,300,54.0852000049199,54.43260000174632
attack_02,507797,car,D:\project CS\RT-DETRv2-COCO-Attack\source_data\attack_02\clean_images\000000507797.jpg,D:\project CS\RT-DETRv2-COCO-Attack\source_data\attack_02\patched_images\000000507797.jpg,True,True,0.6123992204666138,0.5558463335037231,"[201.29122924804688, 177.87051391601562, 231.18675231933594, 205.91012573242188]","[204.84854125976562, 178.39251708984375, 230.845703125, 205.86245727539062]",0.8458288396555252,0.7349661014808425,0.056552886962890625,0.11086273817468273,True,False,300,300,54.27120000240393,54.35399999987567
attack_02,508602,car,D:\project CS\RT-DETRv2-COCO-Attack\source_data\attack_02\clean_images\000000508602.jpg,D:\project CS\RT-DETRv2-COCO-Attack\source_data\attack_02\patched_images\000000508602.jpg,True,True,0.88112872838974,0.8093971014022827,"[0.0292360782623291, 253.78289794921875, 500.0242004394531, 425.3458557128906]","[0.0013709068298339844, 253.96212768554688, 499.99493408203125, 425.3671569824219]",0.9805565342349887,0.9793932055677996,0.07173162698745728,0.0011633286671890453,True,False,300,300,55.0262999968254,55.42379999678815
attack_02,511076,car,D:\project CS\RT-DETRv2-COCO-Attack\source_data\attack_02\clean_images\000000511076.jpg,D:\project CS\RT-DETRv2-COCO-Attack\source_data\attack_02\patched_images\000000511076.jpg,True,False,0.3526659309864044,,"[179.70620727539062, 114.59371185302734, 225.83753967285156, 150.6311798095703]",,0.840559280767914,,,,True,True,300,300,54.34590000368189,54.695999999239575
attack_02,511599,person,D:\project CS\RT-DETRv2-COCO-Attack\source_data\attack_02\clean_images\000000511599.jpg,D:\project CS\RT-DETRv2-COCO-Attack\source_data\attack_02\patched_images\000000511599.jpg,True,True,0.2608911991119385,0.2678207457065582,"[400.7657470703125, 262.59820556640625, 431.4277648925781, 321.4382629394531]","[401.1410827636719, 262.0448303222656, 432.7056579589844, 321.15167236328125]",0.6425620524303771,0.66447548079784,-0.006929546594619751,-0.021913428367462906,True,False,300,300,54.23349999909988,54.01730000448879
attack_02,514586,car,D:\project CS\RT-DETRv2-COCO-Attack\source_data\attack_02\clean_images\000000514586.jpg,D:\project CS\RT-DETRv2-COCO-Attack\source_data\attack_02\patched_images\000000514586.jpg,False,True,,0.3773098587989807,,"[289.66876220703125, 120.4323501586914, 313.1012268066406, 151.47113037109375]",,0.5970511807219233,,,False,False,300,300,55.554700003995094,55.0920000023325
attack_02,515266,car,D:\project CS\RT-DETRv2-COCO-Attack\source_data\attack_02\clean_images\000000515266.jpg,D:\project CS\RT-DETRv2-COCO-Attack\source_data\attack_02\patched_images\000000515266.jpg,True,True,0.8182877898216248,0.7892132997512817,"[604.1604614257812, 105.43831634521484, 634.7510375976562, 129.87925720214844]","[604.1044921875, 104.98678588867188, 634.8416748046875, 129.69393920898438]",0.8218988311195271,0.8180492758529481,0.029074490070343018,0.003849555266579041,True,False,300,300,55.78579999564681,55.32239999593003
attack_02,517069,car,D:\project CS\RT-DETRv2-COCO-Attack\source_data\attack_02\clean_images\000000517069.jpg,D:\project CS\RT-DETRv2-COCO-Attack\source_data\attack_02\patched_images\000000517069.jpg,True,True,0.4306163489818573,0.37077486515045166,"[416.844482421875, 298.6153564453125, 547.587646484375, 355.5706481933594]","[416.8051452636719, 298.205322265625, 547.8425903320312, 355.79876708984375]",0.9260453447948573,0.913727829060656,0.05984148383140564,0.012317515734201367,True,False,300,300,54.291700005705934,54.96609999681823
attack_02,520009,car,D:\project CS\RT-DETRv2-COCO-Attack\source_data\attack_02\clean_images\000000520009.jpg,D:\project CS\RT-DETRv2-COCO-Attack\source_data\attack_02\patched_images\000000520009.jpg,True,True,0.9408585429191589,0.9456349015235901,"[-0.049754977226257324, 334.063720703125, 214.27792358398438, 411.5650329589844]","[-0.04326552152633667, 334.04193115234375, 214.32266235351562, 411.6315002441406]",0.9809342873791672,0.9817404169555377,-0.004776358604431152,-0.0008061295763704956,True,False,300,300,54.27060000511119,54.27069999859668
attack_02,521141,car,D:\project CS\RT-DETRv2-COCO-Attack\source_data\attack_02\clean_images\000000521141.jpg,D:\project CS\RT-DETRv2-COCO-Attack\source_data\attack_02\patched_images\000000521141.jpg,True,True,0.8971604108810425,0.7756277322769165,"[305.2796630859375, 241.88479614257812, 375.0226745605469, 272.7485046386719]","[305.55877685546875, 241.6180419921875, 374.8089904785156, 272.5616760253906]",0.9556452558256837,0.9543653276813489,0.12153267860412598,0.0012799281443348631,True,False,300,300,54.26660000375705,54.516900003363844
attack_02,526728,car,D:\project CS\RT-DETRv2-COCO-Attack\source_data\attack_02\clean_images\000000526728.jpg,D:\project CS\RT-DETRv2-COCO-Attack\source_data\attack_02\patched_images\000000526728.jpg,True,True,0.8746007680892944,0.6621589660644531,"[388.4332580566406, 172.1151123046875, 451.9426574707031, 197.12034606933594]","[388.982421875, 171.5673828125, 452.1260986328125, 197.1627197265625]",0.8965759463999895,0.9276383844253105,0.2124418020248413,-0.03106243802532105,True,False,300,300,54.20679999951972,54.614199994830415
attack_02,527220,car,D:\project CS\RT-DETRv2-COCO-Attack\source_data\attack_02\clean_images\000000527220.jpg,D:\project CS\RT-DETRv2-COCO-Attack\source_data\attack_02\patched_images\000000527220.jpg,True,True,0.5116764307022095,0.3671644628047943,"[3.6156325340270996, 4.183806896209717, 167.05014038085938, 159.84022521972656]","[3.3532679080963135, 4.262563705444336, 167.0891571044922, 159.0968475341797]",0.9739356904778499,0.9794110910030831,0.14451196789741516,-0.005475400525233209,True,False,300,300,56.48759999894537,56.17859999620123
attack_02,528705,person,D:\project CS\RT-DETRv2-COCO-Attack\source_data\attack_02\clean_images\000000528705.jpg,D:\project CS\RT-DETRv2-COCO-Attack\source_data\attack_02\patched_images\000000528705.jpg,True,True,0.8145859241485596,0.38737553358078003,"[330.13897705078125, 483.9632568359375, 425.90740966796875, 638.72216796875]","[329.1566467285156, 481.786865234375, 425.8868713378906, 638.68994140625]",0.7940774014607104,0.8131645665114726,0.42721039056777954,-0.019087165050762245,True,False,300,300,55.5400999946869,55.62459999782732
attack_02,530854,person,D:\project CS\RT-DETRv2-COCO-Attack\source_data\attack_02\clean_images\000000530854.jpg,D:\project CS\RT-DETRv2-COCO-Attack\source_data\attack_02\patched_images\000000530854.jpg,True,True,0.7384340167045593,0.7692378759384155,"[58.12721252441406, 134.2044219970703, 150.6031951904297, 169.605224609375]","[59.042640686035156, 134.6677703857422, 149.39059448242188, 169.218017578125]",0.8952661760800446,0.8998822463719717,-0.0308038592338562,-0.004616070291927121,True,False,300,300,57.01690000569215,56.00119999871822
attack_02,532855,person,D:\project CS\RT-DETRv2-COCO-Attack\source_data\attack_02\clean_images\000000532855.jpg,D:\project CS\RT-DETRv2-COCO-Attack\source_data\attack_02\patched_images\000000532855.jpg,True,True,0.9385466575622559,0.9036818146705627,"[103.75259399414062, 1.0459558963775635, 345.4623107910156, 226.00762939453125]","[95.13774108886719, 1.1415796279907227, 345.3868103027344, 227.9009552001953]",0.8481883040989506,0.8713047794766714,0.034864842891693115,-0.02311647537772077,True,False,300,300,55.95190000167349,56.053300002531614
attack_02,534041,person,D:\project CS\RT-DETRv2-COCO-Attack\source_data\attack_02\clean_images\000000534041.jpg,D:\project CS\RT-DETRv2-COCO-Attack\source_data\attack_02\patched_images\000000534041.jpg,True,True,0.8737022876739502,0.2545403242111206,"[198.66246032714844, 35.830745697021484, 499.9306335449219, 372.00250244140625]","[198.77464294433594, 37.00349807739258, 499.3556823730469, 371.2467041015625]",0.8362801877449385,0.8338373344763136,0.6191619634628296,0.0024428532686249227,True,False,300,300,55.600799998501316,56.16849999933038
attack_02,535306,person,D:\project CS\RT-DETRv2-COCO-Attack\source_data\attack_02\clean_images\000000535306.jpg,D:\project CS\RT-DETRv2-COCO-Attack\source_data\attack_02\patched_images\000000535306.jpg,True,True,0.9477114081382751,0.9460138082504272,"[112.43467712402344, 0.42388129234313965, 336.0299377441406, 209.0000762939453]","[112.2168197631836, 0.38394641876220703, 336.2723693847656, 209.04905700683594]",0.9349772216796419,0.9330959066694382,0.0016975998878479004,0.0018813150102037213,True,False,300,300,55.63039999833563,55.496900000434835
attack_02,538067,person,D:\project CS\RT-DETRv2-COCO-Attack\source_data\attack_02\clean_images\000000538067.jpg,D:\project CS\RT-DETRv2-COCO-Attack\source_data\attack_02\patched_images\000000538067.jpg,True,True,0.8960263133049011,0.8922427892684937,"[66.82579803466797, 310.6477966308594, 96.57601165771484, 346.3202819824219]","[67.95868682861328, 310.49505615234375, 96.54148864746094, 346.3204040527344]",0.8991427495231431,0.9357988777708928,0.0037835240364074707,-0.036656128247749664,True,False,300,300,55.45960000017658,54.23829999926966
attack_02,542625,car,D:\project CS\RT-DETRv2-COCO-Attack\source_data\attack_02\clean_images\000000542625.jpg,D:\project CS\RT-DETRv2-COCO-Attack\source_data\attack_02\patched_images\000000542625.jpg,True,True,0.9523985981941223,0.9525385499000549,"[283.8272705078125, 221.9315948486328, 639.4722900390625, 475.6513671875]","[282.1764831542969, 222.19171142578125, 639.5322265625, 475.5770568847656]",0.9784169373483214,0.9728547769200224,-0.0001399517059326172,0.0055621604282989345,True,False,300,300,55.182500000228174,55.358700003125705
attack_02,542776,person,D:\project CS\RT-DETRv2-COCO-Attack\source_data\attack_02\clean_images\000000542776.jpg,D:\project CS\RT-DETRv2-COCO-Attack\source_data\attack_02\patched_images\000000542776.jpg,True,False,0.2756689190864563,,"[243.31829833984375, 201.76893615722656, 640.34716796875, 423.0551452636719]",,0.9642655900728834,,,,True,True,300,300,56.706499999563675,56.0574999981327
attack_02,546475,person,D:\project CS\RT-DETRv2-COCO-Attack\source_data\attack_02\clean_images\000000546475.jpg,D:\project CS\RT-DETRv2-COCO-Attack\source_data\attack_02\patched_images\000000546475.jpg,True,True,0.7014518976211548,0.9591420292854309,"[30.321237564086914, 0.46661376953125, 381.80059814453125, 624.39794921875]","[29.817548751831055, 0.4576301574707031, 382.07794189453125, 623.59130859375]",0.9800694741275312,0.9782203461753053,-0.2576901316642761,0.0018491279522259152,True,False,300,300,56.25819999841042,55.82750000030501
attack_02,548246,person,D:\project CS\RT-DETRv2-COCO-Attack\source_data\attack_02\clean_images\000000548246.jpg,D:\project CS\RT-DETRv2-COCO-Attack\source_data\attack_02\patched_images\000000548246.jpg,True,True,0.9573829770088196,0.9595783352851868,"[214.763916015625, 98.6161117553711, 422.0930480957031, 424.4936218261719]","[215.078857421875, 98.7430648803711, 422.1499938964844, 424.8321228027344]",0.9858276276523449,0.9843170928834005,-0.0021953582763671875,0.0015105347689443605,True,False,300,300,54.49370000133058,54.14039999595843
attack_02,550691,car,D:\project CS\RT-DETRv2-COCO-Attack\source_data\attack_02\clean_images\000000550691.jpg,D:\project CS\RT-DETRv2-COCO-Attack\source_data\attack_02\patched_images\000000550691.jpg,True,True,0.9492477774620056,0.9484029412269592,"[115.93629455566406, 285.821533203125, 198.14511108398438, 353.9961853027344]","[115.80441284179688, 285.95343017578125, 198.10523986816406, 353.9885559082031]",0.9208461173555915,0.9178985927939445,0.0008448362350463867,0.0029475245616470414,True,False,300,300,54.20089999824995,54.21599999681348
attack_02,552842,person,D:\project CS\RT-DETRv2-COCO-Attack\source_data\attack_02\clean_images\000000552842.jpg,D:\project CS\RT-DETRv2-COCO-Attack\source_data\attack_02\patched_images\000000552842.jpg,True,True,0.944195032119751,0.9475568532943726,"[343.7800598144531, 210.09747314453125, 461.005859375, 312.7540283203125]","[343.77630615234375, 210.22703552246094, 461.07452392578125, 312.704345703125]",0.7906427062712645,0.7897497729091177,-0.003361821174621582,0.0008929333621467972,True,False,300,300,54.427600000053644,54.659900000842754
attack_02,553511,car,D:\project CS\RT-DETRv2-COCO-Attack\source_data\attack_02\clean_images\000000553511.jpg,D:\project CS\RT-DETRv2-COCO-Attack\source_data\attack_02\patched_images\000000553511.jpg,True,True,0.9370936155319214,0.938337504863739,"[49.12240982055664, 260.7121276855469, 191.27687072753906, 318.5692138671875]","[49.07968521118164, 260.7652282714844, 191.1915283203125, 318.3973693847656]",0.9711205048343603,0.9682143186837385,-0.001243889331817627,0.00290618615062177,True,False,300,300,54.146700000273995,53.83550000260584
attack_02,557672,person,D:\project CS\RT-DETRv2-COCO-Attack\source_data\attack_02\clean_images\000000557672.jpg,D:\project CS\RT-DETRv2-COCO-Attack\source_data\attack_02\patched_images\000000557672.jpg,True,True,0.9487094879150391,0.9590266346931458,"[223.3404541015625, 39.32444763183594, 516.5936889648438, 429.3673400878906]","[223.4075164794922, 38.975807189941406, 517.0311889648438, 428.8863830566406]",0.9315253484462047,0.9335753658880043,-0.01031714677810669,-0.0020500174417995565,True,False,300,300,56.22369999764487,56.4172000013059
attack_02,564336,car,D:\project CS\RT-DETRv2-COCO-Attack\source_data\attack_02\clean_images\000000564336.jpg,D:\project CS\RT-DETRv2-COCO-Attack\source_data\attack_02\patched_images\000000564336.jpg,False,False,,,,,,,,,False,False,300,300,55.675800002063625,55.32899999525398
attack_02,565391,car,D:\project CS\RT-DETRv2-COCO-Attack\source_data\attack_02\clean_images\000000565391.jpg,D:\project CS\RT-DETRv2-COCO-Attack\source_data\attack_02\patched_images\000000565391.jpg,True,False,0.2993369698524475,,"[0.034732818603515625, 504.905029296875, 100.6976089477539, 636.8175048828125]",,0.8971980028854213,,,,True,True,300,300,55.33209999703104,54.90049999934854
attack_02,569825,person,D:\project CS\RT-DETRv2-COCO-Attack\source_data\attack_02\clean_images\000000569825.jpg,D:\project CS\RT-DETRv2-COCO-Attack\source_data\attack_02\patched_images\000000569825.jpg,True,True,0.9350012540817261,0.9344185590744019,"[193.35174560546875, 28.51958656311035, 301.7473449707031, 466.4576110839844]","[192.96128845214844, 28.312965393066406, 301.8266296386719, 466.2765197753906]",0.920502198661135,0.9245451693178028,0.0005826950073242188,-0.00404297065666781,True,False,300,300,55.39940000016941,55.25399999896763
attack_02,571264,person,D:\project CS\RT-DETRv2-COCO-Attack\source_data\attack_02\clean_images\000000571264.jpg,D:\project CS\RT-DETRv2-COCO-Attack\source_data\attack_02\patched_images\000000571264.jpg,True,True,0.950961709022522,0.9525827169418335,"[260.30975341796875, 32.093318939208984, 411.33697509765625, 391.63092041015625]","[259.8924560546875, 32.010009765625, 411.3335876464844, 391.8216552734375]",0.9284476672388253,0.9256856148193471,-0.0016210079193115234,0.0027620524194782448,True,False,300,300,55.10629999480443,54.92170000070473
attack_02,579307,person,D:\project CS\RT-DETRv2-COCO-Attack\source_data\attack_02\clean_images\000000579307.jpg,D:\project CS\RT-DETRv2-COCO-Attack\source_data\attack_02\patched_images\000000579307.jpg,True,True,0.9293635487556458,0.9239585995674133,"[256.0107727050781, 227.587646484375, 379.7232971191406, 636.8089599609375]","[256.9109802246094, 227.69775390625, 379.96038818359375, 636.8594970703125]",0.980813332238302,0.9717059777970185,0.005404949188232422,0.009107354441283522,True,False,300,300,55.23969999921974,54.82320000010077
attack_02,579635,person,D:\project CS\RT-DETRv2-COCO-Attack\source_data\attack_02\clean_images\000000579635.jpg,D:\project CS\RT-DETRv2-COCO-Attack\source_data\attack_02\patched_images\000000579635.jpg,True,True,0.8699579834938049,0.8760063648223877,"[433.5500793457031, 260.193359375, 466.6442565917969, 313.2720031738281]","[433.699462890625, 260.1136169433594, 466.9292907714844, 312.58612060546875]",0.8560739644878748,0.8473706444942457,-0.006048381328582764,0.008703319993629055,True,False,300,300,54.540700002689846,54.095999999844935
