attack_id,image_id,target_class,clean_image,patched_image,clean_detected,patched_detected,clean_confidence,patched_confidence,clean_bbox_x1,clean_bbox_y1,clean_bbox_x2,clean_bbox_y2,patched_bbox_x1,patched_bbox_y1,patched_bbox_x2,patched_bbox_y2,clean_iou,patched_iou,confidence_drop,iou_drop,eligible,attack_success
attack_04,1532,car,D:\project CS\Faster-RCNN-COCO-Attack\source_data\attack_04\clean_images\000000001532.jpg,D:\project CS\Faster-RCNN-COCO-Attack\source_data\attack_04\patched_images\000000001532.jpg,True,True,0.9553494453430176,0.9597512483596802,219.98497009277344,353.9073181152344,425.8625183105469,480.0000305175781,222.2362060546875,357.2305908203125,421.2583923339844,479.7331848144531,0.8904060513744173,0.9439131267665465,-0.004401803016662598,-0.05350707539212918,True,False
attack_04,7281,person,D:\project CS\Faster-RCNN-COCO-Attack\source_data\attack_04\clean_images\000000007281.jpg,D:\project CS\Faster-RCNN-COCO-Attack\source_data\attack_04\patched_images\000000007281.jpg,True,True,0.9993926286697388,0.6660473942756653,391.01470947265625,133.12315368652344,473.6512756347656,292.9288635253906,344.235595703125,156.5529022216797,446.44683837890625,289.7821044921875,0.6134599816209347,0.6312056852330505,0.3333452343940735,-0.017745703612115804,True,False
attack_04,8211,person,D:\project CS\Faster-RCNN-COCO-Attack\source_data\attack_04\clean_images\000000008211.jpg,D:\project CS\Faster-RCNN-COCO-Attack\source_data\attack_04\patched_images\000000008211.jpg,True,True,0.9975253939628601,0.997503936290741,326.46905517578125,203.12515258789062,405.6676940917969,348.8394775390625,327.3202819824219,202.3042755126953,405.2311096191406,350.0929870605469,0.905171644102322,0.8936388119012136,2.1457672119140625e-05,0.011532832201108345,True,False
attack_04,8690,person,D:\project CS\Faster-RCNN-COCO-Attack\source_data\attack_04\clean_images\000000008690.jpg,D:\project CS\Faster-RCNN-COCO-Attack\source_data\attack_04\patched_images\000000008690.jpg,True,True,0.9979054927825928,0.9982232451438904,104.78642272949219,19.88758087158203,353.9124755859375,394.4448547363281,101.29271697998047,18.996917724609375,362.5030822753906,393.4872131347656,0.8550451038254422,0.8156854631020024,-0.0003177523612976074,0.03935964072343978,True,False
attack_04,10363,car,D:\project CS\Faster-RCNN-COCO-Attack\source_data\attack_04\clean_images\000000010363.jpg,D:\project CS\Faster-RCNN-COCO-Attack\source_data\attack_04\patched_images\000000010363.jpg,True,True,0.9761550426483154,0.9852932095527649,89.1780776977539,18.67565155029297,639.988525390625,359.52508544921875,88.81417846679688,22.825803756713867,639.3847045898438,354.4931640625,0.9679588346555537,0.9633741109222989,-0.009138166904449463,0.004584723733254803,True,False
attack_04,11197,car,D:\project CS\Faster-RCNN-COCO-Attack\source_data\attack_04\clean_images\000000011197.jpg,D:\project CS\Faster-RCNN-COCO-Attack\source_data\attack_04\patched_images\000000011197.jpg,True,True,0.9990841150283813,0.9989483952522278,401.6350402832031,154.3570556640625,485.45611572265625,193.38478088378906,401.02459716796875,154.7388458251953,485.5464172363281,193.70803833007812,0.9430527838586229,0.9495105211932992,0.00013571977615356445,-0.00645773733467625,True,False
attack_04,15338,car,D:\project CS\Faster-RCNN-COCO-Attack\source_data\attack_04\clean_images\000000015338.jpg,D:\project CS\Faster-RCNN-COCO-Attack\source_data\attack_04\patched_images\000000015338.jpg,True,True,0.6818952560424805,0.7674747705459595,0.16037732362747192,188.1228485107422,32.72197341918945,217.03550720214844,0.626546323299408,187.92372131347656,32.38960647583008,217.25367736816406,0.88055431841486,0.8646350988319437,-0.085579514503479,0.01591921958291631,True,False
attack_04,16228,person,D:\project CS\Faster-RCNN-COCO-Attack\source_data\attack_04\clean_images\000000016228.jpg,D:\project CS\Faster-RCNN-COCO-Attack\source_data\attack_04\patched_images\000000016228.jpg,False,False,,,,,,,,,,,,,,,False,False
attack_04,17029,car,D:\project CS\Faster-RCNN-COCO-Attack\source_data\attack_04\clean_images\000000017029.jpg,D:\project CS\Faster-RCNN-COCO-Attack\source_data\attack_04\patched_images\000000017029.jpg,True,True,0.98867267370224,0.9948161244392395,47.78559494018555,28.6505069732666,558.8584594726562,176.21621704101562,47.01091384887695,23.98731803894043,553.7687377929688,176.37173461914062,0.9332323202231446,0.9291253773181919,-0.006143450736999512,0.004106942904952726,True,False
attack_04,17178,car,D:\project CS\Faster-RCNN-COCO-Attack\source_data\attack_04\clean_images\000000017178.jpg,D:\project CS\Faster-RCNN-COCO-Attack\source_data\attack_04\patched_images\000000017178.jpg,True,True,0.9914229512214661,0.9803858995437622,432.52337646484375,105.49948120117188,640.0,423.0832214355469,429.0747985839844,111.44080352783203,638.6791381835938,422.1733703613281,0.9738213735585163,0.9475788917716175,0.011037051677703857,0.026242481786898808,True,False
attack_04,17207,car,D:\project CS\Faster-RCNN-COCO-Attack\source_data\attack_04\clean_images\000000017207.jpg,D:\project CS\Faster-RCNN-COCO-Attack\source_data\attack_04\patched_images\000000017207.jpg,True,True,0.357791930437088,0.28030598163604736,481.0859069824219,85.64977264404297,638.0460815429688,317.543701171875,486.30474853515625,82.8409423828125,638.5316772460938,313.3211669921875,0.9734807377658364,0.9500041076030183,0.07748594880104065,0.02347663016281809,True,False
attack_04,17627,car,D:\project CS\Faster-RCNN-COCO-Attack\source_data\attack_04\clean_images\000000017627.jpg,D:\project CS\Faster-RCNN-COCO-Attack\source_data\attack_04\patched_images\000000017627.jpg,True,True,0.9702425003051758,0.8063316345214844,29.29120445251465,233.88076782226562,123.04670715332031,326.6592102050781,28.365663528442383,223.63648986816406,120.84384155273438,326.39599609375,0.7737215500358705,0.6957835516631932,0.1639108657836914,0.07793799837267734,True,False
attack_04,22705,person,D:\project CS\Faster-RCNN-COCO-Attack\source_data\attack_04\clean_images\000000022705.jpg,D:\project CS\Faster-RCNN-COCO-Attack\source_data\attack_04\patched_images\000000022705.jpg,True,True,0.6056686043739319,0.7708953022956848,140.0806121826172,87.22161102294922,354.8066101074219,610.0076904296875,137.74761962890625,76.0814437866211,361.4156188964844,605.7726440429688,0.9384798092833843,0.9490092386642812,-0.16522669792175293,-0.01052942938089696,True,False
attack_04,22755,car,D:\project CS\Faster-RCNN-COCO-Attack\source_data\attack_04\clean_images\000000022755.jpg,D:\project CS\Faster-RCNN-COCO-Attack\source_data\attack_04\patched_images\000000022755.jpg,True,True,0.9930303692817688,0.9921138286590576,364.3767395019531,226.0322723388672,423.21063232421875,253.27774047851562,364.4176025390625,226.50146484375,420.83489990234375,253.8960418701172,0.8424764890090733,0.9082985182810035,0.0009165406227111816,-0.06582202927193015,True,False
attack_04,23272,car,D:\project CS\Faster-RCNN-COCO-Attack\source_data\attack_04\clean_images\000000023272.jpg,D:\project CS\Faster-RCNN-COCO-Attack\source_data\attack_04\patched_images\000000023272.jpg,True,True,0.9594380855560303,0.9650394320487976,0.9231281280517578,0.0,476.7733459472656,372.0207824707031,4.407958030700684,13.903398513793945,489.3358154296875,372.2923889160156,0.9501896429917885,0.9317215019561133,-0.005601346492767334,0.01846814103567529,True,False
attack_04,25424,person,D:\project CS\Faster-RCNN-COCO-Attack\source_data\attack_04\clean_images\000000025424.jpg,D:\project CS\Faster-RCNN-COCO-Attack\source_data\attack_04\patched_images\000000025424.jpg,True,True,0.9993764758110046,0.9989646673202515,128.95018005371094,246.81753540039062,312.3260498046875,634.2989501953125,129.3274688720703,244.00765991210938,312.21893310546875,633.9249877929688,0.9544160990318595,0.9617306666850278,0.00041180849075317383,-0.007314567653168291,True,False
attack_04,25603,person,D:\project CS\Faster-RCNN-COCO-Attack\source_data\attack_04\clean_images\000000025603.jpg,D:\project CS\Faster-RCNN-COCO-Attack\source_data\attack_04\patched_images\000000025603.jpg,True,True,0.9977859258651733,0.9917553663253784,334.8374328613281,97.1062240600586,637.49755859375,402.1441955566406,329.54693603515625,105.07698822021484,638.2192993164062,398.4187927246094,0.8811326874613454,0.9087601187208383,0.006030559539794922,-0.02762743125949285,True,False
attack_04,26204,car,D:\project CS\Faster-RCNN-COCO-Attack\source_data\attack_04\clean_images\000000026204.jpg,D:\project CS\Faster-RCNN-COCO-Attack\source_data\attack_04\patched_images\000000026204.jpg,True,True,0.9914860129356384,0.986783504486084,163.21861267089844,245.93167114257812,289.6747741699219,332.6058349609375,163.6600341796875,245.44937133789062,290.2282409667969,332.7794494628906,0.9349126394474229,0.9455807977029554,0.004702508449554443,-0.010668158255532578,True,False
attack_04,32334,person,D:\project CS\Faster-RCNN-COCO-Attack\source_data\attack_04\clean_images\000000032334.jpg,D:\project CS\Faster-RCNN-COCO-Attack\source_data\attack_04\patched_images\000000032334.jpg,True,True,0.9952539205551147,0.9933713674545288,273.3802795410156,0.0,635.396484375,477.4000549316406,227.79293823242188,2.345233201980591,636.706787109375,475.64642333984375,0.8675594733831864,0.9822656068830162,0.0018825531005859375,-0.11470613349982983,True,False
attack_04,33005,person,D:\project CS\Faster-RCNN-COCO-Attack\source_data\attack_04\clean_images\000000033005.jpg,D:\project CS\Faster-RCNN-COCO-Attack\source_data\attack_04\patched_images\000000033005.jpg,True,True,0.9984720349311829,0.998891294002533,271.68359375,149.08843994140625,330.2869873046875,332.84393310546875,271.4917907714844,149.810546875,330.1924743652344,333.2112121582031,0.9656100755187302,0.9664591774184638,-0.00041925907135009766,-0.0008491018997335287,True,False
attack_04,33221,person,D:\project CS\Faster-RCNN-COCO-Attack\source_data\attack_04\clean_images\000000033221.jpg,D:\project CS\Faster-RCNN-COCO-Attack\source_data\attack_04\patched_images\000000033221.jpg,True,True,0.9988718628883362,0.9986076951026917,9.392661094665527,104.20511627197266,142.34304809570312,333.0,7.957204341888428,104.05677032470703,141.9957275390625,333.0,0.9756462282354157,0.9694772937556151,0.00026416778564453125,0.006168934479800603,True,False
attack_04,40083,car,D:\project CS\Faster-RCNN-COCO-Attack\source_data\attack_04\clean_images\000000040083.jpg,D:\project CS\Faster-RCNN-COCO-Attack\source_data\attack_04\patched_images\000000040083.jpg,True,True,0.9983624815940857,0.9987653493881226,133.8673553466797,137.5106964111328,252.51539611816406,209.99246215820312,132.76632690429688,137.82591247558594,252.5721435546875,210.26889038085938,0.9591329501160762,0.9433644306747776,-0.00040286779403686523,0.015768519441298645,True,False
attack_04,43737,car,D:\project CS\Faster-RCNN-COCO-Attack\source_data\attack_04\clean_images\000000043737.jpg,D:\project CS\Faster-RCNN-COCO-Attack\source_data\attack_04\patched_images\000000043737.jpg,True,True,0.9090190529823303,0.8180328011512756,110.0784683227539,416.3416748046875,185.2711181640625,450.4971008300781,112.09195709228516,416.7019958496094,183.86192321777344,448.51544189453125,0.8100557930184407,0.7406992710536343,0.09098625183105469,0.06935652196480635,True,False
attack_04,44590,car,D:\project CS\Faster-RCNN-COCO-Attack\source_data\attack_04\clean_images\000000044590.jpg,D:\project CS\Faster-RCNN-COCO-Attack\source_data\attack_04\patched_images\000000044590.jpg,True,True,0.7362544536590576,0.7221572995185852,574.506103515625,91.06253051757812,640.0,136.2974395751953,574.9507446289062,89.67973327636719,639.2332763671875,135.77464294433594,0.7273491747925627,0.7436178687012376,0.014097154140472412,-0.016268693908674914,True,False
attack_04,46048,person,D:\project CS\Faster-RCNN-COCO-Attack\source_data\attack_04\clean_images\000000046048.jpg,D:\project CS\Faster-RCNN-COCO-Attack\source_data\attack_04\patched_images\000000046048.jpg,True,True,0.9979785084724426,0.9951339364051819,408.6222839355469,137.24520874023438,504.31414794921875,272.3758544921875,407.204833984375,137.58644104003906,505.4532470703125,271.32928466796875,0.9613087544446096,0.9595454302490161,0.002844572067260742,0.001763324195593552,True,False
attack_04,50811,person,D:\project CS\Faster-RCNN-COCO-Attack\source_data\attack_04\clean_images\000000050811.jpg,D:\project CS\Faster-RCNN-COCO-Attack\source_data\attack_04\patched_images\000000050811.jpg,True,True,0.9995185136795044,0.9994087219238281,77.69712829589844,66.22491455078125,463.35162353515625,484.04547119140625,79.48253631591797,70.05689239501953,455.845947265625,477.8553466796875,0.9625022759611399,0.9167829651772856,0.00010979175567626953,0.04571931078385427,True,False
attack_04,51610,person,D:\project CS\Faster-RCNN-COCO-Attack\source_data\attack_04\clean_images\000000051610.jpg,D:\project CS\Faster-RCNN-COCO-Attack\source_data\attack_04\patched_images\000000051610.jpg,True,True,0.9992213249206543,0.9989058971405029,343.29638671875,98.23468017578125,582.0892333984375,404.6874084472656,341.5873107910156,93.2520751953125,590.0933227539062,400.3034973144531,0.9454660980855694,0.9622601718382554,0.0003154277801513672,-0.016794073752686045,True,False
attack_04,52412,car,D:\project CS\Faster-RCNN-COCO-Attack\source_data\attack_04\clean_images\000000052412.jpg,D:\project CS\Faster-RCNN-COCO-Attack\source_data\attack_04\patched_images\000000052412.jpg,False,False,,,,,,,,,,,,,,,False,False
attack_04,53529,person,D:\project CS\Faster-RCNN-COCO-Attack\source_data\attack_04\clean_images\000000053529.jpg,D:\project CS\Faster-RCNN-COCO-Attack\source_data\attack_04\patched_images\000000053529.jpg,True,True,0.9860712885856628,0.9761351943016052,48.091552734375,62.74142837524414,184.12527465820312,276.7447204589844,51.1714973449707,71.03836059570312,177.94093322753906,273.2378845214844,0.6429531438096727,0.6894475979641482,0.009936094284057617,-0.046494454154475506,True,False
attack_04,54967,car,D:\project CS\Faster-RCNN-COCO-Attack\source_data\attack_04\clean_images\000000054967.jpg,D:\project CS\Faster-RCNN-COCO-Attack\source_data\attack_04\patched_images\000000054967.jpg,False,False,,,,,,,,,,,,,,,False,False
attack_04,55150,car,D:\project CS\Faster-RCNN-COCO-Attack\source_data\attack_04\clean_images\000000055150.jpg,D:\project CS\Faster-RCNN-COCO-Attack\source_data\attack_04\patched_images\000000055150.jpg,True,True,0.9477046728134155,0.8089913725852966,425.05621337890625,34.771629333496094,638.8448486328125,422.99658203125,425.02886962890625,42.555816650390625,637.9676513671875,426.0000305175781,0.8065532326708827,0.7809513554434795,0.1387133002281189,0.025601877227403258,True,False
attack_04,57150,person,D:\project CS\Faster-RCNN-COCO-Attack\source_data\attack_04\clean_images\000000057150.jpg,D:\project CS\Faster-RCNN-COCO-Attack\source_data\attack_04\patched_images\000000057150.jpg,True,True,0.9936677813529968,0.9886166453361511,38.45779037475586,83.69406127929688,123.02164459228516,267.8738098144531,39.574005126953125,85.45650482177734,124.99555969238281,268.38336181640625,0.9332229942658674,0.9539274843578313,0.005051136016845703,-0.020704490091963845,True,False
attack_04,58539,car,D:\project CS\Faster-RCNN-COCO-Attack\source_data\attack_04\clean_images\000000058539.jpg,D:\project CS\Faster-RCNN-COCO-Attack\source_data\attack_04\patched_images\000000058539.jpg,True,True,0.9921592473983765,0.9841015934944153,409.3970642089844,136.46127319335938,640.0,414.9755554199219,407.9947204589844,139.772705078125,639.2606201171875,413.79168701171875,0.9634593489823835,0.9403306368520384,0.008057653903961182,0.023128712130345064,True,False
attack_04,63154,person,D:\project CS\Faster-RCNN-COCO-Attack\source_data\attack_04\clean_images\000000063154.jpg,D:\project CS\Faster-RCNN-COCO-Attack\source_data\attack_04\patched_images\000000063154.jpg,True,True,0.9990569949150085,0.797065794467926,255.1717987060547,137.59329223632812,391.3662414550781,215.80198669433594,245.64630126953125,139.07557678222656,389.0467834472656,220.9646759033203,0.9570140112985047,0.8747352795334375,0.20199120044708252,0.08227873176506717,True,False
attack_04,64868,person,D:\project CS\Faster-RCNN-COCO-Attack\source_data\attack_04\clean_images\000000064868.jpg,D:\project CS\Faster-RCNN-COCO-Attack\source_data\attack_04\patched_images\000000064868.jpg,True,True,0.9996192455291748,0.9995489716529846,1.1171122789382935,1.1166143417358398,317.1466979980469,358.2071533203125,4.055231094360352,5.17939567565918,300.9365234375,334.81695556640625,0.8194357703410052,0.9449340117594527,7.027387619018555e-05,-0.12549824141844745,True,False
attack_04,67213,car,D:\project CS\Faster-RCNN-COCO-Attack\source_data\attack_04\clean_images\000000067213.jpg,D:\project CS\Faster-RCNN-COCO-Attack\source_data\attack_04\patched_images\000000067213.jpg,True,True,0.8677249550819397,0.8597463369369507,0.0,305.9005126953125,194.92147827148438,409.67010498046875,1.156101942062378,305.4670104980469,185.08251953125,409.57147216796875,0.9503323262871994,0.9069707755261024,0.007978618144989014,0.043361550761097045,True,False
attack_04,67310,person,D:\project CS\Faster-RCNN-COCO-Attack\source_data\attack_04\clean_images\000000067310.jpg,D:\project CS\Faster-RCNN-COCO-Attack\source_data\attack_04\patched_images\000000067310.jpg,True,True,0.9994506239891052,0.9991814494132996,9.5683012008667,97.52227020263672,240.56521606445312,368.44854736328125,11.659465789794922,96.19903564453125,242.40866088867188,367.0547790527344,0.891942081726221,0.8836774700755765,0.00026917457580566406,0.008264611650644516,True,False
attack_04,69356,person,D:\project CS\Faster-RCNN-COCO-Attack\source_data\attack_04\clean_images\000000069356.jpg,D:\project CS\Faster-RCNN-COCO-Attack\source_data\attack_04\patched_images\000000069356.jpg,True,True,0.9998190999031067,0.999408483505249,75.97651672363281,109.6377944946289,177.2760467529297,490.7975158691406,72.9404067993164,108.03675842285156,178.46852111816406,488.5841369628906,0.9575293224053958,0.9650984911858256,0.000410616397857666,-0.007569168780429791,True,False
attack_04,73702,person,D:\project CS\Faster-RCNN-COCO-Attack\source_data\attack_04\clean_images\000000073702.jpg,D:\project CS\Faster-RCNN-COCO-Attack\source_data\attack_04\patched_images\000000073702.jpg,True,True,0.9947082996368408,0.9952902793884277,141.21969604492188,197.80557250976562,428.9627685546875,630.9898681640625,145.31744384765625,198.73309326171875,425.2187805175781,636.42041015625,0.8241228194596533,0.8099967825542758,-0.0005819797515869141,0.014126036905377504,True,False
attack_04,74058,car,D:\project CS\Faster-RCNN-COCO-Attack\source_data\attack_04\clean_images\000000074058.jpg,D:\project CS\Faster-RCNN-COCO-Attack\source_data\attack_04\patched_images\000000074058.jpg,True,True,0.9936153888702393,0.9916764497756958,582.2449340820312,207.9957733154297,639.76123046875,349.4980163574219,581.2525634765625,202.44976806640625,639.5982055664062,351.5450134277344,0.9560232849250124,0.9017975795447986,0.001938939094543457,0.05422570538021387,True,False
attack_04,76416,person,D:\project CS\Faster-RCNN-COCO-Attack\source_data\attack_04\clean_images\000000076416.jpg,D:\project CS\Faster-RCNN-COCO-Attack\source_data\attack_04\patched_images\000000076416.jpg,False,False,,,,,,,,,,,,,,,False,False
attack_04,76417,car,D:\project CS\Faster-RCNN-COCO-Attack\source_data\attack_04\clean_images\000000076417.jpg,D:\project CS\Faster-RCNN-COCO-Attack\source_data\attack_04\patched_images\000000076417.jpg,True,True,0.937482476234436,0.7613226771354675,185.10765075683594,145.3164825439453,636.5986328125,478.0000305175781,277.49224853515625,148.38296508789062,640.0,478.0000305175781,0.9343156762652576,0.7800518247936996,0.1761597990989685,0.15426385147155797,True,False
attack_04,76625,person,D:\project CS\Faster-RCNN-COCO-Attack\source_data\attack_04\clean_images\000000076625.jpg,D:\project CS\Faster-RCNN-COCO-Attack\source_data\attack_04\patched_images\000000076625.jpg,True,True,0.9988608360290527,0.998522937297821,516.2496337890625,340.69549560546875,574.7247314453125,479.7415466308594,515.8426513671875,340.3722839355469,574.9942016601562,479.8099670410156,0.9300741860004421,0.9168555460645182,0.00033789873123168945,0.01321863993592387,True,False
attack_04,78823,car,D:\project CS\Faster-RCNN-COCO-Attack\source_data\attack_04\clean_images\000000078823.jpg,D:\project CS\Faster-RCNN-COCO-Attack\source_data\attack_04\patched_images\000000078823.jpg,True,True,0.9513883590698242,0.9564024806022644,15.437492370605469,135.3245849609375,489.6471862792969,478.89007568359375,20.906389236450195,124.14814758300781,482.9807434082031,477.2613525390625,0.8793201132884876,0.8586449228687069,-0.0050141215324401855,0.02067519041978072,True,False
attack_04,79969,person,D:\project CS\Faster-RCNN-COCO-Attack\source_data\attack_04\clean_images\000000079969.jpg,D:\project CS\Faster-RCNN-COCO-Attack\source_data\attack_04\patched_images\000000079969.jpg,False,False,,,,,,,,,,,,,,,False,False
attack_04,80340,person,D:\project CS\Faster-RCNN-COCO-Attack\source_data\attack_04\clean_images\000000080340.jpg,D:\project CS\Faster-RCNN-COCO-Attack\source_data\attack_04\patched_images\000000080340.jpg,True,True,0.9995550513267517,0.9995130300521851,147.04330444335938,72.0646743774414,276.1496276855469,383.877197265625,147.2890167236328,71.59801483154297,276.3873596191406,384.8486633300781,0.8030860854383371,0.8012251343556853,4.202127456665039e-05,0.0018609510826518294,True,False
attack_04,80932,person,D:\project CS\Faster-RCNN-COCO-Attack\source_data\attack_04\clean_images\000000080932.jpg,D:\project CS\Faster-RCNN-COCO-Attack\source_data\attack_04\patched_images\000000080932.jpg,True,True,0.9998167157173157,0.9996302127838135,54.35953140258789,141.20986938476562,365.5340576171875,469.93316650390625,55.37833023071289,140.635986328125,365.7936096191406,463.42010498046875,0.9447204364520468,0.9644563627253181,0.00018650293350219727,-0.019735926273271254,True,False
attack_04,81738,person,D:\project CS\Faster-RCNN-COCO-Attack\source_data\attack_04\clean_images\000000081738.jpg,D:\project CS\Faster-RCNN-COCO-Attack\source_data\attack_04\patched_images\000000081738.jpg,True,True,0.9877969622612,0.97847580909729,457.6481628417969,140.5028076171875,639.5191040039062,465.12237548828125,453.5988464355469,142.701416015625,640.0,426.6167907714844,0.9461561207697929,0.8451074546193429,0.009321153163909912,0.10104866615045005,True,False
attack_04,84362,person,D:\project CS\Faster-RCNN-COCO-Attack\source_data\attack_04\clean_images\000000084362.jpg,D:\project CS\Faster-RCNN-COCO-Attack\source_data\attack_04\patched_images\000000084362.jpg,True,True,0.9920681715011597,0.9703660607337952,375.3196716308594,142.90663146972656,480.9950256347656,265.5585632324219,373.0754699707031,142.669921875,480.6358337402344,264.4564514160156,0.9090426329900638,0.9209418392698756,0.021702110767364502,-0.01189920627981178,True,False
attack_04,85376,car,D:\project CS\Faster-RCNN-COCO-Attack\source_data\attack_04\clean_images\000000085376.jpg,D:\project CS\Faster-RCNN-COCO-Attack\source_data\attack_04\patched_images\000000085376.jpg,True,True,0.9870964288711548,0.9901395440101624,34.3289794921875,318.20465087890625,199.11878967285156,378.2365417480469,34.32051086425781,319.34747314453125,199.55014038085938,379.6387939453125,0.8562855273753249,0.8503314715758126,-0.0030431151390075684,0.005954055799512359,True,False
attack_04,85682,person,D:\project CS\Faster-RCNN-COCO-Attack\source_data\attack_04\clean_images\000000085682.jpg,D:\project CS\Faster-RCNN-COCO-Attack\source_data\attack_04\patched_images\000000085682.jpg,False,False,,,,,,,,,,,,,,,False,False
attack_04,86582,person,D:\project CS\Faster-RCNN-COCO-Attack\source_data\attack_04\clean_images\000000086582.jpg,D:\project CS\Faster-RCNN-COCO-Attack\source_data\attack_04\patched_images\000000086582.jpg,False,False,,,,,,,,,,,,,,,False,False
attack_04,87144,car,D:\project CS\Faster-RCNN-COCO-Attack\source_data\attack_04\clean_images\000000087144.jpg,D:\project CS\Faster-RCNN-COCO-Attack\source_data\attack_04\patched_images\000000087144.jpg,True,True,0.9888972640037537,0.9901316165924072,348.3733215332031,33.80955123901367,431.9900207519531,63.40202331542969,349.2658386230469,33.1551513671875,432.7624816894531,63.256134033203125,0.8686333475988979,0.9099366146063723,-0.0012343525886535645,-0.04130326700747444,True,False
attack_04,89078,person,D:\project CS\Faster-RCNN-COCO-Attack\source_data\attack_04\clean_images\000000089078.jpg,D:\project CS\Faster-RCNN-COCO-Attack\source_data\attack_04\patched_images\000000089078.jpg,True,True,0.999582827091217,0.9996143579483032,153.20419311523438,28.14054298400879,356.4368591308594,593.3032836914062,154.49520874023438,30.22237777709961,356.45513916015625,590.3746337890625,0.888386428982182,0.8836653244493082,-3.153085708618164e-05,0.004721104532873777,True,False
attack_04,89648,person,D:\project CS\Faster-RCNN-COCO-Attack\source_data\attack_04\clean_images\000000089648.jpg,D:\project CS\Faster-RCNN-COCO-Attack\source_data\attack_04\patched_images\000000089648.jpg,True,True,0.9959197044372559,0.9963055849075317,31.578813552856445,191.6671142578125,243.91920471191406,359.9778137207031,31.152660369873047,190.51551818847656,237.79391479492188,367.1293640136719,0.9254606716608806,0.9081559206856711,-0.0003858804702758789,0.01730475097520956,True,False
attack_04,91406,person,D:\project CS\Faster-RCNN-COCO-Attack\source_data\attack_04\clean_images\000000091406.jpg,D:\project CS\Faster-RCNN-COCO-Attack\source_data\attack_04\patched_images\000000091406.jpg,True,True,0.9984489679336548,0.9983692765235901,473.7923278808594,67.5212631225586,584.8244018554688,392.1214599609375,470.4282531738281,65.17401885986328,584.77587890625,395.06488037109375,0.9315327029615019,0.9731058524309553,7.969141006469727e-05,-0.04157314946945334,True,False
attack_04,93154,car,D:\project CS\Faster-RCNN-COCO-Attack\source_data\attack_04\clean_images\000000093154.jpg,D:\project CS\Faster-RCNN-COCO-Attack\source_data\attack_04\patched_images\000000093154.jpg,True,True,0.9982984662055969,0.9980022311210632,143.16586303710938,273.5558166503906,211.24879455566406,306.5311584472656,143.40774536132812,272.5573425292969,211.17327880859375,307.6153259277344,0.9111555107580774,0.9132222791194731,0.0002962350845336914,-0.0020667683613956322,True,False
attack_04,93261,person,D:\project CS\Faster-RCNN-COCO-Attack\source_data\attack_04\clean_images\000000093261.jpg,D:\project CS\Faster-RCNN-COCO-Attack\source_data\attack_04\patched_images\000000093261.jpg,True,True,0.9948235750198364,0.9951193332672119,55.27153015136719,29.4392032623291,268.06646728515625,246.78189086914062,55.8082275390625,31.659557342529297,272.5790710449219,249.02996826171875,0.9223925344231083,0.9053589712080797,-0.0002957582473754883,0.01703356321502858,True,False
attack_04,94751,car,D:\project CS\Faster-RCNN-COCO-Attack\source_data\attack_04\clean_images\000000094751.jpg,D:\project CS\Faster-RCNN-COCO-Attack\source_data\attack_04\patched_images\000000094751.jpg,True,True,0.9941018223762512,0.9945083260536194,312.5370788574219,273.96820068359375,375.0,310.1548767089844,316.58013916015625,274.17938232421875,375.0,308.34906005859375,0.9888646608258975,0.8930865756951621,-0.00040650367736816406,0.09577808513073538,True,False
attack_04,97679,car,D:\project CS\Faster-RCNN-COCO-Attack\source_data\attack_04\clean_images\000000097679.jpg,D:\project CS\Faster-RCNN-COCO-Attack\source_data\attack_04\patched_images\000000097679.jpg,True,True,0.9991784691810608,0.9988221526145935,103.2713394165039,161.70042419433594,528.9785766601562,379.4236145019531,102.8751449584961,156.35040283203125,519.0284423828125,372.6340026855469,0.9540615656815151,0.9664335524284228,0.00035631656646728516,-0.012371986746907648,True,False
attack_04,97988,person,D:\project CS\Faster-RCNN-COCO-Attack\source_data\attack_04\clean_images\000000097988.jpg,D:\project CS\Faster-RCNN-COCO-Attack\source_data\attack_04\patched_images\000000097988.jpg,False,False,,,,,,,,,,,,,,,False,False
attack_04,98392,car,D:\project CS\Faster-RCNN-COCO-Attack\source_data\attack_04\clean_images\000000098392.jpg,D:\project CS\Faster-RCNN-COCO-Attack\source_data\attack_04\patched_images\000000098392.jpg,True,True,0.9974942207336426,0.9965623021125793,242.98345947265625,527.4180297851562,478.40283203125,639.4150390625,243.039306640625,525.2660522460938,479.9994812011719,639.6130981445312,0.8956898018429018,0.9208298439316097,0.0009319186210632324,-0.025140042088707903,True,False
attack_04,99039,person,D:\project CS\Faster-RCNN-COCO-Attack\source_data\attack_04\clean_images\000000099039.jpg,D:\project CS\Faster-RCNN-COCO-Attack\source_data\attack_04\patched_images\000000099039.jpg,True,True,0.9080101251602173,0.9445677399635315,517.7616577148438,109.1028823852539,639.849609375,307.1146240234375,518.0230712890625,108.5291519165039,639.5536499023438,315.41839599609375,0.8136146369187914,0.8470466789321711,-0.03655761480331421,-0.03343204201337968,True,False
attack_04,102411,car,D:\project CS\Faster-RCNN-COCO-Attack\source_data\attack_04\clean_images\000000102411.jpg,D:\project CS\Faster-RCNN-COCO-Attack\source_data\attack_04\patched_images\000000102411.jpg,True,True,0.947566568851471,0.9543922543525696,0.05636614188551903,197.44432067871094,37.17995834350586,317.619873046875,0.0,195.85464477539062,37.324195861816406,316.6817321777344,0.7450238155208647,0.7424291927202116,-0.006825685501098633,0.0025946228006531458,True,False
attack_04,102805,car,D:\project CS\Faster-RCNN-COCO-Attack\source_data\attack_04\clean_images\000000102805.jpg,D:\project CS\Faster-RCNN-COCO-Attack\source_data\attack_04\patched_images\000000102805.jpg,True,True,0.9979808926582336,0.9979605674743652,379.8117980957031,267.73944091796875,608.2476806640625,339.7674255371094,378.23028564453125,266.2866516113281,606.4775390625,339.0542297363281,0.9561640154495491,0.9797900025261541,2.0325183868408203e-05,-0.023625987076605015,True,False
attack_04,104424,person,D:\project CS\Faster-RCNN-COCO-Attack\source_data\attack_04\clean_images\000000104424.jpg,D:\project CS\Faster-RCNN-COCO-Attack\source_data\attack_04\patched_images\000000104424.jpg,True,True,0.9995531439781189,0.9996305704116821,148.62277221679688,166.32444763183594,264.6626281738281,541.402587890625,148.62815856933594,165.27598571777344,264.015625,540.904052734375,0.9712714521369764,0.9680924048177041,-7.742643356323242e-05,0.003179047319272321,True,False
attack_04,105923,car,D:\project CS\Faster-RCNN-COCO-Attack\source_data\attack_04\clean_images\000000105923.jpg,D:\project CS\Faster-RCNN-COCO-Attack\source_data\attack_04\patched_images\000000105923.jpg,True,True,0.9927322268486023,0.9910746216773987,32.407981872558594,200.4321746826172,113.08599090576172,250.6697998046875,31.16280174255371,200.4569854736328,113.26488494873047,250.6073455810547,0.9561809295898879,0.9693369094387069,0.0016576051712036133,-0.013155979848819,True,False
attack_04,107087,car,D:\project CS\Faster-RCNN-COCO-Attack\source_data\attack_04\clean_images\000000107087.jpg,D:\project CS\Faster-RCNN-COCO-Attack\source_data\attack_04\patched_images\000000107087.jpg,True,True,0.9279399514198303,0.9350820779800415,6.160276412963867,0.0,591.6983642578125,422.3305358886719,6.120432376861572,0.0,581.9371337890625,423.7561950683594,0.5712788681832897,0.5646318607608768,-0.007142126560211182,0.006647007422412865,True,False
attack_04,108503,person,D:\project CS\Faster-RCNN-COCO-Attack\source_data\attack_04\clean_images\000000108503.jpg,D:\project CS\Faster-RCNN-COCO-Attack\source_data\attack_04\patched_images\000000108503.jpg,False,False,,,,,,,,,,,,,,,False,False
attack_04,110042,person,D:\project CS\Faster-RCNN-COCO-Attack\source_data\attack_04\clean_images\000000110042.jpg,D:\project CS\Faster-RCNN-COCO-Attack\source_data\attack_04\patched_images\000000110042.jpg,True,True,0.9639840126037598,0.971091091632843,0.4352397918701172,77.42949676513672,38.84332275390625,568.9580078125,0.3341794013977051,84.56159973144531,37.695735931396484,569.9021606445312,0.7803341091407109,0.7724722688388516,-0.007107079029083252,0.007861840301859324,True,False
attack_04,110784,person,D:\project CS\Faster-RCNN-COCO-Attack\source_data\attack_04\clean_images\000000110784.jpg,D:\project CS\Faster-RCNN-COCO-Attack\source_data\attack_04\patched_images\000000110784.jpg,True,True,0.993744432926178,0.9910723567008972,179.59768676757812,269.9091491699219,232.6592254638672,376.39715576171875,179.4733123779297,270.2605895996094,232.8397216796875,379.8661193847656,0.8048194351730493,0.8324408425308144,0.0026720762252807617,-0.027621407357765082,True,False
attack_04,118921,person,D:\project CS\Faster-RCNN-COCO-Attack\source_data\attack_04\clean_images\000000118921.jpg,D:\project CS\Faster-RCNN-COCO-Attack\source_data\attack_04\patched_images\000000118921.jpg,True,True,0.9998648166656494,0.9996569156646729,311.12103271484375,136.58412170410156,472.2576599121094,361.58380126953125,313.53204345703125,136.0282440185547,471.8629150390625,357.9910888671875,0.9503639293206363,0.9484565839224325,0.0002079010009765625,0.001907345398203808,True,False
attack_04,119516,person,D:\project CS\Faster-RCNN-COCO-Attack\source_data\attack_04\clean_images\000000119516.jpg,D:\project CS\Faster-RCNN-COCO-Attack\source_data\attack_04\patched_images\000000119516.jpg,True,True,0.9994057416915894,0.9995793700218201,368.107666015625,204.895263671875,413.11260986328125,352.4239807128906,367.8982238769531,205.46432495117188,413.39141845703125,352.12640380859375,0.8413618351406627,0.8372503290446384,-0.0001736283302307129,0.004111506096024287,True,False
attack_04,121031,person,D:\project CS\Faster-RCNN-COCO-Attack\source_data\attack_04\clean_images\000000121031.jpg,D:\project CS\Faster-RCNN-COCO-Attack\source_data\attack_04\patched_images\000000121031.jpg,True,True,0.9986567497253418,0.9991222023963928,132.43023681640625,112.0484848022461,224.41741943359375,332.684814453125,131.1676483154297,114.02224731445312,225.58963012695312,336.5443115234375,0.9366810258239973,0.9300836058403041,-0.0004654526710510254,0.00659741998369312,True,False
attack_04,121506,car,D:\project CS\Faster-RCNN-COCO-Attack\source_data\attack_04\clean_images\000000121506.jpg,D:\project CS\Faster-RCNN-COCO-Attack\source_data\attack_04\patched_images\000000121506.jpg,True,True,0.9805474281311035,0.9845539331436157,431.9105224609375,258.0079040527344,528.1516723632812,302.9653015136719,426.3921813964844,259.2430114746094,528.39697265625,302.46893310546875,0.764291292619257,0.8318751133254023,-0.004006505012512207,-0.06758382070614533,True,False
attack_04,122962,person,D:\project CS\Faster-RCNN-COCO-Attack\source_data\attack_04\clean_images\000000122962.jpg,D:\project CS\Faster-RCNN-COCO-Attack\source_data\attack_04\patched_images\000000122962.jpg,False,False,,,,,,,,,,,,,,,False,False
attack_04,123213,person,D:\project CS\Faster-RCNN-COCO-Attack\source_data\attack_04\clean_images\000000123213.jpg,D:\project CS\Faster-RCNN-COCO-Attack\source_data\attack_04\patched_images\000000123213.jpg,True,True,0.9997718930244446,0.99915611743927,86.82135009765625,78.26236724853516,329.0404357910156,348.3058166503906,89.00698852539062,81.12930297851562,328.1231384277344,350.9725646972656,0.9496457217414441,0.9669138996297322,0.0006157755851745605,-0.01726817788828805,True,False
attack_04,124798,car,D:\project CS\Faster-RCNN-COCO-Attack\source_data\attack_04\clean_images\000000124798.jpg,D:\project CS\Faster-RCNN-COCO-Attack\source_data\attack_04\patched_images\000000124798.jpg,True,True,0.998766303062439,0.9986373782157898,576.5679931640625,308.9396057128906,639.9991455078125,425.9504089355469,576.1473388671875,310.55206298828125,640.0,425.7939758300781,0.9496119079448684,0.9686979222383293,0.00012892484664916992,-0.019086014293460907,True,False
attack_04,125778,car,D:\project CS\Faster-RCNN-COCO-Attack\source_data\attack_04\clean_images\000000125778.jpg,D:\project CS\Faster-RCNN-COCO-Attack\source_data\attack_04\patched_images\000000125778.jpg,False,False,,,,,,,,,,,,,,,False,False
attack_04,126592,car,D:\project CS\Faster-RCNN-COCO-Attack\source_data\attack_04\clean_images\000000126592.jpg,D:\project CS\Faster-RCNN-COCO-Attack\source_data\attack_04\patched_images\000000126592.jpg,True,True,0.999454915523529,0.9992846846580505,329.6846618652344,268.87841796875,508.4277038574219,328.924072265625,336.525634765625,269.09820556640625,506.31500244140625,328.7655944824219,0.8941548876788449,0.8557731298900577,0.00017023086547851562,0.03838175778878716,True,False
attack_04,127263,car,D:\project CS\Faster-RCNN-COCO-Attack\source_data\attack_04\clean_images\000000127263.jpg,D:\project CS\Faster-RCNN-COCO-Attack\source_data\attack_04\patched_images\000000127263.jpg,True,True,0.9919277429580688,0.9684900045394897,501.9617004394531,100.2950210571289,639.3551025390625,172.35841369628906,501.38531494140625,105.72080993652344,640.0,174.60003662109375,0.8767488920368566,0.9799505148829533,0.0234377384185791,-0.10320162284609669,True,False
attack_04,128372,person,D:\project CS\Faster-RCNN-COCO-Attack\source_data\attack_04\clean_images\000000128372.jpg,D:\project CS\Faster-RCNN-COCO-Attack\source_data\attack_04\patched_images\000000128372.jpg,True,True,0.9993515610694885,0.9987925291061401,379.3282775878906,203.07249450683594,446.33502197265625,379.9714660644531,379.90313720703125,204.05067443847656,447.1596984863281,379.80255126953125,0.9845411868519867,0.9581999528340122,0.0005590319633483887,0.026341234017974502,True,False
attack_04,128654,person,D:\project CS\Faster-RCNN-COCO-Attack\source_data\attack_04\clean_images\000000128654.jpg,D:\project CS\Faster-RCNN-COCO-Attack\source_data\attack_04\patched_images\000000128654.jpg,True,True,0.9998034834861755,0.99940025806427,71.9356460571289,35.48394775390625,477.3363342285156,371.147216796875,74.45905303955078,38.60627746582031,481.1951599121094,373.2547912597656,0.9679511297420185,0.9536238394613572,0.0004032254219055176,0.014327290280661265,True,False
attack_04,130386,car,D:\project CS\Faster-RCNN-COCO-Attack\source_data\attack_04\clean_images\000000130386.jpg,D:\project CS\Faster-RCNN-COCO-Attack\source_data\attack_04\patched_images\000000130386.jpg,True,True,0.9826675057411194,0.9871011972427368,172.66673278808594,436.1820068359375,228.54330444335938,466.5816345214844,172.6981201171875,435.5635986328125,226.47494506835938,465.6564025878906,0.8734933431557286,0.8598002508267888,-0.004433691501617432,0.013693092328939782,True,False
attack_04,133969,person,D:\project CS\Faster-RCNN-COCO-Attack\source_data\attack_04\clean_images\000000133969.jpg,D:\project CS\Faster-RCNN-COCO-Attack\source_data\attack_04\patched_images\000000133969.jpg,False,False,,,,,,,,,,,,,,,False,False
attack_04,134886,car,D:\project CS\Faster-RCNN-COCO-Attack\source_data\attack_04\clean_images\000000134886.jpg,D:\project CS\Faster-RCNN-COCO-Attack\source_data\attack_04\patched_images\000000134886.jpg,True,True,0.9552255272865295,0.9582840800285339,429.76446533203125,374.5067138671875,493.94390869140625,433.9169921875,429.3070373535156,373.78704833984375,493.26324462890625,431.8170471191406,0.9592317292037739,0.9522742694911234,-0.0030585527420043945,0.006957459712650493,True,False
attack_04,137727,car,D:\project CS\Faster-RCNN-COCO-Attack\source_data\attack_04\clean_images\000000137727.jpg,D:\project CS\Faster-RCNN-COCO-Attack\source_data\attack_04\patched_images\000000137727.jpg,True,True,0.30101317167282104,0.4114449620246887,582.7695922851562,195.14051818847656,615.151123046875,223.4055633544922,582.674560546875,195.73178100585938,614.9581298828125,223.27243041992188,0.9672835548569744,0.9343243913192557,-0.11043179035186768,0.03295916353771866,True,False
attack_04,138979,car,D:\project CS\Faster-RCNN-COCO-Attack\source_data\attack_04\clean_images\000000138979.jpg,D:\project CS\Faster-RCNN-COCO-Attack\source_data\attack_04\patched_images\000000138979.jpg,True,True,0.9308944344520569,0.8292557597160339,315.18707275390625,178.68528747558594,637.9188842773438,426.0000305175781,312.96478271484375,180.69338989257812,640.0,426.0000305175781,0.9458545060216202,0.9502348355322271,0.10163867473602295,-0.004380329510606851,True,False
attack_04,140203,person,D:\project CS\Faster-RCNN-COCO-Attack\source_data\attack_04\clean_images\000000140203.jpg,D:\project CS\Faster-RCNN-COCO-Attack\source_data\attack_04\patched_images\000000140203.jpg,True,True,0.9946598410606384,0.99324631690979,508.0818786621094,21.82138442993164,589.5040893554688,250.97824096679688,507.1666564941406,20.396366119384766,589.5277709960938,248.2480010986328,0.9647741876358704,0.9712754814580473,0.0014135241508483887,-0.006501293822176901,True,False
attack_04,141671,person,D:\project CS\Faster-RCNN-COCO-Attack\source_data\attack_04\clean_images\000000141671.jpg,D:\project CS\Faster-RCNN-COCO-Attack\source_data\attack_04\patched_images\000000141671.jpg,False,False,,,,,,,,,,,,,,,False,False
attack_04,142472,car,D:\project CS\Faster-RCNN-COCO-Attack\source_data\attack_04\clean_images\000000142472.jpg,D:\project CS\Faster-RCNN-COCO-Attack\source_data\attack_04\patched_images\000000142472.jpg,True,True,0.9995416402816772,0.9995973706245422,202.08251953125,372.23626708984375,333.4576110839844,436.3849792480469,203.7589111328125,371.96697998046875,332.48114013671875,435.80303955078125,0.9648471483406743,0.9686293398953917,-5.5730342864990234e-05,-0.0037821915547173734,True,False
attack_04,142585,car,D:\project CS\Faster-RCNN-COCO-Attack\source_data\attack_04\clean_images\000000142585.jpg,D:\project CS\Faster-RCNN-COCO-Attack\source_data\attack_04\patched_images\000000142585.jpg,True,True,0.9659528732299805,0.8952863812446594,181.88340759277344,269.5864562988281,367.8354187011719,439.3072509765625,181.10498046875,269.0419006347656,363.6539306640625,439.3168029785156,0.9395865105155558,0.9393692993681708,0.07066649198532104,0.00021721114738493252,True,False
attack_04,144333,car,D:\project CS\Faster-RCNN-COCO-Attack\source_data\attack_04\clean_images\000000144333.jpg,D:\project CS\Faster-RCNN-COCO-Attack\source_data\attack_04\patched_images\000000144333.jpg,True,True,0.9616314172744751,0.9562147259712219,48.98805236816406,131.06886291503906,258.3283996582031,280.5256042480469,9.124458312988281,130.12234497070312,259.0721740722656,278.2572021484375,0.7407694289294728,0.8837935072667944,0.005416691303253174,-0.14302407833732156,True,False
attack_04,145020,person,D:\project CS\Faster-RCNN-COCO-Attack\source_data\attack_04\clean_images\000000145020.jpg,D:\project CS\Faster-RCNN-COCO-Attack\source_data\attack_04\patched_images\000000145020.jpg,False,False,,,,,,,,,,,,,,,False,False
attack_04,145665,person,D:\project CS\Faster-RCNN-COCO-Attack\source_data\attack_04\clean_images\000000145665.jpg,D:\project CS\Faster-RCNN-COCO-Attack\source_data\attack_04\patched_images\000000145665.jpg,True,True,0.9978863596916199,0.9980974793434143,7.2683000564575195,280.1565856933594,198.80361938476562,536.5960693359375,2.843885898590088,272.81268310546875,199.32196044921875,535.8126831054688,0.9388206570720637,0.9420405592182043,-0.0002111196517944336,-0.003219902146140541,True,False
attack_04,146667,car,D:\project CS\Faster-RCNN-COCO-Attack\source_data\attack_04\clean_images\000000146667.jpg,D:\project CS\Faster-RCNN-COCO-Attack\source_data\attack_04\patched_images\000000146667.jpg,True,True,0.7128888964653015,0.7282924056053162,129.8574981689453,0.7473012208938599,239.4359130859375,53.7495231628418,133.4137420654297,0.7784930467605591,238.4876708984375,53.38261795043945,0.7979922924221197,0.7714389427097038,-0.015403509140014648,0.026553349712415852,True,False
attack_04,147415,person,D:\project CS\Faster-RCNN-COCO-Attack\source_data\attack_04\clean_images\000000147415.jpg,D:\project CS\Faster-RCNN-COCO-Attack\source_data\attack_04\patched_images\000000147415.jpg,True,True,0.9933618307113647,0.9235833883285522,353.7798156738281,0.0,640.0,480.0000305175781,348.990966796875,3.958758592605591,640.0,480.0000305175781,0.9717821995299374,0.9708006666553933,0.0697784423828125,0.0009815328745440555,True,False
attack_04,147740,car,D:\project CS\Faster-RCNN-COCO-Attack\source_data\attack_04\clean_images\000000147740.jpg,D:\project CS\Faster-RCNN-COCO-Attack\source_data\attack_04\patched_images\000000147740.jpg,True,True,0.9332013130187988,0.8459739089012146,0.0,276.0957336425781,181.34193420410156,478.2115783691406,0.24506588280200958,267.73974609375,178.79104614257812,479.8902893066406,0.9328703604454663,0.8766311552519745,0.08722740411758423,0.05623920519349179,True,False
attack_04,152771,car,D:\project CS\Faster-RCNN-COCO-Attack\source_data\attack_04\clean_images\000000152771.jpg,D:\project CS\Faster-RCNN-COCO-Attack\source_data\attack_04\patched_images\000000152771.jpg,True,True,0.9860514402389526,0.9736440181732178,1.7801965475082397,260.7287902832031,65.06037139892578,290.74151611328125,1.8461922407150269,260.2567443847656,64.3083724975586,291.15863037109375,0.9227553940685883,0.9378116129688655,0.012407422065734863,-0.015056218900277196,True,False
attack_04,153011,car,D:\project CS\Faster-RCNN-COCO-Attack\source_data\attack_04\clean_images\000000153011.jpg,D:\project CS\Faster-RCNN-COCO-Attack\source_data\attack_04\patched_images\000000153011.jpg,True,True,0.9947094917297363,0.9967620372772217,313.08306884765625,215.5298614501953,398.42138671875,254.4478302001953,314.5628967285156,215.7180633544922,398.0574951171875,254.35350036621094,0.7878266097635722,0.8037639247941505,-0.0020525455474853516,-0.01593731503057827,True,False
attack_04,153529,person,D:\project CS\Faster-RCNN-COCO-Attack\source_data\attack_04\clean_images\000000153529.jpg,D:\project CS\Faster-RCNN-COCO-Attack\source_data\attack_04\patched_images\000000153529.jpg,True,True,0.9981473684310913,0.9975939393043518,288.70245361328125,45.63373947143555,430.29791259765625,588.407470703125,287.7150573730469,43.783695220947266,429.45013427734375,590.0638427734375,0.8987025877163198,0.9105996463698746,0.000553429126739502,-0.011897058653554726,True,False
attack_04,154425,person,D:\project CS\Faster-RCNN-COCO-Attack\source_data\attack_04\clean_images\000000154425.jpg,D:\project CS\Faster-RCNN-COCO-Attack\source_data\attack_04\patched_images\000000154425.jpg,True,True,0.9995996356010437,0.9996854066848755,144.68821716308594,3.716869354248047,404.06292724609375,425.0,145.24549865722656,6.184422492980957,403.49072265625,424.5347595214844,0.9365608786746268,0.9279684244334253,-8.577108383178711e-05,0.008592454241201475,True,False
attack_04,156071,car,D:\project CS\Faster-RCNN-COCO-Attack\source_data\attack_04\clean_images\000000156071.jpg,D:\project CS\Faster-RCNN-COCO-Attack\source_data\attack_04\patched_images\000000156071.jpg,True,True,0.665526807308197,0.6863389015197754,304.98577880859375,77.27168273925781,399.7174072265625,121.82329559326172,305.6912536621094,77.36245727539062,390.8807678222656,121.50679016113281,0.5579698137068826,0.5029760369668448,-0.02081209421157837,0.0549937767400378,True,False
attack_04,157365,car,D:\project CS\Faster-RCNN-COCO-Attack\source_data\attack_04\clean_images\000000157365.jpg,D:\project CS\Faster-RCNN-COCO-Attack\source_data\attack_04\patched_images\000000157365.jpg,True,True,0.9980980753898621,0.9978105425834656,0.8032556176185608,188.13177490234375,118.81043243408203,377.45269775390625,0.42490851879119873,186.64122009277344,117.80152893066406,375.48516845703125,0.9128783728643255,0.8954465420066844,0.0002875328063964844,0.017431830857641106,True,False
attack_04,157756,car,D:\project CS\Faster-RCNN-COCO-Attack\source_data\attack_04\clean_images\000000157756.jpg,D:\project CS\Faster-RCNN-COCO-Attack\source_data\attack_04\patched_images\000000157756.jpg,True,True,0.9877234697341919,0.9756542444229126,7.375486373901367,440.69970703125,77.81041717529297,484.6429748535156,8.05575942993164,441.1382751464844,77.89143371582031,484.4290466308594,0.8873232950001406,0.8834264572212985,0.012069225311279297,0.0038968377788420883,True,False
attack_04,157928,car,D:\project CS\Faster-RCNN-COCO-Attack\source_data\attack_04\clean_images\000000157928.jpg,D:\project CS\Faster-RCNN-COCO-Attack\source_data\attack_04\patched_images\000000157928.jpg,True,True,0.9774190187454224,0.9403436183929443,0.3073606789112091,99.87157440185547,108.21210479736328,247.95286560058594,0.5821952223777771,99.95625305175781,109.06889343261719,249.27378845214844,0.9842129897516274,0.9775852808318943,0.03707540035247803,0.006627708919733077,True,False
attack_04,160012,car,D:\project CS\Faster-RCNN-COCO-Attack\source_data\attack_04\clean_images\000000160012.jpg,D:\project CS\Faster-RCNN-COCO-Attack\source_data\attack_04\patched_images\000000160012.jpg,True,True,0.9879818558692932,0.9867729544639587,500.9664611816406,8.050252914428711,617.1978149414062,67.85161590576172,500.41021728515625,7.617898464202881,616.7454833984375,65.44075012207031,0.8175984345368621,0.7919852106039231,0.0012089014053344727,0.025613223932938967,True,False
attack_04,161128,car,D:\project CS\Faster-RCNN-COCO-Attack\source_data\attack_04\clean_images\000000161128.jpg,D:\project CS\Faster-RCNN-COCO-Attack\source_data\attack_04\patched_images\000000161128.jpg,True,True,0.9987589120864868,0.9954406023025513,1.0729926824569702,391.74761962890625,50.19197082519531,438.56732177734375,0.8767908811569214,391.6667785644531,49.89739990234375,438.95745849609375,0.954526194569332,0.9578708023091952,0.003318309783935547,-0.0033446077398632257,True,False
attack_04,162858,car,D:\project CS\Faster-RCNN-COCO-Attack\source_data\attack_04\clean_images\000000162858.jpg,D:\project CS\Faster-RCNN-COCO-Attack\source_data\attack_04\patched_images\000000162858.jpg,True,True,0.9980928301811218,0.9972721934318542,48.33915710449219,333.8689880371094,204.0757598876953,477.1623229980469,46.94928741455078,333.0646057128906,205.73617553710938,477.9523620605469,0.8869307061433958,0.8786332242821981,0.0008206367492675781,0.008297481861197609,True,False
attack_04,163314,person,D:\project CS\Faster-RCNN-COCO-Attack\source_data\attack_04\clean_images\000000163314.jpg,D:\project CS\Faster-RCNN-COCO-Attack\source_data\attack_04\patched_images\000000163314.jpg,False,False,,,,,,,,,,,,,,,False,False
attack_04,165039,car,D:\project CS\Faster-RCNN-COCO-Attack\source_data\attack_04\clean_images\000000165039.jpg,D:\project CS\Faster-RCNN-COCO-Attack\source_data\attack_04\patched_images\000000165039.jpg,True,True,0.9980340600013733,0.9986605644226074,381.9961242675781,161.0646209716797,565.1764526367188,240.323486328125,384.0628662109375,161.04080200195312,562.9679565429688,240.1170196533203,0.9724439507990232,0.9617918182921994,-0.0006265044212341309,0.010652132506823841,True,False
attack_04,166664,car,D:\project CS\Faster-RCNN-COCO-Attack\source_data\attack_04\clean_images\000000166664.jpg,D:\project CS\Faster-RCNN-COCO-Attack\source_data\attack_04\patched_images\000000166664.jpg,True,True,0.9719985723495483,0.9610027074813843,0.4543581008911133,144.59156799316406,140.7755126953125,425.2960510253906,0.5424360632896423,142.11300659179688,140.32696533203125,425.2097473144531,0.9701491100326229,0.9655896780626928,0.010995864868164062,0.004559431969930139,True,False
attack_04,166747,person,D:\project CS\Faster-RCNN-COCO-Attack\source_data\attack_04\clean_images\000000166747.jpg,D:\project CS\Faster-RCNN-COCO-Attack\source_data\attack_04\patched_images\000000166747.jpg,False,False,,,,,,,,,,,,,,,False,False
attack_04,166918,person,D:\project CS\Faster-RCNN-COCO-Attack\source_data\attack_04\clean_images\000000166918.jpg,D:\project CS\Faster-RCNN-COCO-Attack\source_data\attack_04\patched_images\000000166918.jpg,True,True,0.9699497222900391,0.9739155173301697,396.2901611328125,283.2954406738281,480.0000305175781,440.5507507324219,397.3759765625,283.45635986328125,480.0000305175781,442.59002685546875,0.9718009040117402,0.9510141237949905,-0.003965795040130615,0.020786780216749734,True,False
attack_04,169996,car,D:\project CS\Faster-RCNN-COCO-Attack\source_data\attack_04\clean_images\000000169996.jpg,D:\project CS\Faster-RCNN-COCO-Attack\source_data\attack_04\patched_images\000000169996.jpg,True,True,0.9948457479476929,0.9971401691436768,195.1835174560547,305.5392761230469,408.69268798828125,430.5588073730469,206.58749389648438,305.59515380859375,408.1252136230469,430.0823059082031,0.8849480723672164,0.9366010395773827,-0.0022944211959838867,-0.05165296721016632,True,False
attack_04,171382,car,D:\project CS\Faster-RCNN-COCO-Attack\source_data\attack_04\clean_images\000000171382.jpg,D:\project CS\Faster-RCNN-COCO-Attack\source_data\attack_04\patched_images\000000171382.jpg,True,True,0.980442464351654,0.9806177020072937,10.074530601501465,174.7134246826172,191.36227416992188,276.8080749511719,5.868611812591553,175.1700897216797,198.87184143066406,274.7654113769531,0.651176745740065,0.6812064023710788,-0.00017523765563964844,-0.030029656631013757,True,False
attack_04,172330,car,D:\project CS\Faster-RCNN-COCO-Attack\source_data\attack_04\clean_images\000000172330.jpg,D:\project CS\Faster-RCNN-COCO-Attack\source_data\attack_04\patched_images\000000172330.jpg,True,True,0.9943669438362122,0.996747612953186,57.40806198120117,1.1388977766036987,640.0,316.7664794921875,59.475276947021484,0.0,640.0,311.29571533203125,0.9763762697769036,0.9910943079462906,-0.002380669116973877,-0.014718038169386993,True,False
attack_04,173008,person,D:\project CS\Faster-RCNN-COCO-Attack\source_data\attack_04\clean_images\000000173008.jpg,D:\project CS\Faster-RCNN-COCO-Attack\source_data\attack_04\patched_images\000000173008.jpg,True,True,0.9997518658638,0.9997207522392273,232.568603515625,71.48226928710938,522.0056762695312,478.57684326171875,233.11767578125,69.52915954589844,520.4161987304688,479.400390625,0.898796254334884,0.9076574447796829,3.1113624572753906e-05,-0.008861190444798939,True,False
attack_04,176606,car,D:\project CS\Faster-RCNN-COCO-Attack\source_data\attack_04\clean_images\000000176606.jpg,D:\project CS\Faster-RCNN-COCO-Attack\source_data\attack_04\patched_images\000000176606.jpg,True,True,0.9925861954689026,0.9967744946479797,62.914127349853516,196.18740844726562,126.8188247680664,249.4204864501953,63.239166259765625,196.3125457763672,127.1806640625,249.6866912841797,0.9493120341652622,0.9525372204946404,-0.0041882991790771484,-0.0032251863293781824,True,False
attack_04,177357,person,D:\project CS\Faster-RCNN-COCO-Attack\source_data\attack_04\clean_images\000000177357.jpg,D:\project CS\Faster-RCNN-COCO-Attack\source_data\attack_04\patched_images\000000177357.jpg,True,True,0.9972195625305176,0.996081531047821,70.58856964111328,141.12950134277344,328.5653381347656,256.5244140625,73.20767974853516,140.24488830566406,318.2939147949219,257.4676513671875,0.7768484502495349,0.7424435262294585,0.0011380314826965332,0.03440492402007633,True,False
attack_04,177861,car,D:\project CS\Faster-RCNN-COCO-Attack\source_data\attack_04\clean_images\000000177861.jpg,D:\project CS\Faster-RCNN-COCO-Attack\source_data\attack_04\patched_images\000000177861.jpg,True,True,0.9982907176017761,0.9983966946601868,159.47560119628906,306.1690673828125,214.2817840576172,339.86151123046875,160.05990600585938,306.43988037109375,213.7783660888672,339.7134094238281,0.9464882795685736,0.9346075983146483,-0.00010597705841064453,0.011880681253925274,True,False
attack_04,177893,car,D:\project CS\Faster-RCNN-COCO-Attack\source_data\attack_04\clean_images\000000177893.jpg,D:\project CS\Faster-RCNN-COCO-Attack\source_data\attack_04\patched_images\000000177893.jpg,True,True,0.9255131483078003,0.7748944759368896,579.907958984375,199.6775360107422,615.6550903320312,233.2501678466797,579.8236694335938,199.6376190185547,614.7549438476562,223.40867614746094,0.638624034545218,0.9228101713538261,0.15061867237091064,-0.28418613680860816,True,False
attack_04,179112,person,D:\project CS\Faster-RCNN-COCO-Attack\source_data\attack_04\clean_images\000000179112.jpg,D:\project CS\Faster-RCNN-COCO-Attack\source_data\attack_04\patched_images\000000179112.jpg,True,True,0.9993396401405334,0.9996728897094727,10.225049018859863,0.0,347.5818786621094,372.6859436035156,0.0,0.0,343.2776794433594,374.96966552734375,0.9721564364602133,0.9259710579922795,-0.000333249568939209,0.0461853784679338,True,False
attack_04,179265,car,D:\project CS\Faster-RCNN-COCO-Attack\source_data\attack_04\clean_images\000000179265.jpg,D:\project CS\Faster-RCNN-COCO-Attack\source_data\attack_04\patched_images\000000179265.jpg,True,True,0.9973612427711487,0.995367169380188,223.03387451171875,162.6754913330078,284.5679931640625,189.4713134765625,223.6886749267578,163.03639221191406,284.40966796875,189.40475463867188,0.9104154382132804,0.9282467800272111,0.0019940733909606934,-0.017831341813930646,True,False
attack_04,180383,person,D:\project CS\Faster-RCNN-COCO-Attack\source_data\attack_04\clean_images\000000180383.jpg,D:\project CS\Faster-RCNN-COCO-Attack\source_data\attack_04\patched_images\000000180383.jpg,True,True,0.9669918417930603,0.9202349781990051,310.7362060546875,97.62662506103516,416.0291442871094,179.8931884765625,311.965576171875,94.92281341552734,417.6506652832031,180.4552764892578,0.9140746540867611,0.9048232742380803,0.046756863594055176,0.009251379848680852,True,False
attack_04,180487,person,D:\project CS\Faster-RCNN-COCO-Attack\source_data\attack_04\clean_images\000000180487.jpg,D:\project CS\Faster-RCNN-COCO-Attack\source_data\attack_04\patched_images\000000180487.jpg,True,True,0.9972723126411438,0.9994623064994812,39.34218978881836,81.72379302978516,380.37481689453125,423.55499267578125,42.73600387573242,74.03544616699219,382.3439025878906,421.41583251953125,0.8808766559570352,0.8725838974030953,-0.0021899938583374023,0.00829275855393996,True,False
attack_04,180878,car,D:\project CS\Faster-RCNN-COCO-Attack\source_data\attack_04\clean_images\000000180878.jpg,D:\project CS\Faster-RCNN-COCO-Attack\source_data\attack_04\patched_images\000000180878.jpg,True,True,0.8185684084892273,0.6460612416267395,404.6852722167969,200.82861328125,508.6529541015625,308.9771423339844,404.7452087402344,200.9461212158203,509.2445373535156,310.35540771484375,0.9475565267369164,0.9555882865401659,0.1725071668624878,-0.00803175980324955,True,False
attack_04,181542,car,D:\project CS\Faster-RCNN-COCO-Attack\source_data\attack_04\clean_images\000000181542.jpg,D:\project CS\Faster-RCNN-COCO-Attack\source_data\attack_04\patched_images\000000181542.jpg,True,True,0.9915860891342163,0.9906371235847473,1.8035151958465576,126.40514373779297,123.70899963378906,202.10372924804688,0.4222058653831482,126.56737518310547,123.66072082519531,204.7130584716797,0.9339528173934732,0.9076763191926547,0.0009489655494689941,0.026276498200818565,True,False
attack_04,182441,person,D:\project CS\Faster-RCNN-COCO-Attack\source_data\attack_04\clean_images\000000182441.jpg,D:\project CS\Faster-RCNN-COCO-Attack\source_data\attack_04\patched_images\000000182441.jpg,True,True,0.9997268319129944,0.9997245669364929,223.34109497070312,289.38177490234375,256.8260803222656,381.666748046875,223.3265838623047,289.2027587890625,256.443359375,381.2942810058594,0.9430708447141656,0.9385300311631761,2.2649765014648438e-06,0.004540813550989453,True,False
attack_04,183648,person,D:\project CS\Faster-RCNN-COCO-Attack\source_data\attack_04\clean_images\000000183648.jpg,D:\project CS\Faster-RCNN-COCO-Attack\source_data\attack_04\patched_images\000000183648.jpg,True,True,0.9991071820259094,0.9975754618644714,192.22825622558594,200.8981475830078,368.7490539550781,428.0000305175781,190.97207641601562,199.9220733642578,368.1827697753906,428.0000305175781,0.9748777838862986,0.9696656854169929,0.0015317201614379883,0.005212098469305704,True,False
attack_04,188296,car,D:\project CS\Faster-RCNN-COCO-Attack\source_data\attack_04\clean_images\000000188296.jpg,D:\project CS\Faster-RCNN-COCO-Attack\source_data\attack_04\patched_images\000000188296.jpg,True,True,0.9247851967811584,0.9036465883255005,0.1019461527466774,289.6606750488281,123.57687377929688,387.6966552734375,0.734555184841156,289.1476135253906,124.1943130493164,388.4024963378906,0.9360933066754373,0.9473057393818465,0.02113860845565796,-0.011212432706409148,True,False
attack_04,190140,person,D:\project CS\Faster-RCNN-COCO-Attack\source_data\attack_04\clean_images\000000190140.jpg,D:\project CS\Faster-RCNN-COCO-Attack\source_data\attack_04\patched_images\000000190140.jpg,True,True,0.9984020590782166,0.9988780617713928,156.3245849609375,143.12945556640625,284.8996887207031,299.24090576171875,157.1168212890625,142.04434204101562,289.2952880859375,302.64544677734375,0.8718520399742057,0.9329680751486097,-0.00047600269317626953,-0.061116035174404004,True,False
attack_04,191013,car,D:\project CS\Faster-RCNN-COCO-Attack\source_data\attack_04\clean_images\000000191013.jpg,D:\project CS\Faster-RCNN-COCO-Attack\source_data\attack_04\patched_images\000000191013.jpg,True,True,0.9974070191383362,0.994437575340271,44.10386276245117,549.29541015625,225.76165771484375,638.3984375,45.009159088134766,550.2098388671875,225.70709228515625,639.2151489257812,0.9665073913652905,0.9636851618817895,0.0029694437980651855,0.002822229483500971,True,False
attack_04,192670,car,D:\project CS\Faster-RCNN-COCO-Attack\source_data\attack_04\clean_images\000000192670.jpg,D:\project CS\Faster-RCNN-COCO-Attack\source_data\attack_04\patched_images\000000192670.jpg,True,True,0.9030206203460693,0.9144749641418457,224.31422424316406,93.06007385253906,399.24493408203125,180.6881103515625,222.6095428466797,93.23320007324219,403.250732421875,181.4930877685547,0.9189366922793902,0.9006494961726564,-0.011454343795776367,0.018287196106733794,True,False
attack_04,192716,car,D:\project CS\Faster-RCNN-COCO-Attack\source_data\attack_04\clean_images\000000192716.jpg,D:\project CS\Faster-RCNN-COCO-Attack\source_data\attack_04\patched_images\000000192716.jpg,True,True,0.9990453124046326,0.9990867376327515,134.9071807861328,595.268310546875,233.65823364257812,640.0,135.1646270751953,595.3226318359375,233.5239715576172,640.0,0.9635680736124845,0.9658915516116102,-4.1425228118896484e-05,-0.0023234779991256893,True,False
attack_04,193348,person,D:\project CS\Faster-RCNN-COCO-Attack\source_data\attack_04\clean_images\000000193348.jpg,D:\project CS\Faster-RCNN-COCO-Attack\source_data\attack_04\patched_images\000000193348.jpg,True,True,0.9983804225921631,0.9966515898704529,2.8136959075927734,89.44756317138672,421.8832092285156,638.8048706054688,3.1820647716522217,89.17623901367188,424.2662658691406,635.79345703125,0.9452666222758961,0.955274920589482,0.001728832721710205,-0.010008298313585962,True,False
attack_04,194716,car,D:\project CS\Faster-RCNN-COCO-Attack\source_data\attack_04\clean_images\000000194716.jpg,D:\project CS\Faster-RCNN-COCO-Attack\source_data\attack_04\patched_images\000000194716.jpg,False,True,,0.4046498239040375,,,,,560.9489135742188,0.4280838072299957,640.0,30.028934478759766,,0.8118409579772967,,,False,False
attack_04,196141,car,D:\project CS\Faster-RCNN-COCO-Attack\source_data\attack_04\clean_images\000000196141.jpg,D:\project CS\Faster-RCNN-COCO-Attack\source_data\attack_04\patched_images\000000196141.jpg,True,False,0.6080796122550964,,480.7075500488281,74.63536834716797,585.0608520507812,129.82688903808594,,,,,0.7557395088960329,,,,True,True
attack_04,198510,person,D:\project CS\Faster-RCNN-COCO-Attack\source_data\attack_04\clean_images\000000198510.jpg,D:\project CS\Faster-RCNN-COCO-Attack\source_data\attack_04\patched_images\000000198510.jpg,True,True,0.9952804446220398,0.9989539384841919,119.91336822509766,185.75491333007812,501.5555114746094,640.0,118.44554901123047,186.2691192626953,499.6341247558594,640.0,0.5916604445594108,0.5895514198516716,-0.0036734938621520996,0.0021090247077392155,True,False
attack_04,203864,person,D:\project CS\Faster-RCNN-COCO-Attack\source_data\attack_04\clean_images\000000203864.jpg,D:\project CS\Faster-RCNN-COCO-Attack\source_data\attack_04\patched_images\000000203864.jpg,True,True,0.9994378685951233,0.9996873140335083,253.3740997314453,105.98927307128906,435.62060546875,434.74859619140625,254.06063842773438,108.54940795898438,435.22283935546875,434.16180419921875,0.9451689629536666,0.9346231741047766,-0.00024944543838500977,0.010545788848890014,True,False
attack_04,204871,car,D:\project CS\Faster-RCNN-COCO-Attack\source_data\attack_04\clean_images\000000204871.jpg,D:\project CS\Faster-RCNN-COCO-Attack\source_data\attack_04\patched_images\000000204871.jpg,True,True,0.9917098879814148,0.9934991598129272,365.7252197265625,113.68939971923828,453.28106689453125,195.8138885498047,369.0280456542969,113.70960998535156,455.64788818359375,194.62486267089844,0.855416532839168,0.9248768084197462,-0.0017892718315124512,-0.06946027558057821,True,False
attack_04,208423,car,D:\project CS\Faster-RCNN-COCO-Attack\source_data\attack_04\clean_images\000000208423.jpg,D:\project CS\Faster-RCNN-COCO-Attack\source_data\attack_04\patched_images\000000208423.jpg,True,True,0.9850677251815796,0.9811546206474304,69.11402893066406,437.7994079589844,193.1342315673828,480.0000305175781,71.8270492553711,437.6553649902344,193.29925537109375,480.0000305175781,0.9576064755063354,0.9383888777723602,0.00391310453414917,0.019217597733975134,True,False
attack_04,210032,person,D:\project CS\Faster-RCNN-COCO-Attack\source_data\attack_04\clean_images\000000210032.jpg,D:\project CS\Faster-RCNN-COCO-Attack\source_data\attack_04\patched_images\000000210032.jpg,True,True,0.9941750168800354,0.9950183629989624,123.93151092529297,0.5860677361488342,286.36981201171875,96.39427185058594,124.63862609863281,0.6304097175598145,286.3496398925781,97.03304290771484,0.7734768815392241,0.7714392647504236,-0.000843346118927002,0.0020376167888005448,True,False
attack_04,210273,car,D:\project CS\Faster-RCNN-COCO-Attack\source_data\attack_04\clean_images\000000210273.jpg,D:\project CS\Faster-RCNN-COCO-Attack\source_data\attack_04\patched_images\000000210273.jpg,False,False,,,,,,,,,,,,,,,False,False
attack_04,213593,car,D:\project CS\Faster-RCNN-COCO-Attack\source_data\attack_04\clean_images\000000213593.jpg,D:\project CS\Faster-RCNN-COCO-Attack\source_data\attack_04\patched_images\000000213593.jpg,True,True,0.9739936590194702,0.9511327743530273,197.62432861328125,379.244384765625,270.44219970703125,425.96295166015625,197.50038146972656,378.60174560546875,272.7323303222656,426.0000305175781,0.8816766084020958,0.921760923337161,0.02286088466644287,-0.040084314935065146,True,False
attack_04,215072,person,D:\project CS\Faster-RCNN-COCO-Attack\source_data\attack_04\clean_images\000000215072.jpg,D:\project CS\Faster-RCNN-COCO-Attack\source_data\attack_04\patched_images\000000215072.jpg,True,True,0.9853389263153076,0.9602908492088318,119.64690399169922,150.2635040283203,237.24681091308594,388.321044921875,120.34947204589844,150.67977905273438,239.84791564941406,383.57122802734375,0.8787960136259124,0.9076458481413249,0.02504807710647583,-0.028849834515412454,True,False
attack_04,220732,car,D:\project CS\Faster-RCNN-COCO-Attack\source_data\attack_04\clean_images\000000220732.jpg,D:\project CS\Faster-RCNN-COCO-Attack\source_data\attack_04\patched_images\000000220732.jpg,False,False,,,,,,,,,,,,,,,False,False
attack_04,222094,car,D:\project CS\Faster-RCNN-COCO-Attack\source_data\attack_04\clean_images\000000222094.jpg,D:\project CS\Faster-RCNN-COCO-Attack\source_data\attack_04\patched_images\000000222094.jpg,True,True,0.6081722378730774,0.6781944632530212,26.285175323486328,213.44187927246094,110.69696044921875,242.82345581054688,27.334854125976562,213.69635009765625,110.14810943603516,243.0255584716797,0.8754290339583621,0.8613340439759426,-0.07002222537994385,0.014094989982419537,True,False
attack_04,222458,person,D:\project CS\Faster-RCNN-COCO-Attack\source_data\attack_04\clean_images\000000222458.jpg,D:\project CS\Faster-RCNN-COCO-Attack\source_data\attack_04\patched_images\000000222458.jpg,True,True,0.9982518553733826,0.9974191188812256,450.658935546875,196.41160583496094,484.8689270019531,282.6266784667969,450.1317138671875,195.77772521972656,485.30059814453125,283.1798400878906,0.9578778298151212,0.9370204513197413,0.0008327364921569824,0.02085737849537983,True,False
attack_04,222735,person,D:\project CS\Faster-RCNN-COCO-Attack\source_data\attack_04\clean_images\000000222735.jpg,D:\project CS\Faster-RCNN-COCO-Attack\source_data\attack_04\patched_images\000000222735.jpg,False,False,,,,,,,,,,,,,,,False,False
attack_04,224337,person,D:\project CS\Faster-RCNN-COCO-Attack\source_data\attack_04\clean_images\000000224337.jpg,D:\project CS\Faster-RCNN-COCO-Attack\source_data\attack_04\patched_images\000000224337.jpg,True,True,0.997654914855957,0.9951733946800232,2.2053208351135254,0.1688166856765747,520.1757202148438,427.0,0.5250468850135803,1.380911946296692,519.493896484375,427.0,0.6949904325863703,0.6977043227495066,0.002481520175933838,-0.002713890163136279,True,False
attack_04,224724,car,D:\project CS\Faster-RCNN-COCO-Attack\source_data\attack_04\clean_images\000000224724.jpg,D:\project CS\Faster-RCNN-COCO-Attack\source_data\attack_04\patched_images\000000224724.jpg,True,True,0.9370490312576294,0.9311924576759338,288.9454650878906,510.1380615234375,424.1025695800781,565.189208984375,289.7278747558594,510.1764831542969,424.220458984375,565.5770263671875,0.9281669530417217,0.9151616307899196,0.005856573581695557,0.013005322251802065,True,False
attack_04,226417,person,D:\project CS\Faster-RCNN-COCO-Attack\source_data\attack_04\clean_images\000000226417.jpg,D:\project CS\Faster-RCNN-COCO-Attack\source_data\attack_04\patched_images\000000226417.jpg,True,True,0.9981545805931091,0.9969768524169922,0.5519447326660156,170.52438354492188,52.27699661254883,288.1134338378906,0.19160357117652893,169.9647674560547,51.6310920715332,287.3116149902344,0.9497645822041607,0.9685676618857259,0.0011777281761169434,-0.018803079681565138,True,False
attack_04,228942,car,D:\project CS\Faster-RCNN-COCO-Attack\source_data\attack_04\clean_images\000000228942.jpg,D:\project CS\Faster-RCNN-COCO-Attack\source_data\attack_04\patched_images\000000228942.jpg,True,True,0.9998236298561096,0.9997639060020447,1.0910100936889648,130.16355895996094,385.36395263671875,299.6667175292969,2.661334276199341,131.86390686035156,387.6481018066406,301.84283447265625,0.9641865504767716,0.951960934844139,5.9723854064941406e-05,0.01222561563263258,True,False
attack_04,230008,car,D:\project CS\Faster-RCNN-COCO-Attack\source_data\attack_04\clean_images\000000230008.jpg,D:\project CS\Faster-RCNN-COCO-Attack\source_data\attack_04\patched_images\000000230008.jpg,True,True,0.9901593327522278,0.9874626994132996,404.0797119140625,76.56927490234375,637.6453247070312,313.1640319824219,403.2543640136719,78.69270324707031,638.7984619140625,314.6313171386719,0.8478360959817886,0.8378252545852031,0.0026966333389282227,0.01001084139658548,True,False
attack_04,230983,car,D:\project CS\Faster-RCNN-COCO-Attack\source_data\attack_04\clean_images\000000230983.jpg,D:\project CS\Faster-RCNN-COCO-Attack\source_data\attack_04\patched_images\000000230983.jpg,True,True,0.9933789968490601,0.26486101746559143,404.5292053222656,211.02291870117188,429.6561279296875,273.0596923828125,386.727783203125,210.49386596679688,427.71099853515625,254.719482421875,0.5797162218268536,0.6656078896212368,0.7285179793834686,-0.08589166779438329,True,False
attack_04,230993,person,D:\project CS\Faster-RCNN-COCO-Attack\source_data\attack_04\clean_images\000000230993.jpg,D:\project CS\Faster-RCNN-COCO-Attack\source_data\attack_04\patched_images\000000230993.jpg,True,True,0.9984791874885559,0.9962588548660278,99.12112426757812,221.2924041748047,253.84390258789062,405.8653869628906,99.03091430664062,220.390625,241.3887939453125,403.73095703125,0.8102559463928798,0.7515022328281415,0.002220332622528076,0.05875371356473824,True,False
attack_04,232649,person,D:\project CS\Faster-RCNN-COCO-Attack\source_data\attack_04\clean_images\000000232649.jpg,D:\project CS\Faster-RCNN-COCO-Attack\source_data\attack_04\patched_images\000000232649.jpg,True,True,0.9956733584403992,0.996228814125061,2.474699020385742,0.787878155708313,93.8723373413086,107.10917663574219,2.6674389839172363,0.9692516326904297,93.2334213256836,109.33794403076172,0.9322835222778223,0.9359743115750151,-0.0005554556846618652,-0.003690789297192798,True,False
attack_04,233238,person,D:\project CS\Faster-RCNN-COCO-Attack\source_data\attack_04\clean_images\000000233238.jpg,D:\project CS\Faster-RCNN-COCO-Attack\source_data\attack_04\patched_images\000000233238.jpg,True,True,0.9970282912254333,0.9951991438865662,332.6571960449219,132.8826904296875,479.2905578613281,489.7925109863281,335.556396484375,129.53810119628906,479.7613220214844,495.3642883300781,0.9430442484229336,0.9762453846962186,0.0018291473388671875,-0.033201136273285026,True,False
attack_04,242411,person,D:\project CS\Faster-RCNN-COCO-Attack\source_data\attack_04\clean_images\000000242411.jpg,D:\project CS\Faster-RCNN-COCO-Attack\source_data\attack_04\patched_images\000000242411.jpg,True,True,0.9853928685188293,0.9851933121681213,234.19998168945312,583.804443359375,298.51617431640625,639.16796875,233.61521911621094,585.964111328125,298.6712341308594,639.8086547851562,0.8686445476909127,0.9038967379881769,0.0001995563507080078,-0.03525219029726423,True,False
attack_04,243148,person,D:\project CS\Faster-RCNN-COCO-Attack\source_data\attack_04\clean_images\000000243148.jpg,D:\project CS\Faster-RCNN-COCO-Attack\source_data\attack_04\patched_images\000000243148.jpg,True,True,0.99925297498703,0.9706992506980896,277.4565734863281,2.7772088050842285,640.0,359.3706359863281,262.67095947265625,1.946296215057373,638.726318359375,356.81304931640625,0.9258239361900328,0.9689470803598061,0.02855372428894043,-0.043123144169773364,True,False
attack_04,245320,car,D:\project CS\Faster-RCNN-COCO-Attack\source_data\attack_04\clean_images\000000245320.jpg,D:\project CS\Faster-RCNN-COCO-Attack\source_data\attack_04\patched_images\000000245320.jpg,True,True,0.9487232565879822,0.4061987102031708,361.8992919921875,244.42201232910156,421.61700439453125,311.26171875,360.5379333496094,243.17694091796875,423.489990234375,316.43682861328125,0.9002175254690625,0.828536856782969,0.5425245463848114,0.07168066868609357,True,False
attack_04,246963,person,D:\project CS\Faster-RCNN-COCO-Attack\source_data\attack_04\clean_images\000000246963.jpg,D:\project CS\Faster-RCNN-COCO-Attack\source_data\attack_04\patched_images\000000246963.jpg,True,True,0.9971328973770142,0.9938867688179016,432.85504150390625,150.9876708984375,526.380859375,303.4397888183594,434.48236083984375,151.54483032226562,527.27294921875,300.72027587890625,0.8625213052699456,0.8983473123560295,0.003246128559112549,-0.035826007086083855,True,False
attack_04,248112,person,D:\project CS\Faster-RCNN-COCO-Attack\source_data\attack_04\clean_images\000000248112.jpg,D:\project CS\Faster-RCNN-COCO-Attack\source_data\attack_04\patched_images\000000248112.jpg,True,True,0.9990800619125366,0.9990643858909607,260.00213623046875,198.59815979003906,302.9301452636719,330.6225280761719,259.513671875,197.822998046875,302.9542541503906,330.24346923828125,0.9523795435902913,0.9409408186038446,1.5676021575927734e-05,0.011438724986446713,True,False
attack_04,248616,person,D:\project CS\Faster-RCNN-COCO-Attack\source_data\attack_04\clean_images\000000248616.jpg,D:\project CS\Faster-RCNN-COCO-Attack\source_data\attack_04\patched_images\000000248616.jpg,True,True,0.9995245933532715,0.9996180534362793,0.1293151080608368,72.41477966308594,179.7225799560547,397.26690673828125,0.0,71.14353942871094,181.01539611816406,397.65997314453125,0.9625803401219154,0.9751732650374133,-9.34600830078125e-05,-0.012592924915497905,True,False
attack_04,254814,car,D:\project CS\Faster-RCNN-COCO-Attack\source_data\attack_04\clean_images\000000254814.jpg,D:\project CS\Faster-RCNN-COCO-Attack\source_data\attack_04\patched_images\000000254814.jpg,True,True,0.6786398887634277,0.5134950876235962,381.3436584472656,307.97479248046875,545.8572387695312,426.0606994628906,380.48699951171875,308.3123474121094,544.8336181640625,425.1633605957031,0.9719341376305012,0.972872800723244,0.16514480113983154,-0.0009386630927428197,True,False
attack_04,255536,person,D:\project CS\Faster-RCNN-COCO-Attack\source_data\attack_04\clean_images\000000255536.jpg,D:\project CS\Faster-RCNN-COCO-Attack\source_data\attack_04\patched_images\000000255536.jpg,True,True,0.9789409637451172,0.9700329303741455,134.5106964111328,120.58405303955078,169.65623474121094,152.13983154296875,135.72427368164062,120.55719757080078,168.4239501953125,151.7978515625,0.7530424851122451,0.7577981022591029,0.00890803337097168,-0.0047556171468577935,True,False
attack_04,257169,person,D:\project CS\Faster-RCNN-COCO-Attack\source_data\attack_04\clean_images\000000257169.jpg,D:\project CS\Faster-RCNN-COCO-Attack\source_data\attack_04\patched_images\000000257169.jpg,True,True,0.9077422618865967,0.8947177529335022,253.12977600097656,309.015625,480.0000305175781,440.36627197265625,266.80133056640625,307.3470764160156,478.622802734375,441.39404296875,0.9406110562861641,0.9312110520845646,0.013024508953094482,0.009400004201599588,True,False
attack_04,257566,person,D:\project CS\Faster-RCNN-COCO-Attack\source_data\attack_04\clean_images\000000257566.jpg,D:\project CS\Faster-RCNN-COCO-Attack\source_data\attack_04\patched_images\000000257566.jpg,True,True,0.9135052561759949,0.8744332790374756,0.6436266303062439,132.59202575683594,60.48741912841797,478.20220947265625,0.6042572259902954,134.3560028076172,61.697872161865234,458.1109313964844,0.665594913744599,0.6231115801950785,0.03907197713851929,0.0424833335495205,True,False
attack_04,259690,car,D:\project CS\Faster-RCNN-COCO-Attack\source_data\attack_04\clean_images\000000259690.jpg,D:\project CS\Faster-RCNN-COCO-Attack\source_data\attack_04\patched_images\000000259690.jpg,True,True,0.8208940625190735,0.8304919600486755,452.7012634277344,112.98867797851562,574.7701416015625,153.7430419921875,458.06463623046875,113.95674896240234,575.220703125,153.8826141357422,0.8620683181004951,0.8059590691480857,-0.00959789752960205,0.05610924895240943,True,False
attack_04,260470,car,D:\project CS\Faster-RCNN-COCO-Attack\source_data\attack_04\clean_images\000000260470.jpg,D:\project CS\Faster-RCNN-COCO-Attack\source_data\attack_04\patched_images\000000260470.jpg,True,True,0.9576691389083862,0.46396270394325256,329.0877685546875,63.234291076660156,432.3411865234375,123.5022201538086,330.5494079589844,61.499637603759766,429.9322814941406,121.01194763183594,0.8593680297920544,0.8397878004694213,0.49370643496513367,0.019580229322633147,True,False
attack_04,261061,person,D:\project CS\Faster-RCNN-COCO-Attack\source_data\attack_04\clean_images\000000261061.jpg,D:\project CS\Faster-RCNN-COCO-Attack\source_data\attack_04\patched_images\000000261061.jpg,True,True,0.9986764788627625,0.9990524649620056,255.04962158203125,43.53877639770508,371.3350524902344,330.70965576171875,256.2030029296875,44.400909423828125,370.2842712402344,330.962646484375,0.937299865297499,0.9356358105526694,-0.00037598609924316406,0.0016640547448295573,True,False
attack_04,261982,car,D:\project CS\Faster-RCNN-COCO-Attack\source_data\attack_04\clean_images\000000261982.jpg,D:\project CS\Faster-RCNN-COCO-Attack\source_data\attack_04\patched_images\000000261982.jpg,True,True,0.9792628884315491,0.9633819460868835,1.2214984893798828,7.9924492835998535,259.1339416503906,232.0894012451172,1.6163684129714966,8.07021713256836,248.4722442626953,227.6714630126953,0.9266454809205119,0.9581819820347096,0.015880942344665527,-0.0315365011141977,True,False
attack_04,263463,car,D:\project CS\Faster-RCNN-COCO-Attack\source_data\attack_04\clean_images\000000263463.jpg,D:\project CS\Faster-RCNN-COCO-Attack\source_data\attack_04\patched_images\000000263463.jpg,True,True,0.9213261008262634,0.9464957118034363,68.86930084228516,56.77874755859375,546.5679321289062,407.24896240234375,53.67021179199219,58.615875244140625,548.3680419921875,400.4716796875,0.7960635046314627,0.8051162896400151,-0.02516961097717285,-0.009052785008552444,True,False
attack_04,263594,car,D:\project CS\Faster-RCNN-COCO-Attack\source_data\attack_04\clean_images\000000263594.jpg,D:\project CS\Faster-RCNN-COCO-Attack\source_data\attack_04\patched_images\000000263594.jpg,True,True,0.9993715882301331,0.9992856383323669,36.36952209472656,142.80453491210938,461.492919921875,284.27545166015625,33.53908157348633,142.99461364746094,459.19854736328125,284.5641174316406,0.9442842194531323,0.9525522857130677,8.594989776611328e-05,-0.00826806625993537,True,False
attack_04,266981,car,D:\project CS\Faster-RCNN-COCO-Attack\source_data\attack_04\clean_images\000000266981.jpg,D:\project CS\Faster-RCNN-COCO-Attack\source_data\attack_04\patched_images\000000266981.jpg,True,True,0.8743902444839478,0.9029454588890076,323.13653564453125,409.9162292480469,388.1927490234375,448.042724609375,323.6614074707031,410.7515869140625,393.883544921875,447.78607177734375,0.8499935862381371,0.9012958255294686,-0.028555214405059814,-0.051302239291331486,True,False
attack_04,269632,car,D:\project CS\Faster-RCNN-COCO-Attack\source_data\attack_04\clean_images\000000269632.jpg,D:\project CS\Faster-RCNN-COCO-Attack\source_data\attack_04\patched_images\000000269632.jpg,True,True,0.9955219030380249,0.9963143467903137,554.1505126953125,236.02838134765625,639.8263549804688,347.6154479980469,553.9417724609375,235.7158966064453,640.0,347.56622314453125,0.9550387003169631,0.9523546474871853,-0.0007924437522888184,0.0026840528297777944,True,False
attack_04,274272,car,D:\project CS\Faster-RCNN-COCO-Attack\source_data\attack_04\clean_images\000000274272.jpg,D:\project CS\Faster-RCNN-COCO-Attack\source_data\attack_04\patched_images\000000274272.jpg,True,True,0.988018274307251,0.9908961653709412,49.622806549072266,385.6773986816406,213.2131805419922,478.7055358886719,41.69935607910156,385.78094482421875,212.5589599609375,479.2399597167969,0.8190276395003817,0.8492699573324654,-0.0028778910636901855,-0.030242317832083643,True,False
attack_04,274460,person,D:\project CS\Faster-RCNN-COCO-Attack\source_data\attack_04\clean_images\000000274460.jpg,D:\project CS\Faster-RCNN-COCO-Attack\source_data\attack_04\patched_images\000000274460.jpg,True,True,0.9971081614494324,0.9958261847496033,28.34758186340332,290.74713134765625,137.37954711914062,402.4851379394531,27.053470611572266,290.79034423828125,137.72059631347656,404.3373718261719,0.8785461769845342,0.8794249648713682,0.0012819766998291016,-0.0008787878868340426,True,False
attack_04,277005,car,D:\project CS\Faster-RCNN-COCO-Attack\source_data\attack_04\clean_images\000000277005.jpg,D:\project CS\Faster-RCNN-COCO-Attack\source_data\attack_04\patched_images\000000277005.jpg,True,True,0.8248025178909302,0.9025511145591736,414.06268310546875,263.4010314941406,549.7820434570312,333.98040771484375,413.9978332519531,264.4539794921875,551.6076049804688,333.42852783203125,0.7015183688110727,0.6951164513278164,-0.07774859666824341,0.0064019174832562475,True,False
attack_04,278749,car,D:\project CS\Faster-RCNN-COCO-Attack\source_data\attack_04\clean_images\000000278749.jpg,D:\project CS\Faster-RCNN-COCO-Attack\source_data\attack_04\patched_images\000000278749.jpg,True,True,0.9935696125030518,0.9771381616592407,81.6985855102539,108.87378692626953,115.36660766601562,127.027587890625,81.40766906738281,109.14868927001953,116.81285095214844,126.85438537597656,0.8200561009920713,0.8270688695331513,0.016431450843811035,-0.007012768541080017,True,False
attack_04,278848,car,D:\project CS\Faster-RCNN-COCO-Attack\source_data\attack_04\clean_images\000000278848.jpg,D:\project CS\Faster-RCNN-COCO-Attack\source_data\attack_04\patched_images\000000278848.jpg,True,True,0.9908772110939026,0.9908778071403503,436.6134033203125,351.1358642578125,479.69775390625,393.66552734375,436.7906799316406,350.3426208496094,479.8602294921875,392.951171875,0.9328305367498889,0.8948642364169757,-5.960464477539062e-07,0.03796630033291326,True,False
attack_04,282037,person,D:\project CS\Faster-RCNN-COCO-Attack\source_data\attack_04\clean_images\000000282037.jpg,D:\project CS\Faster-RCNN-COCO-Attack\source_data\attack_04\patched_images\000000282037.jpg,False,False,,,,,,,,,,,,,,,False,False
attack_04,284725,car,D:\project CS\Faster-RCNN-COCO-Attack\source_data\attack_04\clean_images\000000284725.jpg,D:\project CS\Faster-RCNN-COCO-Attack\source_data\attack_04\patched_images\000000284725.jpg,True,True,0.9993588328361511,0.9992672801017761,146.0795135498047,285.02825927734375,378.81365966796875,374.6063232421875,146.03683471679688,286.4559020996094,378.1922607421875,374.7691345214844,0.9177229276081459,0.9353813389680676,9.1552734375e-05,-0.017658411359921744,True,False
attack_04,288042,person,D:\project CS\Faster-RCNN-COCO-Attack\source_data\attack_04\clean_images\000000288042.jpg,D:\project CS\Faster-RCNN-COCO-Attack\source_data\attack_04\patched_images\000000288042.jpg,True,True,0.999201238155365,0.9990768432617188,546.595458984375,191.7491455078125,603.781494140625,359.89410400390625,546.2510375976562,192.20208740234375,603.07080078125,360.47125244140625,0.8929352972031591,0.8810426379281324,0.00012439489364624023,0.011892659275026696,True,False
attack_04,289938,car,D:\project CS\Faster-RCNN-COCO-Attack\source_data\attack_04\clean_images\000000289938.jpg,D:\project CS\Faster-RCNN-COCO-Attack\source_data\attack_04\patched_images\000000289938.jpg,True,True,0.9667488932609558,0.9674968719482422,559.5136108398438,215.74549865722656,639.7354125976562,274.7930603027344,549.6469116210938,214.24620056152344,640.0,275.2606201171875,0.7670550626429417,0.6999373422252099,-0.000747978687286377,0.06711772041773179,True,False
attack_04,290163,person,D:\project CS\Faster-RCNN-COCO-Attack\source_data\attack_04\clean_images\000000290163.jpg,D:\project CS\Faster-RCNN-COCO-Attack\source_data\attack_04\patched_images\000000290163.jpg,True,True,0.9960697889328003,0.9968146681785583,0.011357421986758709,3.004570245742798,277.09332275390625,414.4178161621094,0.060322266072034836,3.9512693881988525,261.09808349609375,386.05694580078125,0.961998122094529,0.9067169881333701,-0.0007448792457580566,0.05528113396115886,True,False
attack_04,293071,car,D:\project CS\Faster-RCNN-COCO-Attack\source_data\attack_04\clean_images\000000293071.jpg,D:\project CS\Faster-RCNN-COCO-Attack\source_data\attack_04\patched_images\000000293071.jpg,True,True,0.9967033267021179,0.996292233467102,73.38241577148438,149.35487365722656,279.1780090332031,231.2130126953125,72.751708984375,150.36309814453125,276.793701171875,231.2289581298828,0.9804203053527725,0.954106440427441,0.00041109323501586914,0.026313864925331498,True,False
attack_04,295138,person,D:\project CS\Faster-RCNN-COCO-Attack\source_data\attack_04\clean_images\000000295138.jpg,D:\project CS\Faster-RCNN-COCO-Attack\source_data\attack_04\patched_images\000000295138.jpg,True,True,0.9996901750564575,0.9992291927337646,164.9022979736328,0.28423863649368286,391.20697021484375,342.9975280761719,166.26736450195312,1.9521698951721191,393.3387756347656,344.5492248535156,0.9607148785882921,0.9458274766315328,0.0004609823226928711,0.014887401956759305,True,False
attack_04,295809,car,D:\project CS\Faster-RCNN-COCO-Attack\source_data\attack_04\clean_images\000000295809.jpg,D:\project CS\Faster-RCNN-COCO-Attack\source_data\attack_04\patched_images\000000295809.jpg,True,True,0.6863856911659241,0.6903305053710938,50.37861633300781,104.57826232910156,145.85263061523438,140.55441284179688,49.60395431518555,103.7264633178711,150.97828674316406,141.49534606933594,0.9045241879118193,0.9626752924560732,-0.003944814205169678,-0.05815110454425387,True,False
attack_04,296649,car,D:\project CS\Faster-RCNN-COCO-Attack\source_data\attack_04\clean_images\000000296649.jpg,D:\project CS\Faster-RCNN-COCO-Attack\source_data\attack_04\patched_images\000000296649.jpg,True,True,0.9883753061294556,0.9846941232681274,421.1389465332031,327.9729309082031,639.1673583984375,427.0,422.73870849609375,328.0017395019531,640.0,425.326171875,0.9093424743601136,0.9355304605641437,0.003681182861328125,-0.026187986204030067,True,False
attack_04,301061,person,D:\project CS\Faster-RCNN-COCO-Attack\source_data\attack_04\clean_images\000000301061.jpg,D:\project CS\Faster-RCNN-COCO-Attack\source_data\attack_04\patched_images\000000301061.jpg,True,True,0.9978845715522766,0.9984261989593506,0.0,276.5477600097656,77.75420379638672,601.7483520507812,0.0019958496559411287,281.1438903808594,78.89622497558594,602.3306884765625,0.8278859097376768,0.8261193112411622,-0.0005416274070739746,0.0017665984965146153,True,False
attack_04,301376,car,D:\project CS\Faster-RCNN-COCO-Attack\source_data\attack_04\clean_images\000000301376.jpg,D:\project CS\Faster-RCNN-COCO-Attack\source_data\attack_04\patched_images\000000301376.jpg,True,True,0.9967888593673706,0.9952487349510193,0.19602227210998535,384.83111572265625,95.5949478149414,478.4261169433594,0.08003170788288116,384.35009765625,95.12390899658203,477.6878662109375,0.8829072728014788,0.8728076559283184,0.0015401244163513184,0.01009961687316041,True,False
attack_04,303818,car,D:\project CS\Faster-RCNN-COCO-Attack\source_data\attack_04\clean_images\000000303818.jpg,D:\project CS\Faster-RCNN-COCO-Attack\source_data\attack_04\patched_images\000000303818.jpg,True,True,0.9988765120506287,0.9991369843482971,3.422996759414673,195.86692810058594,134.47373962402344,275.08709716796875,3.375938653945923,196.16026306152344,134.16416931152344,274.9485778808594,0.9488498909637112,0.9504243115846763,-0.00026047229766845703,-0.0015744206209651335,True,False
attack_04,306136,person,D:\project CS\Faster-RCNN-COCO-Attack\source_data\attack_04\clean_images\000000306136.jpg,D:\project CS\Faster-RCNN-COCO-Attack\source_data\attack_04\patched_images\000000306136.jpg,True,True,0.9442280530929565,0.9439797401428223,79.17504119873047,443.150146484375,116.3386001586914,543.0578002929688,79.28284454345703,443.9016418457031,113.67828369140625,544.3522338867188,0.9097095484814708,0.9020605167167248,0.00024831295013427734,0.007649031764745962,True,False
attack_04,308394,person,D:\project CS\Faster-RCNN-COCO-Attack\source_data\attack_04\clean_images\000000308394.jpg,D:\project CS\Faster-RCNN-COCO-Attack\source_data\attack_04\patched_images\000000308394.jpg,True,True,0.9989649057388306,0.9993569254875183,52.6798210144043,157.5100555419922,220.064697265625,426.5421142578125,54.334571838378906,156.21871948242188,218.9515380859375,427.96044921875,0.812808271502914,0.8067963031147909,-0.00039201974868774414,0.006011968388123123,True,False
attack_04,320232,car,D:\project CS\Faster-RCNN-COCO-Attack\source_data\attack_04\clean_images\000000320232.jpg,D:\project CS\Faster-RCNN-COCO-Attack\source_data\attack_04\patched_images\000000320232.jpg,True,True,0.9893904328346252,0.9828382730484009,145.48223876953125,385.4117126464844,201.93753051757812,412.6843566894531,149.12930297851562,385.0754699707031,202.00318908691406,412.9697570800781,0.8470819910980775,0.8843024966250621,0.006552159786224365,-0.03722050552698464,True,False
attack_04,322724,person,D:\project CS\Faster-RCNN-COCO-Attack\source_data\attack_04\clean_images\000000322724.jpg,D:\project CS\Faster-RCNN-COCO-Attack\source_data\attack_04\patched_images\000000322724.jpg,True,True,0.9998986721038818,0.999776303768158,236.88589477539062,179.376708984375,357.69158935546875,424.439697265625,239.3932647705078,181.0374298095703,357.5845947265625,422.538818359375,0.8899523656329523,0.8937177697397747,0.00012236833572387695,-0.0037654041068223565,True,False
attack_04,322864,car,D:\project CS\Faster-RCNN-COCO-Attack\source_data\attack_04\clean_images\000000322864.jpg,D:\project CS\Faster-RCNN-COCO-Attack\source_data\attack_04\patched_images\000000322864.jpg,True,True,0.9951120018959045,0.9963099360466003,0.0,367.7161865234375,426.15155029296875,612.890625,0.0,370.7623291015625,426.9270324707031,615.8007202148438,0.8823485142445554,0.8842583698626193,-0.0011979341506958008,-0.0019098556180638937,True,False
attack_04,324158,car,D:\project CS\Faster-RCNN-COCO-Attack\source_data\attack_04\clean_images\000000324158.jpg,D:\project CS\Faster-RCNN-COCO-Attack\source_data\attack_04\patched_images\000000324158.jpg,False,False,,,,,,,,,,,,,,,False,False
attack_04,326174,person,D:\project CS\Faster-RCNN-COCO-Attack\source_data\attack_04\clean_images\000000326174.jpg,D:\project CS\Faster-RCNN-COCO-Attack\source_data\attack_04\patched_images\000000326174.jpg,True,True,0.9929512143135071,0.9956119060516357,132.4824981689453,218.37782287597656,227.3019561767578,409.017578125,131.00286865234375,219.29139709472656,225.35064697265625,410.6863708496094,0.962025027818009,0.9572609205726917,-0.002660691738128662,0.004764107245317284,True,False
attack_04,326627,car,D:\project CS\Faster-RCNN-COCO-Attack\source_data\attack_04\clean_images\000000326627.jpg,D:\project CS\Faster-RCNN-COCO-Attack\source_data\attack_04\patched_images\000000326627.jpg,True,True,0.9492716193199158,0.9078390598297119,291.15045166015625,396.02734375,345.8642883300781,437.20849609375,292.0596923828125,396.2056884765625,348.78460693359375,437.4383239746094,0.9434824355484837,0.8807226537904651,0.04143255949020386,0.06275978175801855,True,False
attack_04,326970,person,D:\project CS\Faster-RCNN-COCO-Attack\source_data\attack_04\clean_images\000000326970.jpg,D:\project CS\Faster-RCNN-COCO-Attack\source_data\attack_04\patched_images\000000326970.jpg,True,True,0.9997900128364563,0.999761164188385,268.4629211425781,31.097517013549805,478.1180419921875,478.3407287597656,265.833251953125,31.53711700439453,469.9251403808594,478.2536926269531,0.9790588725323832,0.9440106015679597,2.8848648071289062e-05,0.035048270964423534,True,False
attack_04,329323,person,D:\project CS\Faster-RCNN-COCO-Attack\source_data\attack_04\clean_images\000000329323.jpg,D:\project CS\Faster-RCNN-COCO-Attack\source_data\attack_04\patched_images\000000329323.jpg,False,False,,,,,,,,,,,,,,,False,False
attack_04,329456,person,D:\project CS\Faster-RCNN-COCO-Attack\source_data\attack_04\clean_images\000000329456.jpg,D:\project CS\Faster-RCNN-COCO-Attack\source_data\attack_04\patched_images\000000329456.jpg,True,True,0.9976528286933899,0.9990248680114746,42.22874450683594,0.0,488.9147644042969,421.8966979980469,44.97264862060547,1.692450761795044,501.84747314453125,422.0679626464844,0.952306502309716,0.9696975051986312,-0.0013720393180847168,-0.017391002888915152,True,False
attack_04,331799,person,D:\project CS\Faster-RCNN-COCO-Attack\source_data\attack_04\clean_images\000000331799.jpg,D:\project CS\Faster-RCNN-COCO-Attack\source_data\attack_04\patched_images\000000331799.jpg,True,True,0.9981862902641296,0.9978749752044678,254.06472778320312,1.8419530391693115,471.1599426269531,399.7124938964844,258.1316223144531,0.6298437118530273,472.0101013183594,399.09173583984375,0.7472022371634696,0.7355118076344311,0.00031131505966186523,0.011690429529038426,True,False
attack_04,331817,person,D:\project CS\Faster-RCNN-COCO-Attack\source_data\attack_04\clean_images\000000331817.jpg,D:\project CS\Faster-RCNN-COCO-Attack\source_data\attack_04\patched_images\000000331817.jpg,True,True,0.918920636177063,0.9365770816802979,310.17559814453125,84.83001708984375,640.0,244.73536682128906,314.3798522949219,82.65707397460938,640.0,262.6510009765625,0.9705490990582858,0.8733617482645907,-0.017656445503234863,0.09718735079369512,True,False
attack_04,334555,car,D:\project CS\Faster-RCNN-COCO-Attack\source_data\attack_04\clean_images\000000334555.jpg,D:\project CS\Faster-RCNN-COCO-Attack\source_data\attack_04\patched_images\000000334555.jpg,True,True,0.9410451054573059,0.7996465563774109,453.1453857421875,182.48919677734375,581.08740234375,258.5527038574219,452.494140625,182.88848876953125,580.935791015625,259.4326477050781,0.9333832640337891,0.9451158618253331,0.14139854907989502,-0.011732597791544008,True,False
attack_04,336628,person,D:\project CS\Faster-RCNN-COCO-Attack\source_data\attack_04\clean_images\000000336628.jpg,D:\project CS\Faster-RCNN-COCO-Attack\source_data\attack_04\patched_images\000000336628.jpg,True,True,0.9937686920166016,0.9912586808204651,110.82267761230469,58.07982635498047,280.17071533203125,585.58837890625,111.79546356201172,57.7781867980957,280.91107177734375,582.7355346679688,0.8633598653595068,0.868748002688512,0.0025100111961364746,-0.005388137329005227,True,False
attack_04,338560,car,D:\project CS\Faster-RCNN-COCO-Attack\source_data\attack_04\clean_images\000000338560.jpg,D:\project CS\Faster-RCNN-COCO-Attack\source_data\attack_04\patched_images\000000338560.jpg,True,True,0.9958288073539734,0.9968216419219971,56.8988151550293,164.82749938964844,138.03134155273438,200.7799835205078,57.160438537597656,163.44053649902344,138.43023681640625,201.1520538330078,0.9684873124904303,0.9164020774059408,-0.0009928345680236816,0.05208523508448948,True,False
attack_04,338718,car,D:\project CS\Faster-RCNN-COCO-Attack\source_data\attack_04\clean_images\000000338718.jpg,D:\project CS\Faster-RCNN-COCO-Attack\source_data\attack_04\patched_images\000000338718.jpg,True,True,0.9981034994125366,0.9964596629142761,72.60334014892578,9.240950584411621,482.49615478515625,194.52413940429688,72.22842407226562,5.7839860916137695,492.2123718261719,195.70516967773438,0.899637534598903,0.898900270820792,0.001643836498260498,0.0007372637781110081,True,False
attack_04,338986,car,D:\project CS\Faster-RCNN-COCO-Attack\source_data\attack_04\clean_images\000000338986.jpg,D:\project CS\Faster-RCNN-COCO-Attack\source_data\attack_04\patched_images\000000338986.jpg,True,True,0.9739737510681152,0.9194039702415466,290.5728759765625,506.8013610839844,402.8290100097656,628.7437744140625,288.4950256347656,507.8563537597656,402.9739990234375,628.634521484375,0.8173725813746366,0.8112086471743414,0.054569780826568604,0.006163934200295262,True,False
attack_04,340451,person,D:\project CS\Faster-RCNN-COCO-Attack\source_data\attack_04\clean_images\000000340451.jpg,D:\project CS\Faster-RCNN-COCO-Attack\source_data\attack_04\patched_images\000000340451.jpg,True,True,0.9996165037155151,0.9997115731239319,236.9048614501953,47.132781982421875,392.27294921875,383.5944519042969,237.34657287597656,45.279624938964844,392.4493103027344,383.3812255859375,0.9665006719233229,0.9739043313566933,-9.506940841674805e-05,-0.007403659433370402,True,False
attack_04,341681,person,D:\project CS\Faster-RCNN-COCO-Attack\source_data\attack_04\clean_images\000000341681.jpg,D:\project CS\Faster-RCNN-COCO-Attack\source_data\attack_04\patched_images\000000341681.jpg,True,True,0.999779999256134,0.999182403087616,208.46548461914062,140.93850708007812,428.090087890625,318.5510559082031,209.61058044433594,139.1233673095703,424.8305358886719,319.4956359863281,0.9667261772352568,0.9705864266861578,0.0005975961685180664,-0.003860249450901021,True,False
attack_04,343496,car,D:\project CS\Faster-RCNN-COCO-Attack\source_data\attack_04\clean_images\000000343496.jpg,D:\project CS\Faster-RCNN-COCO-Attack\source_data\attack_04\patched_images\000000343496.jpg,True,True,0.8416069746017456,0.9592287540435791,256.0921936035156,197.9387969970703,307.38690185546875,226.00076293945312,256.5544738769531,198.4832305908203,307.8285217285156,225.7328338623047,0.9640113619818778,0.9370890081098618,-0.1176217794418335,0.026922353872015914,True,False
attack_04,345397,person,D:\project CS\Faster-RCNN-COCO-Attack\source_data\attack_04\clean_images\000000345397.jpg,D:\project CS\Faster-RCNN-COCO-Attack\source_data\attack_04\patched_images\000000345397.jpg,True,True,0.9987232089042664,0.9986355900764465,5.85141658782959,0.0,495.7170715332031,375.0,4.297854423522949,0.0,479.24591064453125,375.0,0.96010250708699,0.9254464870257765,8.761882781982422e-05,0.03465602006121349,True,False
attack_04,346232,car,D:\project CS\Faster-RCNN-COCO-Attack\source_data\attack_04\clean_images\000000346232.jpg,D:\project CS\Faster-RCNN-COCO-Attack\source_data\attack_04\patched_images\000000346232.jpg,False,True,,0.36089950799942017,,,,,338.6748352050781,315.8500061035156,425.6881408691406,372.87896728515625,,0.8072884372977545,,,False,False
attack_04,349860,car,D:\project CS\Faster-RCNN-COCO-Attack\source_data\attack_04\clean_images\000000349860.jpg,D:\project CS\Faster-RCNN-COCO-Attack\source_data\attack_04\patched_images\000000349860.jpg,True,True,0.7744807600975037,0.8040320873260498,349.62139892578125,348.910888671875,386.88885498046875,378.5286865234375,349.96893310546875,348.67034912109375,386.82232666015625,378.2468566894531,0.9584482589771773,0.95929403057089,-0.029551327228546143,-0.0008457715937126853,True,False
attack_04,350003,car,D:\project CS\Faster-RCNN-COCO-Attack\source_data\attack_04\clean_images\000000350003.jpg,D:\project CS\Faster-RCNN-COCO-Attack\source_data\attack_04\patched_images\000000350003.jpg,True,True,0.9976410865783691,0.997459352016449,475.36859130859375,258.5014953613281,528.6649780273438,298.9277038574219,475.46221923828125,259.3295593261719,528.9172973632812,298.79095458984375,0.9775818463232623,0.9744168188041947,0.00018173456192016602,0.0031650275190675536,True,False
attack_04,350023,car,D:\project CS\Faster-RCNN-COCO-Attack\source_data\attack_04\clean_images\000000350023.jpg,D:\project CS\Faster-RCNN-COCO-Attack\source_data\attack_04\patched_images\000000350023.jpg,False,False,,,,,,,,,,,,,,,False,False
attack_04,350148,car,D:\project CS\Faster-RCNN-COCO-Attack\source_data\attack_04\clean_images\000000350148.jpg,D:\project CS\Faster-RCNN-COCO-Attack\source_data\attack_04\patched_images\000000350148.jpg,True,True,0.8651586771011353,0.9478663802146912,0.0,111.57206726074219,83.03551483154297,226.26425170898438,0.29051971435546875,108.7912826538086,83.46221923828125,225.67730712890625,0.9697462523140186,0.9496913468341821,-0.08270770311355591,0.02005490547983646,True,False
attack_04,350679,person,D:\project CS\Faster-RCNN-COCO-Attack\source_data\attack_04\clean_images\000000350679.jpg,D:\project CS\Faster-RCNN-COCO-Attack\source_data\attack_04\patched_images\000000350679.jpg,True,True,0.9996180534362793,0.9991315007209778,24.391983032226562,73.34393310546875,403.4332275390625,428.0000305175781,28.02927017211914,66.55117797851562,403.8711242675781,427.1712341308594,0.9653760531968381,0.9530815669756371,0.00048655271530151367,0.012294486221200995,True,False
attack_04,356612,car,D:\project CS\Faster-RCNN-COCO-Attack\source_data\attack_04\clean_images\000000356612.jpg,D:\project CS\Faster-RCNN-COCO-Attack\source_data\attack_04\patched_images\000000356612.jpg,True,True,0.9857025742530823,0.9920083284378052,202.52090454101562,190.32659912109375,320.80517578125,288.4587707519531,200.59751892089844,190.98959350585938,322.73382568359375,290.05474853515625,0.9370058804921738,0.930995679948975,-0.0063057541847229,0.006010200543198785,True,False
attack_04,357816,car,D:\project CS\Faster-RCNN-COCO-Attack\source_data\attack_04\clean_images\000000357816.jpg,D:\project CS\Faster-RCNN-COCO-Attack\source_data\attack_04\patched_images\000000357816.jpg,False,True,,0.9088463187217712,,,,,95.7759780883789,10.98572063446045,312.3035583496094,97.81635284423828,,0.572090971869218,,,False,False
attack_04,362520,person,D:\project CS\Faster-RCNN-COCO-Attack\source_data\attack_04\clean_images\000000362520.jpg,D:\project CS\Faster-RCNN-COCO-Attack\source_data\attack_04\patched_images\000000362520.jpg,True,True,0.9998200535774231,0.9997391104698181,51.58220672607422,133.90513610839844,336.32904052734375,439.62384033203125,38.583377838134766,132.49130249023438,338.7444152832031,440.9302978515625,0.9318934970750157,0.8923798413553953,8.094310760498047e-05,0.0395136557196204,True,False
attack_04,364126,person,D:\project CS\Faster-RCNN-COCO-Attack\source_data\attack_04\clean_images\000000364126.jpg,D:\project CS\Faster-RCNN-COCO-Attack\source_data\attack_04\patched_images\000000364126.jpg,True,True,0.9996885061264038,0.9998173117637634,213.87326049804688,129.64244079589844,340.47491455078125,330.6915283203125,213.81332397460938,129.8292694091797,341.59100341796875,329.22491455078125,0.9561007674174344,0.9628104185915934,-0.00012880563735961914,-0.006709651174159004,True,False
attack_04,365207,car,D:\project CS\Faster-RCNN-COCO-Attack\source_data\attack_04\clean_images\000000365207.jpg,D:\project CS\Faster-RCNN-COCO-Attack\source_data\attack_04\patched_images\000000365207.jpg,True,True,0.5927480459213257,0.43852758407592773,400.27008056640625,185.80630493164062,587.6412353515625,526.6425170898438,388.8077697753906,130.05882263183594,602.4210815429688,547.42529296875,0.8374144007206593,0.6796614965609471,0.15422046184539795,0.15775290415971222,True,False
attack_04,365642,car,D:\project CS\Faster-RCNN-COCO-Attack\source_data\attack_04\clean_images\000000365642.jpg,D:\project CS\Faster-RCNN-COCO-Attack\source_data\attack_04\patched_images\000000365642.jpg,True,True,0.9050084352493286,0.562637984752655,0.0,26.27574920654297,92.08516693115234,93.86102294921875,0.6256119608879089,27.275365829467773,92.1032943725586,94.30545043945312,0.9835880519593608,0.9579831269390003,0.3423704504966736,0.02560492502036049,True,False
attack_04,365886,person,D:\project CS\Faster-RCNN-COCO-Attack\source_data\attack_04\clean_images\000000365886.jpg,D:\project CS\Faster-RCNN-COCO-Attack\source_data\attack_04\patched_images\000000365886.jpg,True,True,0.9963642954826355,0.9975335597991943,0.0,0.8591222763061523,500.0,374.3060302734375,0.0,1.4000988006591797,496.21240234375,375.0,0.983834628516518,0.9761045588603852,-0.0011692643165588379,0.007730069656132876,True,False
attack_04,368212,person,D:\project CS\Faster-RCNN-COCO-Attack\source_data\attack_04\clean_images\000000368212.jpg,D:\project CS\Faster-RCNN-COCO-Attack\source_data\attack_04\patched_images\000000368212.jpg,True,True,0.9941129088401794,0.994208574295044,11.647439956665039,55.26185989379883,394.5406799316406,630.4337158203125,13.270980834960938,57.49374771118164,389.7152404785156,626.3094482421875,0.90631891507901,0.9243851055855432,-9.566545486450195e-05,-0.018066190506533242,True,False
attack_04,369812,car,D:\project CS\Faster-RCNN-COCO-Attack\source_data\attack_04\clean_images\000000369812.jpg,D:\project CS\Faster-RCNN-COCO-Attack\source_data\attack_04\patched_images\000000369812.jpg,True,True,0.8580100536346436,0.8590460419654846,460.9299011230469,496.845947265625,640.0,626.1492919921875,461.9033203125,496.771240234375,640.0,626.4884643554688,0.9456063995310284,0.9424067222110535,-0.0010359883308410645,0.0031996773199749473,True,False
attack_04,370711,person,D:\project CS\Faster-RCNN-COCO-Attack\source_data\attack_04\clean_images\000000370711.jpg,D:\project CS\Faster-RCNN-COCO-Attack\source_data\attack_04\patched_images\000000370711.jpg,True,True,0.9669604301452637,0.9516270756721497,266.74224853515625,206.55470275878906,350.12506103515625,375.3687438964844,263.90533447265625,203.43048095703125,351.184814453125,376.83929443359375,0.8828557703862008,0.8995030564032982,0.015333354473114014,-0.016647286017097418,True,False
attack_04,372260,car,D:\project CS\Faster-RCNN-COCO-Attack\source_data\attack_04\clean_images\000000372260.jpg,D:\project CS\Faster-RCNN-COCO-Attack\source_data\attack_04\patched_images\000000372260.jpg,True,True,0.9960916638374329,0.9882262349128723,1.0560245513916016,307.8033447265625,118.58589935302734,543.8135986328125,1.5753589868545532,306.01226806640625,118.46593475341797,539.2318115234375,0.8790706513261876,0.886812864975094,0.007865428924560547,-0.007742213648906482,True,False
attack_04,375469,person,D:\project CS\Faster-RCNN-COCO-Attack\source_data\attack_04\clean_images\000000375469.jpg,D:\project CS\Faster-RCNN-COCO-Attack\source_data\attack_04\patched_images\000000375469.jpg,True,True,0.9987601041793823,0.9970455765724182,220.5613250732422,63.40155792236328,300.67999267578125,158.1693878173828,220.631591796875,63.6217041015625,300.6266784667969,157.6242218017578,0.9529277144291654,0.9437742042688777,0.0017145276069641113,0.009153510160287648,True,False
attack_04,377368,person,D:\project CS\Faster-RCNN-COCO-Attack\source_data\attack_04\clean_images\000000377368.jpg,D:\project CS\Faster-RCNN-COCO-Attack\source_data\attack_04\patched_images\000000377368.jpg,True,True,0.9893366098403931,0.9921654462814331,470.5576477050781,1.4176567792892456,639.9999389648438,80.49825286865234,472.0527648925781,0.05798187106847763,639.9999389648438,92.19137573242188,0.6407698432618001,0.7389748672866444,-0.002828836441040039,-0.09820502402484432,True,False
attack_04,377635,person,D:\project CS\Faster-RCNN-COCO-Attack\source_data\attack_04\clean_images\000000377635.jpg,D:\project CS\Faster-RCNN-COCO-Attack\source_data\attack_04\patched_images\000000377635.jpg,True,True,0.999659538269043,0.9993554949760437,251.78623962402344,36.93404006958008,378.62109375,176.96900939941406,251.85711669921875,38.73787307739258,378.4128723144531,177.481689453125,0.9342337772362964,0.9487322551507735,0.0003040432929992676,-0.014498477914477115,True,False
attack_04,377946,car,D:\project CS\Faster-RCNN-COCO-Attack\source_data\attack_04\clean_images\000000377946.jpg,D:\project CS\Faster-RCNN-COCO-Attack\source_data\attack_04\patched_images\000000377946.jpg,True,True,0.9963847398757935,0.9965708255767822,509.90692138671875,248.9345703125,639.9312744140625,424.5386657714844,508.408203125,248.1239776611328,639.9793090820312,424.8638000488281,0.9657659591968898,0.9564799916856723,-0.00018608570098876953,0.009285967511217463,True,False
attack_04,378873,person,D:\project CS\Faster-RCNN-COCO-Attack\source_data\attack_04\clean_images\000000378873.jpg,D:\project CS\Faster-RCNN-COCO-Attack\source_data\attack_04\patched_images\000000378873.jpg,True,True,0.8633204698562622,0.823711097240448,35.31169891357422,0.07550033926963806,142.00723266601562,115.84634399414062,31.209957122802734,0.5536339282989502,113.66927337646484,116.67387390136719,0.5626606254374401,0.7203634399391676,0.03960937261581421,-0.15770281450172752,True,False
attack_04,379800,car,D:\project CS\Faster-RCNN-COCO-Attack\source_data\attack_04\clean_images\000000379800.jpg,D:\project CS\Faster-RCNN-COCO-Attack\source_data\attack_04\patched_images\000000379800.jpg,True,True,0.9911008477210999,0.5812429189682007,563.6756591796875,321.2770690917969,638.8377075195312,375.0875244140625,546.3760986328125,318.0498046875,637.6792602539062,365.41949462890625,0.9034716697125168,0.655126295507271,0.40985792875289917,0.24834537420524583,True,False
attack_04,383838,person,D:\project CS\Faster-RCNN-COCO-Attack\source_data\attack_04\clean_images\000000383838.jpg,D:\project CS\Faster-RCNN-COCO-Attack\source_data\attack_04\patched_images\000000383838.jpg,True,True,0.9992420673370361,0.9992783665657043,0.0,8.573175430297852,434.2004699707031,586.0117797851562,2.2294135093688965,11.758810997009277,430.8689880371094,584.9561767578125,0.9809530819223278,0.9768521353507953,-3.629922866821289e-05,0.004100946571532482,True,False
attack_04,386210,car,D:\project CS\Faster-RCNN-COCO-Attack\source_data\attack_04\clean_images\000000386210.jpg,D:\project CS\Faster-RCNN-COCO-Attack\source_data\attack_04\patched_images\000000386210.jpg,True,True,0.9693788290023804,0.8553832173347473,0.4901435673236847,101.46939086914062,58.5762825012207,139.771240234375,0.9119086861610413,98.2027816772461,54.8503532409668,140.6846923828125,0.7251157087584968,0.7468227181311318,0.11399561166763306,-0.021707009372634922,True,False
attack_04,388056,person,D:\project CS\Faster-RCNN-COCO-Attack\source_data\attack_04\clean_images\000000388056.jpg,D:\project CS\Faster-RCNN-COCO-Attack\source_data\attack_04\patched_images\000000388056.jpg,True,True,0.9995156526565552,0.9993801116943359,79.0927963256836,66.41675567626953,226.40492248535156,311.5821228027344,79.04591369628906,67.06978607177734,228.02725219726562,312.24725341796875,0.9666253294385354,0.982177294633651,0.00013554096221923828,-0.015551965195115591,True,False
attack_04,389566,car,D:\project CS\Faster-RCNN-COCO-Attack\source_data\attack_04\clean_images\000000389566.jpg,D:\project CS\Faster-RCNN-COCO-Attack\source_data\attack_04\patched_images\000000389566.jpg,True,True,0.9533790946006775,0.959613025188446,457.48004150390625,160.79241943359375,504.5247802734375,197.4613037109375,457.1614685058594,160.9322052001953,504.742431640625,196.6525115966797,0.9119439000713776,0.9311374861300176,-0.006233930587768555,-0.019193586058639966,True,False
attack_04,391290,car,D:\project CS\Faster-RCNN-COCO-Attack\source_data\attack_04\clean_images\000000391290.jpg,D:\project CS\Faster-RCNN-COCO-Attack\source_data\attack_04\patched_images\000000391290.jpg,True,True,0.9420027732849121,0.9011462330818176,122.99356079101562,51.03919219970703,227.6275634765625,99.75382232666016,123.93204498291016,51.05453872680664,223.62887573242188,97.76620483398438,0.8740731802462869,0.8162679393903578,0.04085654020309448,0.057805240855929085,True,False
attack_04,392722,car,D:\project CS\Faster-RCNN-COCO-Attack\source_data\attack_04\clean_images\000000392722.jpg,D:\project CS\Faster-RCNN-COCO-Attack\source_data\attack_04\patched_images\000000392722.jpg,True,True,0.5807358026504517,0.840278685092926,318.3686828613281,267.6163330078125,352.15277099609375,294.7698059082031,315.03277587890625,268.4097900390625,354.3655090332031,294.6073913574219,0.8203332029125721,0.9575801498153641,-0.25954288244247437,-0.13724694690279204,True,False
attack_04,393469,person,D:\project CS\Faster-RCNN-COCO-Attack\source_data\attack_04\clean_images\000000393469.jpg,D:\project CS\Faster-RCNN-COCO-Attack\source_data\attack_04\patched_images\000000393469.jpg,True,True,0.9987815022468567,0.998035728931427,219.13377380371094,375.3791198730469,286.8800354003906,528.761962890625,219.2958221435547,373.97930908203125,287.6607360839844,528.6371459960938,0.9092409052855707,0.9251710844132122,0.0007457733154296875,-0.015930179127641497,True,False
attack_04,395388,person,D:\project CS\Faster-RCNN-COCO-Attack\source_data\attack_04\clean_images\000000395388.jpg,D:\project CS\Faster-RCNN-COCO-Attack\source_data\attack_04\patched_images\000000395388.jpg,True,True,0.999535083770752,0.9997941851615906,22.232593536376953,209.3639373779297,138.32838439941406,638.8295288085938,24.19312286376953,206.98635864257812,145.0734405517578,640.0,0.8982202161722772,0.9372779661920693,-0.00025910139083862305,-0.03905775001979206,True,False
attack_04,398438,person,D:\project CS\Faster-RCNN-COCO-Attack\source_data\attack_04\clean_images\000000398438.jpg,D:\project CS\Faster-RCNN-COCO-Attack\source_data\attack_04\patched_images\000000398438.jpg,True,True,0.9994576573371887,0.9994083642959595,197.92503356933594,3.0995304584503174,500.0,332.72821044921875,210.098388671875,0.3114634156227112,500.0,333.0,0.6309915072633889,0.6628437162098305,4.929304122924805e-05,-0.031852208946441585,True,False
attack_04,399205,person,D:\project CS\Faster-RCNN-COCO-Attack\source_data\attack_04\clean_images\000000399205.jpg,D:\project CS\Faster-RCNN-COCO-Attack\source_data\attack_04\patched_images\000000399205.jpg,True,True,0.998059093952179,0.9985740184783936,395.5762634277344,0.8403076529502869,639.8485107421875,476.6814880371094,385.0718994140625,0.0,637.6988525390625,479.61041259765625,0.975516113427345,0.9354034195519252,-0.0005149245262145996,0.040112693875419825,True,False
attack_04,403584,person,D:\project CS\Faster-RCNN-COCO-Attack\source_data\attack_04\clean_images\000000403584.jpg,D:\project CS\Faster-RCNN-COCO-Attack\source_data\attack_04\patched_images\000000403584.jpg,True,True,0.9927974343299866,0.9949418902397156,310.114013671875,251.9653778076172,372.09912109375,448.9224548339844,310.5409240722656,252.3677215576172,368.92431640625,449.0804138183594,0.8507592529365803,0.8119855787946556,-0.002144455909729004,0.038773674141924674,True,False
attack_04,404678,person,D:\project CS\Faster-RCNN-COCO-Attack\source_data\attack_04\clean_images\000000404678.jpg,D:\project CS\Faster-RCNN-COCO-Attack\source_data\attack_04\patched_images\000000404678.jpg,True,True,0.9881851673126221,0.9641993641853333,65.84443664550781,138.1066436767578,289.8995056152344,423.4376220703125,51.40302658081055,142.8812255859375,293.9813232421875,424.0860595703125,0.8575370420282096,0.9113920987847668,0.02398580312728882,-0.05385505675655722,True,False
attack_04,407083,car,D:\project CS\Faster-RCNN-COCO-Attack\source_data\attack_04\clean_images\000000407083.jpg,D:\project CS\Faster-RCNN-COCO-Attack\source_data\attack_04\patched_images\000000407083.jpg,True,False,0.4093519151210785,,8.46221923828125,10.9137544631958,477.7209167480469,640.0,,,,,0.9410322622394369,,,,True,True
attack_04,411817,person,D:\project CS\Faster-RCNN-COCO-Attack\source_data\attack_04\clean_images\000000411817.jpg,D:\project CS\Faster-RCNN-COCO-Attack\source_data\attack_04\patched_images\000000411817.jpg,True,True,0.9970496892929077,0.9961903095245361,435.38201904296875,182.984619140625,589.70556640625,476.3714599609375,430.8654479980469,184.27304077148438,589.4913330078125,478.2807312011719,0.9201787147610317,0.904750201236915,0.000859379768371582,0.015428513524116783,True,False
attack_04,412531,car,D:\project CS\Faster-RCNN-COCO-Attack\source_data\attack_04\clean_images\000000412531.jpg,D:\project CS\Faster-RCNN-COCO-Attack\source_data\attack_04\patched_images\000000412531.jpg,True,True,0.9907254576683044,0.9907395839691162,459.3480529785156,255.25466918945312,636.6804809570312,355.7900085449219,455.9345703125,255.90304565429688,636.0569458007812,355.9110412597656,0.9650548901276735,0.9898335157075825,-1.4126300811767578e-05,-0.024778625579908953,True,False
attack_04,414034,person,D:\project CS\Faster-RCNN-COCO-Attack\source_data\attack_04\clean_images\000000414034.jpg,D:\project CS\Faster-RCNN-COCO-Attack\source_data\attack_04\patched_images\000000414034.jpg,True,True,0.9959933757781982,0.9957635402679443,78.10884094238281,1.881829857826233,459.6882629394531,478.673828125,68.61685180664062,0.725628674030304,455.3816223144531,478.4228820800781,0.9296291666739017,0.964857859795085,0.00022983551025390625,-0.03522869312118326,True,False
attack_04,414385,car,D:\project CS\Faster-RCNN-COCO-Attack\source_data\attack_04\clean_images\000000414385.jpg,D:\project CS\Faster-RCNN-COCO-Attack\source_data\attack_04\patched_images\000000414385.jpg,True,True,0.9975492358207703,0.9985352754592896,151.05735778808594,276.7108154296875,218.28392028808594,327.2471618652344,151.25572204589844,277.591552734375,218.2247314453125,326.45361328125,0.9285097159827137,0.9278088225104266,-0.0009860396385192871,0.0007008934722870785,True,False
attack_04,416885,car,D:\project CS\Faster-RCNN-COCO-Attack\source_data\attack_04\clean_images\000000416885.jpg,D:\project CS\Faster-RCNN-COCO-Attack\source_data\attack_04\patched_images\000000416885.jpg,True,True,0.7594919204711914,0.5988582968711853,172.90098571777344,32.989261627197266,496.1766052246094,147.35232543945312,162.84945678710938,3.916947841644287,495.8418884277344,130.88388061523438,0.7122955229745144,0.7708506069289773,0.1606336236000061,-0.05855508395446296,True,False
attack_04,418696,car,D:\project CS\Faster-RCNN-COCO-Attack\source_data\attack_04\clean_images\000000418696.jpg,D:\project CS\Faster-RCNN-COCO-Attack\source_data\attack_04\patched_images\000000418696.jpg,True,True,0.9851194024085999,0.891120970249176,516.8384399414062,280.55426025390625,578.017333984375,308.5509948730469,518.0850219726562,281.7934875488281,579.52734375,308.4782409667969,0.7362318023575616,0.7080719765261491,0.09399843215942383,0.02815982583141252,True,False
attack_04,421455,car,D:\project CS\Faster-RCNN-COCO-Attack\source_data\attack_04\clean_images\000000421455.jpg,D:\project CS\Faster-RCNN-COCO-Attack\source_data\attack_04\patched_images\000000421455.jpg,True,True,0.9005241990089417,0.7540323138237,36.69594192504883,0.0,466.4158020019531,371.5422668457031,27.542415618896484,4.473366737365723,460.1642761230469,372.24072265625,0.886294670564692,0.9155942367251872,0.1464918851852417,-0.029299566160495227,True,False
attack_04,422706,person,D:\project CS\Faster-RCNN-COCO-Attack\source_data\attack_04\clean_images\000000422706.jpg,D:\project CS\Faster-RCNN-COCO-Attack\source_data\attack_04\patched_images\000000422706.jpg,True,True,0.9920998215675354,0.9928668737411499,3.3173558712005615,9.43774700164795,179.5769805908203,221.39366149902344,0.0,1.8026115894317627,185.6223602294922,228.91360473632812,0.7741872018670932,0.7108947722899617,-0.000767052173614502,0.06329242957713155,True,False
attack_04,423506,person,D:\project CS\Faster-RCNN-COCO-Attack\source_data\attack_04\clean_images\000000423506.jpg,D:\project CS\Faster-RCNN-COCO-Attack\source_data\attack_04\patched_images\000000423506.jpg,False,True,,0.7072893977165222,,,,,0.0,13.758918762207031,238.2498779296875,448.53485107421875,,0.8526316532000886,,,False,False
attack_04,424162,car,D:\project CS\Faster-RCNN-COCO-Attack\source_data\attack_04\clean_images\000000424162.jpg,D:\project CS\Faster-RCNN-COCO-Attack\source_data\attack_04\patched_images\000000424162.jpg,True,True,0.9904376864433289,0.984147310256958,0.0,174.29612731933594,158.86561584472656,302.2463073730469,1.7569921016693115,175.72601318359375,165.942138671875,305.0511169433594,0.7515769257378698,0.7112202585790797,0.00629037618637085,0.04035666715879016,True,False
attack_04,427256,person,D:\project CS\Faster-RCNN-COCO-Attack\source_data\attack_04\clean_images\000000427256.jpg,D:\project CS\Faster-RCNN-COCO-Attack\source_data\attack_04\patched_images\000000427256.jpg,False,False,,,,,,,,,,,,,,,False,False
attack_04,427500,car,D:\project CS\Faster-RCNN-COCO-Attack\source_data\attack_04\clean_images\000000427500.jpg,D:\project CS\Faster-RCNN-COCO-Attack\source_data\attack_04\patched_images\000000427500.jpg,True,True,0.9851714968681335,0.9760737419128418,0.0,5.549234390258789,41.66429901123047,162.18357849121094,0.16879570484161377,10.609787940979004,42.50991439819336,152.01524353027344,0.8089911962209917,0.8436690173581114,0.009097754955291748,-0.0346778211371197,True,False
attack_04,429011,car,D:\project CS\Faster-RCNN-COCO-Attack\source_data\attack_04\clean_images\000000429011.jpg,D:\project CS\Faster-RCNN-COCO-Attack\source_data\attack_04\patched_images\000000429011.jpg,True,True,0.9960324168205261,0.9966251850128174,425.2068786621094,203.57241821289062,625.8018798828125,298.2292175292969,427.82568359375,204.0450439453125,624.0628051757812,297.3925476074219,0.956143640378409,0.9466463972251943,-0.0005927681922912598,0.009497243153214763,True,False
attack_04,430048,car,D:\project CS\Faster-RCNN-COCO-Attack\source_data\attack_04\clean_images\000000430048.jpg,D:\project CS\Faster-RCNN-COCO-Attack\source_data\attack_04\patched_images\000000430048.jpg,True,True,0.9231692552566528,0.6314727663993835,213.44796752929688,237.72157287597656,294.11395263671875,275.6722412109375,212.20509338378906,237.58177185058594,292.8049621582031,277.0734558105469,0.8796032488460698,0.8544646357405451,0.2916964888572693,0.025138613105524676,True,False
attack_04,432085,person,D:\project CS\Faster-RCNN-COCO-Attack\source_data\attack_04\clean_images\000000432085.jpg,D:\project CS\Faster-RCNN-COCO-Attack\source_data\attack_04\patched_images\000000432085.jpg,True,True,0.9956403970718384,0.9326186180114746,213.92047119140625,4.444184303283691,500.0,367.0032043457031,291.16119384765625,0.0,500.0,371.78131103515625,0.9416028988907896,0.6845603738431654,0.06302177906036377,0.25704252504762426,True,False
attack_04,433915,person,D:\project CS\Faster-RCNN-COCO-Attack\source_data\attack_04\clean_images\000000433915.jpg,D:\project CS\Faster-RCNN-COCO-Attack\source_data\attack_04\patched_images\000000433915.jpg,True,True,0.9804931282997131,0.9781122803688049,197.1741180419922,60.65854263305664,449.6144104003906,415.4604797363281,70.83138275146484,67.42542266845703,445.96038818359375,414.1007995605469,0.6680561310633204,0.6934003697658887,0.002380847930908203,-0.0253442387025683,True,False
attack_04,437205,person,D:\project CS\Faster-RCNN-COCO-Attack\source_data\attack_04\clean_images\000000437205.jpg,D:\project CS\Faster-RCNN-COCO-Attack\source_data\attack_04\patched_images\000000437205.jpg,True,True,0.9703549742698669,0.9853964447975159,6.101975917816162,86.34989929199219,376.34442138671875,634.1489868164062,6.4026288986206055,133.9210205078125,381.1256408691406,634.385498046875,0.8559053237913847,0.7904989103984944,-0.015041470527648926,0.06540641339289033,True,False
attack_04,437514,person,D:\project CS\Faster-RCNN-COCO-Attack\source_data\attack_04\clean_images\000000437514.jpg,D:\project CS\Faster-RCNN-COCO-Attack\source_data\attack_04\patched_images\000000437514.jpg,False,False,,,,,,,,,,,,,,,False,False
attack_04,438017,car,D:\project CS\Faster-RCNN-COCO-Attack\source_data\attack_04\clean_images\000000438017.jpg,D:\project CS\Faster-RCNN-COCO-Attack\source_data\attack_04\patched_images\000000438017.jpg,True,True,0.9861329793930054,0.9807819128036499,72.75137329101562,406.6158447265625,122.14191436767578,494.1623840332031,72.2482681274414,408.6831970214844,122.38948822021484,493.6292724609375,0.787326918202658,0.7795528159435346,0.005351066589355469,0.007774102259123339,True,False
attack_04,439426,person,D:\project CS\Faster-RCNN-COCO-Attack\source_data\attack_04\clean_images\000000439426.jpg,D:\project CS\Faster-RCNN-COCO-Attack\source_data\attack_04\patched_images\000000439426.jpg,True,True,0.9869715571403503,0.9563003182411194,0.0,113.87335968017578,227.67050170898438,399.9190979003906,8.932249069213867,109.53600311279297,262.05682373046875,400.9166564941406,0.9617627768179442,0.8053426595574783,0.030671238899230957,0.1564201172604659,True,False
attack_04,439623,car,D:\project CS\Faster-RCNN-COCO-Attack\source_data\attack_04\clean_images\000000439623.jpg,D:\project CS\Faster-RCNN-COCO-Attack\source_data\attack_04\patched_images\000000439623.jpg,True,True,0.8874597549438477,0.8339992761611938,73.88472747802734,144.30523681640625,400.7285461425781,313.8898620605469,73.80075073242188,145.54795837402344,399.791259765625,316.379638671875,0.9143612334551202,0.9321645952505027,0.05346047878265381,-0.017803361795382444,True,False
attack_04,439854,person,D:\project CS\Faster-RCNN-COCO-Attack\source_data\attack_04\clean_images\000000439854.jpg,D:\project CS\Faster-RCNN-COCO-Attack\source_data\attack_04\patched_images\000000439854.jpg,True,True,0.9990014433860779,0.998845100402832,110.82999420166016,154.94342041015625,198.43768310546875,234.65757751464844,111.42223358154297,154.42591857910156,196.32241821289062,234.51393127441406,0.9204787824980145,0.9011345646251993,0.0001563429832458496,0.01934421787281526,True,False
attack_04,440475,person,D:\project CS\Faster-RCNN-COCO-Attack\source_data\attack_04\clean_images\000000440475.jpg,D:\project CS\Faster-RCNN-COCO-Attack\source_data\attack_04\patched_images\000000440475.jpg,True,True,0.9962267875671387,0.9839792251586914,492.75762939453125,184.1121826171875,526.3739013671875,245.3933868408203,492.29498291015625,184.0203094482422,526.1080322265625,253.55062866210938,0.8053376393158436,0.9190935510162135,0.012247562408447266,-0.11375591170036992,True,False
attack_04,444142,person,D:\project CS\Faster-RCNN-COCO-Attack\source_data\attack_04\clean_images\000000444142.jpg,D:\project CS\Faster-RCNN-COCO-Attack\source_data\attack_04\patched_images\000000444142.jpg,True,True,0.9997476935386658,0.9996731281280518,98.4666748046875,32.42953109741211,268.4999694824219,580.0798950195312,98.73814392089844,36.27790451049805,269.0894775390625,580.99560546875,0.8968850904545056,0.8943683328970397,7.456541061401367e-05,0.002516757557465943,True,False
attack_04,446651,car,D:\project CS\Faster-RCNN-COCO-Attack\source_data\attack_04\clean_images\000000446651.jpg,D:\project CS\Faster-RCNN-COCO-Attack\source_data\attack_04\patched_images\000000446651.jpg,True,True,0.6535176038742065,0.7553572654724121,0.0,76.06107330322266,220.7157440185547,326.914794921875,0.038143668323755264,75.37866973876953,221.490478515625,317.3048095703125,0.9727435716265612,0.9356549502762186,-0.10183966159820557,0.03708862135034263,True,False
attack_04,447917,person,D:\project CS\Faster-RCNN-COCO-Attack\source_data\attack_04\clean_images\000000447917.jpg,D:\project CS\Faster-RCNN-COCO-Attack\source_data\attack_04\patched_images\000000447917.jpg,True,True,0.9990676045417786,0.9985151886940002,373.690185546875,110.02623748779297,433.59454345703125,288.1437072753906,373.6483459472656,109.87882995605469,433.98046875,287.9544677734375,0.7962483048369583,0.8017458136771619,0.0005524158477783203,-0.005497508840203613,True,False
attack_04,448810,person,D:\project CS\Faster-RCNN-COCO-Attack\source_data\attack_04\clean_images\000000448810.jpg,D:\project CS\Faster-RCNN-COCO-Attack\source_data\attack_04\patched_images\000000448810.jpg,True,True,0.9894784092903137,0.992828905582428,50.25218200683594,334.3150939941406,100.30584716796875,374.8049621582031,50.30472946166992,334.8898620605469,100.70654296875,375.0,0.8967017934013346,0.9074216962866597,-0.003350496292114258,-0.010719902885325094,True,False
attack_04,449312,car,D:\project CS\Faster-RCNN-COCO-Attack\source_data\attack_04\clean_images\000000449312.jpg,D:\project CS\Faster-RCNN-COCO-Attack\source_data\attack_04\patched_images\000000449312.jpg,False,False,,,,,,,,,,,,,,,False,False
attack_04,452515,person,D:\project CS\Faster-RCNN-COCO-Attack\source_data\attack_04\clean_images\000000452515.jpg,D:\project CS\Faster-RCNN-COCO-Attack\source_data\attack_04\patched_images\000000452515.jpg,True,True,0.9996945858001709,0.999206006526947,86.50801086425781,309.45648193359375,175.09410095214844,474.3876037597656,88.24595642089844,310.2340393066406,174.7158203125,473.40582275390625,0.9434065312606293,0.9531802141572892,0.000488579273223877,-0.009773682896659808,True,False
attack_04,453166,person,D:\project CS\Faster-RCNN-COCO-Attack\source_data\attack_04\clean_images\000000453166.jpg,D:\project CS\Faster-RCNN-COCO-Attack\source_data\attack_04\patched_images\000000453166.jpg,True,True,0.998304009437561,0.9990013241767883,453.6697082519531,43.26081848144531,614.0802612304688,423.8747253417969,450.5366516113281,44.394004821777344,616.3916015625,423.31414794921875,0.8898779724986262,0.9093767192412799,-0.0006973147392272949,-0.019498746742653728,True,False
attack_04,454661,car,D:\project CS\Faster-RCNN-COCO-Attack\source_data\attack_04\clean_images\000000454661.jpg,D:\project CS\Faster-RCNN-COCO-Attack\source_data\attack_04\patched_images\000000454661.jpg,True,True,0.9976100921630859,0.998309850692749,250.87965393066406,177.6375274658203,640.0,354.91424560546875,249.244384765625,177.0934600830078,640.0,353.2657470703125,0.9207064359651117,0.9127022344788787,-0.0006997585296630859,0.008004201486233042,True,False
attack_04,458702,car,D:\project CS\Faster-RCNN-COCO-Attack\source_data\attack_04\clean_images\000000458702.jpg,D:\project CS\Faster-RCNN-COCO-Attack\source_data\attack_04\patched_images\000000458702.jpg,True,True,0.966093897819519,0.9799859523773193,0.39848408102989197,446.4359436035156,118.41065216064453,502.4632873535156,0.0,446.67498779296875,121.81765747070312,501.8600158691406,0.6995022540500501,0.7257472100515083,-0.013892054557800293,-0.026244956001458264,True,False
attack_04,459500,car,D:\project CS\Faster-RCNN-COCO-Attack\source_data\attack_04\clean_images\000000459500.jpg,D:\project CS\Faster-RCNN-COCO-Attack\source_data\attack_04\patched_images\000000459500.jpg,True,True,0.9847502708435059,0.9875325560569763,0.7801634073257446,354.559326171875,57.97666931152344,379.4560546875,0.7152360677719116,354.85113525390625,58.390045166015625,379.3102722167969,0.8995573216365294,0.9042923332712054,-0.002782285213470459,-0.004735011634676045,True,False
attack_04,460347,car,D:\project CS\Faster-RCNN-COCO-Attack\source_data\attack_04\clean_images\000000460347.jpg,D:\project CS\Faster-RCNN-COCO-Attack\source_data\attack_04\patched_images\000000460347.jpg,True,True,0.9844894409179688,0.9899373054504395,329.171142578125,67.57698059082031,383.72259521484375,114.21501922607422,328.99554443359375,68.55168914794922,383.4255065917969,114.166748046875,0.9268480691914177,0.9533055077718203,-0.005447864532470703,-0.026457438580402615,True,False
attack_04,461751,car,D:\project CS\Faster-RCNN-COCO-Attack\source_data\attack_04\clean_images\000000461751.jpg,D:\project CS\Faster-RCNN-COCO-Attack\source_data\attack_04\patched_images\000000461751.jpg,True,True,0.8164693713188171,0.7447816729545593,0.0015207870164886117,29.641357421875,640.0,464.7516174316406,2.5183799266815186,31.216144561767578,640.0,474.2211608886719,0.8003689168606548,0.7892092532671217,0.07168769836425781,0.011159663593533153,True,False
attack_04,462031,person,D:\project CS\Faster-RCNN-COCO-Attack\source_data\attack_04\clean_images\000000462031.jpg,D:\project CS\Faster-RCNN-COCO-Attack\source_data\attack_04\patched_images\000000462031.jpg,True,True,0.9997149109840393,0.9996949434280396,55.38789367675781,182.24839782714844,342.5785827636719,634.6473388671875,62.547752380371094,179.06927490234375,342.8359680175781,635.5559692382812,0.9529620783420134,0.9444046783960668,1.996755599975586e-05,0.00855739994594662,True,False
attack_04,464089,person,D:\project CS\Faster-RCNN-COCO-Attack\source_data\attack_04\clean_images\000000464089.jpg,D:\project CS\Faster-RCNN-COCO-Attack\source_data\attack_04\patched_images\000000464089.jpg,True,True,0.999718964099884,0.9997535347938538,324.9311218261719,108.44132232666016,485.5113220214844,435.5465393066406,324.3937683105469,110.90872955322266,485.6895751953125,436.2945861816406,0.9594600801390055,0.952443752678269,-3.457069396972656e-05,0.007016327460736549,True,False
attack_04,465129,person,D:\project CS\Faster-RCNN-COCO-Attack\source_data\attack_04\clean_images\000000465129.jpg,D:\project CS\Faster-RCNN-COCO-Attack\source_data\attack_04\patched_images\000000465129.jpg,True,True,0.9987753033638,0.9984007477760315,110.85581970214844,96.3542251586914,313.4941101074219,480.0000305175781,107.95396423339844,96.24322509765625,315.552734375,479.9280090332031,0.9513289763225025,0.9291260892598451,0.0003745555877685547,0.022202887062657384,True,False
attack_04,465822,person,D:\project CS\Faster-RCNN-COCO-Attack\source_data\attack_04\clean_images\000000465822.jpg,D:\project CS\Faster-RCNN-COCO-Attack\source_data\attack_04\patched_images\000000465822.jpg,True,True,0.9910025000572205,0.9924654960632324,54.813838958740234,97.99549102783203,224.00868225097656,272.19830322265625,53.05732345581055,101.79957580566406,226.8670196533203,274.3735656738281,0.7084601831999836,0.6794379758802538,-0.0014629960060119629,0.02902220731972982,True,False
attack_04,466156,car,D:\project CS\Faster-RCNN-COCO-Attack\source_data\attack_04\clean_images\000000466156.jpg,D:\project CS\Faster-RCNN-COCO-Attack\source_data\attack_04\patched_images\000000466156.jpg,True,True,0.7187098264694214,0.5609011650085449,3.7057387828826904,0.0,500.0,375.0,1.354425072669983,0.0,500.0,375.0,0.8738343269926698,0.8774769495758361,0.15780866146087646,-0.0036426225831662773,True,False
attack_04,469246,person,D:\project CS\Faster-RCNN-COCO-Attack\source_data\attack_04\clean_images\000000469246.jpg,D:\project CS\Faster-RCNN-COCO-Attack\source_data\attack_04\patched_images\000000469246.jpg,True,True,0.9974398612976074,0.9963988065719604,147.830810546875,233.46401977539062,180.321533203125,301.3403015136719,148.6344757080078,233.4795684814453,179.73133850097656,301.2491149902344,0.9401276084471719,0.9084047371990385,0.0010410547256469727,0.031722871248133444,True,False
attack_04,469828,person,D:\project CS\Faster-RCNN-COCO-Attack\source_data\attack_04\clean_images\000000469828.jpg,D:\project CS\Faster-RCNN-COCO-Attack\source_data\attack_04\patched_images\000000469828.jpg,True,True,0.9991133809089661,0.992506206035614,132.22691345214844,252.05052185058594,207.9836883544922,325.15228271484375,132.25990295410156,252.5888214111328,194.32666015625,325.73828125,0.9082423102853684,0.7355874219088424,0.006607174873352051,0.17265488837652598,True,False
attack_04,474164,car,D:\project CS\Faster-RCNN-COCO-Attack\source_data\attack_04\clean_images\000000474164.jpg,D:\project CS\Faster-RCNN-COCO-Attack\source_data\attack_04\patched_images\000000474164.jpg,True,True,0.9123814105987549,0.8469790816307068,37.51618194580078,377.40478515625,117.07910919189453,429.14947509765625,36.65116882324219,378.70111083984375,117.76763153076172,429.053955078125,0.8195739546774325,0.8524520740639866,0.0654023289680481,-0.03287811938655405,True,False
attack_04,474452,car,D:\project CS\Faster-RCNN-COCO-Attack\source_data\attack_04\clean_images\000000474452.jpg,D:\project CS\Faster-RCNN-COCO-Attack\source_data\attack_04\patched_images\000000474452.jpg,False,False,,,,,,,,,,,,,,,False,False
attack_04,476119,car,D:\project CS\Faster-RCNN-COCO-Attack\source_data\attack_04\clean_images\000000476119.jpg,D:\project CS\Faster-RCNN-COCO-Attack\source_data\attack_04\patched_images\000000476119.jpg,True,True,0.9994497895240784,0.9993268251419067,242.77882385253906,76.65155029296875,442.8441467285156,196.10862731933594,241.47178649902344,75.47660827636719,443.0665283203125,196.88388061523438,0.9703753893042003,0.9746319941731979,0.00012296438217163086,-0.004256604868997593,True,False
attack_04,476704,car,D:\project CS\Faster-RCNN-COCO-Attack\source_data\attack_04\clean_images\000000476704.jpg,D:\project CS\Faster-RCNN-COCO-Attack\source_data\attack_04\patched_images\000000476704.jpg,True,True,0.9758362174034119,0.8694274425506592,573.9464721679688,233.80108642578125,635.9674072265625,281.9844055175781,577.0717163085938,229.8388671875,636.6958618164062,267.71990966796875,0.8140756168656819,0.6679056161118248,0.10640877485275269,0.1461700007538571,True,False
attack_04,476770,person,D:\project CS\Faster-RCNN-COCO-Attack\source_data\attack_04\clean_images\000000476770.jpg,D:\project CS\Faster-RCNN-COCO-Attack\source_data\attack_04\patched_images\000000476770.jpg,False,False,,,,,,,,,,,,,,,False,False
attack_04,478721,car,D:\project CS\Faster-RCNN-COCO-Attack\source_data\attack_04\clean_images\000000478721.jpg,D:\project CS\Faster-RCNN-COCO-Attack\source_data\attack_04\patched_images\000000478721.jpg,True,True,0.966301441192627,0.9567602872848511,368.4789123535156,237.03622436523438,434.0003662109375,282.955078125,368.28564453125,237.18185424804688,433.8312683105469,285.18255615234375,0.925070226696643,0.9464591496198264,0.009541153907775879,-0.021388922923183395,True,False
attack_04,480275,person,D:\project CS\Faster-RCNN-COCO-Attack\source_data\attack_04\clean_images\000000480275.jpg,D:\project CS\Faster-RCNN-COCO-Attack\source_data\attack_04\patched_images\000000480275.jpg,False,False,,,,,,,,,,,,,,,False,False
attack_04,485480,person,D:\project CS\Faster-RCNN-COCO-Attack\source_data\attack_04\clean_images\000000485480.jpg,D:\project CS\Faster-RCNN-COCO-Attack\source_data\attack_04\patched_images\000000485480.jpg,True,True,0.9998000264167786,0.9999483823776245,269.7131652832031,47.95076370239258,434.2652893066406,212.66220092773438,268.82904052734375,52.69620132446289,436.50592041015625,212.7884979248047,0.9634549829807437,0.920296399064874,-0.00014835596084594727,0.043158583915869686,True,False
attack_04,488166,person,D:\project CS\Faster-RCNN-COCO-Attack\source_data\attack_04\clean_images\000000488166.jpg,D:\project CS\Faster-RCNN-COCO-Attack\source_data\attack_04\patched_images\000000488166.jpg,True,True,0.9979798197746277,0.9942605495452881,137.46031188964844,109.25416564941406,360.5152587890625,504.5715026855469,137.74916076660156,109.35648345947266,361.0,514.3053588867188,0.796387511475824,0.7765339544189437,0.0037192702293395996,0.0198535570568803,True,False
attack_04,489764,person,D:\project CS\Faster-RCNN-COCO-Attack\source_data\attack_04\clean_images\000000489764.jpg,D:\project CS\Faster-RCNN-COCO-Attack\source_data\attack_04\patched_images\000000489764.jpg,True,True,0.9974963068962097,0.9988206028938293,283.13067626953125,13.70387077331543,638.8558959960938,538.0,118.23859405517578,11.101750373840332,640.0,534.394775390625,0.6621536707054614,0.9575864084490626,-0.001324295997619629,-0.29543273774360124,True,False
attack_04,491213,car,D:\project CS\Faster-RCNN-COCO-Attack\source_data\attack_04\clean_images\000000491213.jpg,D:\project CS\Faster-RCNN-COCO-Attack\source_data\attack_04\patched_images\000000491213.jpg,True,True,0.6103187799453735,0.4839622676372528,62.41485595703125,85.9779281616211,308.1992492675781,248.3462677001953,60.97749710083008,82.06068420410156,309.8464660644531,247.03038024902344,0.9201332600316916,0.9492426917789388,0.12635651230812073,-0.029109431747247227,True,False
attack_04,493286,person,D:\project CS\Faster-RCNN-COCO-Attack\source_data\attack_04\clean_images\000000493286.jpg,D:\project CS\Faster-RCNN-COCO-Attack\source_data\attack_04\patched_images\000000493286.jpg,True,True,0.7788712978363037,0.9367521405220032,87.89608764648438,159.67539978027344,138.6441650390625,227.19137573242188,87.38701629638672,160.54835510253906,137.8436737060547,226.6673126220703,0.906029550093132,0.9240525319769786,-0.15788084268569946,-0.018022981883846545,True,False
attack_04,494759,person,D:\project CS\Faster-RCNN-COCO-Attack\source_data\attack_04\clean_images\000000494759.jpg,D:\project CS\Faster-RCNN-COCO-Attack\source_data\attack_04\patched_images\000000494759.jpg,True,True,0.9993712306022644,0.9998185038566589,517.0428466796875,262.83770751953125,564.7533569335938,394.0396423339844,516.9097290039062,263.04364013671875,564.8875122070312,394.85052490234375,0.9628551229796888,0.9688773871707385,-0.00044727325439453125,-0.0060222641910496755,True,False
attack_04,495146,car,D:\project CS\Faster-RCNN-COCO-Attack\source_data\attack_04\clean_images\000000495146.jpg,D:\project CS\Faster-RCNN-COCO-Attack\source_data\attack_04\patched_images\000000495146.jpg,True,True,0.9975927472114563,0.9975739121437073,226.1409149169922,372.48480224609375,440.56610107421875,480.0000305175781,226.2968292236328,373.26959228515625,441.832275390625,480.0000305175781,0.8874906787127028,0.8894111753625769,1.8835067749023438e-05,-0.0019204966498740372,True,False
attack_04,498709,car,D:\project CS\Faster-RCNN-COCO-Attack\source_data\attack_04\clean_images\000000498709.jpg,D:\project CS\Faster-RCNN-COCO-Attack\source_data\attack_04\patched_images\000000498709.jpg,True,False,0.9908156394958496,,23.994613647460938,152.37225341796875,102.56205749511719,246.265380859375,,,,,0.5185303906265917,,,,True,True
attack_04,499775,car,D:\project CS\Faster-RCNN-COCO-Attack\source_data\attack_04\clean_images\000000499775.jpg,D:\project CS\Faster-RCNN-COCO-Attack\source_data\attack_04\patched_images\000000499775.jpg,True,True,0.994784414768219,0.9977481961250305,520.1485595703125,318.83953857421875,635.470458984375,368.50799560546875,518.8641357421875,318.5897521972656,635.5808715820312,368.5113525390625,0.959615716469804,0.9761628350261853,-0.0029637813568115234,-0.016547118556381246,True,False
attack_04,504415,car,D:\project CS\Faster-RCNN-COCO-Attack\source_data\attack_04\clean_images\000000504415.jpg,D:\project CS\Faster-RCNN-COCO-Attack\source_data\attack_04\patched_images\000000504415.jpg,True,True,0.9961020946502686,0.9940274953842163,79.04237365722656,178.46067810058594,284.9158630371094,240.2536163330078,79.40646362304688,177.87677001953125,285.92510986328125,240.4521484375,0.9562187999199294,0.9561924217135891,0.002074599266052246,2.637820634032728e-05,True,False
attack_04,505789,person,D:\project CS\Faster-RCNN-COCO-Attack\source_data\attack_04\clean_images\000000505789.jpg,D:\project CS\Faster-RCNN-COCO-Attack\source_data\attack_04\patched_images\000000505789.jpg,True,True,0.9968956708908081,0.9954901337623596,176.56703186035156,380.1336669921875,290.3370666503906,638.1777954101562,179.2588348388672,376.39642333984375,289.578369140625,636.9574584960938,0.9064548662692199,0.9294505557529357,0.0014055371284484863,-0.022995689483715775,True,False
attack_04,505942,car,D:\project CS\Faster-RCNN-COCO-Attack\source_data\attack_04\clean_images\000000505942.jpg,D:\project CS\Faster-RCNN-COCO-Attack\source_data\attack_04\patched_images\000000505942.jpg,True,True,0.9077816605567932,0.8545230031013489,458.05609130859375,162.91400146484375,499.8175354003906,205.91082763671875,461.903564453125,160.20315551757812,499.7104187011719,203.16392517089844,0.9533147793490276,0.8274080997623231,0.053258657455444336,0.12590667958670454,True,False
attack_04,506707,car,D:\project CS\Faster-RCNN-COCO-Attack\source_data\attack_04\clean_images\000000506707.jpg,D:\project CS\Faster-RCNN-COCO-Attack\source_data\attack_04\patched_images\000000506707.jpg,True,True,0.5757731795310974,0.7168939113616943,143.33096313476562,155.52560424804688,274.8863830566406,277.4884338378906,172.65951538085938,156.6774139404297,278.7983093261719,277.1798095703125,0.7055446646473059,0.8656839573861203,-0.14112073183059692,-0.16013929273881433,True,False
attack_04,507473,person,D:\project CS\Faster-RCNN-COCO-Attack\source_data\attack_04\clean_images\000000507473.jpg,D:\project CS\Faster-RCNN-COCO-Attack\source_data\attack_04\patched_images\000000507473.jpg,True,True,0.9996871948242188,0.9997766613960266,33.53784942626953,7.603308200836182,427.1256408691406,477.5320129394531,34.5987663269043,8.22220516204834,430.4735107421875,480.0000305175781,0.9806224800246802,0.9662108180434695,-8.946657180786133e-05,0.014411661981210688,True,False
attack_04,507797,car,D:\project CS\Faster-RCNN-COCO-Attack\source_data\attack_04\clean_images\000000507797.jpg,D:\project CS\Faster-RCNN-COCO-Attack\source_data\attack_04\patched_images\000000507797.jpg,True,True,0.981313943862915,0.9524316191673279,195.69114685058594,177.27392578125,230.30564880371094,206.724365234375,205.21182250976562,179.61947631835938,230.63491821289062,206.9610137939453,0.9166237732521259,0.7173083299700588,0.028882324695587158,0.19931544328206707,True,False
attack_04,508101,person,D:\project CS\Faster-RCNN-COCO-Attack\source_data\attack_04\clean_images\000000508101.jpg,D:\project CS\Faster-RCNN-COCO-Attack\source_data\attack_04\patched_images\000000508101.jpg,True,False,0.8407516479492188,,72.56069946289062,247.21432495117188,139.0334930419922,301.4154052734375,,,,,0.7040976317209242,,,,True,True
attack_04,509403,person,D:\project CS\Faster-RCNN-COCO-Attack\source_data\attack_04\clean_images\000000509403.jpg,D:\project CS\Faster-RCNN-COCO-Attack\source_data\attack_04\patched_images\000000509403.jpg,True,True,0.9997734427452087,0.9997943043708801,362.86883544921875,59.5584716796875,480.584716796875,374.35748291015625,367.12109375,58.36346435546875,481.44500732421875,371.5878601074219,0.9751747984298145,0.9234759553773504,-2.086162567138672e-05,0.05169884305246408,True,False
attack_04,515025,car,D:\project CS\Faster-RCNN-COCO-Attack\source_data\attack_04\clean_images\000000515025.jpg,D:\project CS\Faster-RCNN-COCO-Attack\source_data\attack_04\patched_images\000000515025.jpg,True,True,0.9415636658668518,0.812366783618927,423.93603515625,116.61872100830078,516.0270385742188,157.28416442871094,424.83355712890625,114.53390502929688,518.686279296875,157.44586181640625,0.7740013368124932,0.8323848861805528,0.1291968822479248,-0.05838354936805967,True,False
attack_04,515266,car,D:\project CS\Faster-RCNN-COCO-Attack\source_data\attack_04\clean_images\000000515266.jpg,D:\project CS\Faster-RCNN-COCO-Attack\source_data\attack_04\patched_images\000000515266.jpg,True,True,0.9544885158538818,0.9531835317611694,593.813720703125,105.27296447753906,635.3101196289062,130.2605438232422,597.0008544921875,105.59744262695312,634.142333984375,130.2963104248047,0.8764536561489016,0.9107594153230398,0.0013049840927124023,-0.03430575917413825,True,False
attack_04,520009,car,D:\project CS\Faster-RCNN-COCO-Attack\source_data\attack_04\clean_images\000000520009.jpg,D:\project CS\Faster-RCNN-COCO-Attack\source_data\attack_04\patched_images\000000520009.jpg,True,True,0.9966623783111572,0.996629536151886,0.0,333.18914794921875,215.64418029785156,412.0,0.0,333.5696105957031,214.76480102539062,412.0,0.9819645135079933,0.9827335685391082,3.2842159271240234e-05,-0.0007690550311149069,True,False
attack_04,520264,person,D:\project CS\Faster-RCNN-COCO-Attack\source_data\attack_04\clean_images\000000520264.jpg,D:\project CS\Faster-RCNN-COCO-Attack\source_data\attack_04\patched_images\000000520264.jpg,True,True,0.9992302656173706,0.999087929725647,406.58746337890625,167.82766723632812,556.31640625,480.0000305175781,405.5003967285156,167.6641387939453,555.2445678710938,480.0000305175781,0.6601796558042217,0.6600177947120478,0.0001423358917236328,0.00016186109217386502,True,False
attack_04,523100,person,D:\project CS\Faster-RCNN-COCO-Attack\source_data\attack_04\clean_images\000000523100.jpg,D:\project CS\Faster-RCNN-COCO-Attack\source_data\attack_04\patched_images\000000523100.jpg,True,True,0.9958167672157288,0.9962335228919983,245.37355041503906,10.20519733428955,479.92010498046875,291.833740234375,247.2781982421875,9.575167655944824,476.6790466308594,275.99981689453125,0.8127737466989245,0.855240532230736,-0.00041675567626953125,-0.04246678553181149,True,False
attack_04,523241,car,D:\project CS\Faster-RCNN-COCO-Attack\source_data\attack_04\clean_images\000000523241.jpg,D:\project CS\Faster-RCNN-COCO-Attack\source_data\attack_04\patched_images\000000523241.jpg,True,True,0.9990087747573853,0.9991199374198914,364.0172119140625,203.42416381835938,478.5889892578125,235.27362060546875,364.13519287109375,203.54527282714844,478.3295593261719,235.90887451171875,0.9591281634704563,0.9735947115808051,-0.00011116266250610352,-0.014466548110348865,True,False
attack_04,526728,car,D:\project CS\Faster-RCNN-COCO-Attack\source_data\attack_04\clean_images\000000526728.jpg,D:\project CS\Faster-RCNN-COCO-Attack\source_data\attack_04\patched_images\000000526728.jpg,True,True,0.9978508949279785,0.988831102848053,389.25640869140625,172.02272033691406,453.634765625,197.41915893554688,387.6835021972656,171.54469299316406,452.9930114746094,197.58578491210938,0.9026990655478143,0.9158682580197935,0.009019792079925537,-0.01316919247197923,True,False
attack_04,527215,person,D:\project CS\Faster-RCNN-COCO-Attack\source_data\attack_04\clean_images\000000527215.jpg,D:\project CS\Faster-RCNN-COCO-Attack\source_data\attack_04\patched_images\000000527215.jpg,True,True,0.9996931552886963,0.9996652603149414,451.9359436035156,207.83131408691406,512.59619140625,394.31719970703125,453.29315185546875,207.7931671142578,512.309326171875,395.7041320800781,0.9769003893625008,0.9573298311311792,2.7894973754882812e-05,0.01957055823132159,True,False
attack_04,529762,person,D:\project CS\Faster-RCNN-COCO-Attack\source_data\attack_04\clean_images\000000529762.jpg,D:\project CS\Faster-RCNN-COCO-Attack\source_data\attack_04\patched_images\000000529762.jpg,True,True,0.9938068985939026,0.9925190210342407,198.13880920410156,57.510353088378906,634.572998046875,415.8755187988281,208.85577392578125,58.76926040649414,639.7439575195312,465.244140625,0.7830580039760602,0.9157158260611801,0.0012878775596618652,-0.1326578220851199,True,False
attack_04,537991,person,D:\project CS\Faster-RCNN-COCO-Attack\source_data\attack_04\clean_images\000000537991.jpg,D:\project CS\Faster-RCNN-COCO-Attack\source_data\attack_04\patched_images\000000537991.jpg,True,True,0.998728334903717,0.9985617995262146,89.804931640625,0.0,376.55096435546875,477.5249328613281,85.50973510742188,0.0,379.1568908691406,475.088623046875,0.9555054166309429,0.9378344768534076,0.0001665353775024414,0.01767093977753531,True,False
attack_04,538236,person,D:\project CS\Faster-RCNN-COCO-Attack\source_data\attack_04\clean_images\000000538236.jpg,D:\project CS\Faster-RCNN-COCO-Attack\source_data\attack_04\patched_images\000000538236.jpg,True,True,0.9899481534957886,0.9753863215446472,209.0733184814453,0.07796505093574524,286.91168212890625,79.82711791992188,207.24594116210938,1.2291179895401,285.71807861328125,83.19837951660156,0.9245733178741367,0.9422630230834889,0.014561831951141357,-0.017689705209352202,True,False
attack_04,538364,car,D:\project CS\Faster-RCNN-COCO-Attack\source_data\attack_04\clean_images\000000538364.jpg,D:\project CS\Faster-RCNN-COCO-Attack\source_data\attack_04\patched_images\000000538364.jpg,True,True,0.9928627610206604,0.9894915819168091,264.17919921875,137.427001953125,450.5067443847656,265.0478515625,264.0779724121094,138.3003692626953,450.44384765625,263.6072082519531,0.7007159089891873,0.7001682525991924,0.0033711791038513184,0.0005476563899949882,True,False
attack_04,542127,person,D:\project CS\Faster-RCNN-COCO-Attack\source_data\attack_04\clean_images\000000542127.jpg,D:\project CS\Faster-RCNN-COCO-Attack\source_data\attack_04\patched_images\000000542127.jpg,False,False,,,,,,,,,,,,,,,False,False
attack_04,543043,car,D:\project CS\Faster-RCNN-COCO-Attack\source_data\attack_04\clean_images\000000543043.jpg,D:\project CS\Faster-RCNN-COCO-Attack\source_data\attack_04\patched_images\000000543043.jpg,True,True,0.9977837204933167,0.9973310232162476,261.5691223144531,273.2764587402344,634.4822387695312,458.44232177734375,261.6405029296875,273.7860412597656,634.7324829101562,458.7290954589844,0.9691971554927618,0.9731443770627645,0.0004526972770690918,-0.0039472215700027125,True,False
attack_04,548780,person,D:\project CS\Faster-RCNN-COCO-Attack\source_data\attack_04\clean_images\000000548780.jpg,D:\project CS\Faster-RCNN-COCO-Attack\source_data\attack_04\patched_images\000000548780.jpg,True,True,0.9969781637191772,0.99440598487854,320.0528259277344,66.25973510742188,526.36083984375,357.8140563964844,318.5666198730469,67.67107391357422,529.0238647460938,365.5654602050781,0.89206335510124,0.916879074218824,0.002572178840637207,-0.024815719117583956,True,False
attack_04,553511,car,D:\project CS\Faster-RCNN-COCO-Attack\source_data\attack_04\clean_images\000000553511.jpg,D:\project CS\Faster-RCNN-COCO-Attack\source_data\attack_04\patched_images\000000553511.jpg,True,True,0.9943676590919495,0.9972301125526428,50.14475631713867,259.90826416015625,191.31878662109375,318.9791259765625,51.15707778930664,260.7390441894531,191.23687744140625,318.41180419921875,0.9743802882847713,0.9543922656016129,-0.0028624534606933594,0.019988022683158357,True,False
attack_04,553990,person,D:\project CS\Faster-RCNN-COCO-Attack\source_data\attack_04\clean_images\000000553990.jpg,D:\project CS\Faster-RCNN-COCO-Attack\source_data\attack_04\patched_images\000000553990.jpg,True,True,0.9987871050834656,0.9986492991447449,196.14166259765625,40.79057312011719,326.398681640625,193.64817810058594,192.99176025390625,39.710960388183594,327.493896484375,198.30804443359375,0.8985655987256982,0.9495018027429883,0.00013780593872070312,-0.050936204017290154,True,False
attack_04,554156,person,D:\project CS\Faster-RCNN-COCO-Attack\source_data\attack_04\clean_images\000000554156.jpg,D:\project CS\Faster-RCNN-COCO-Attack\source_data\attack_04\patched_images\000000554156.jpg,True,True,0.9997072815895081,0.9994069337844849,113.82513427734375,87.30518341064453,457.19903564453125,428.0000305175781,115.57335662841797,83.85297393798828,455.2040710449219,427.23089599609375,0.9696884751201553,0.9638225323270461,0.00030034780502319336,0.005865942793109258,True,False
attack_04,556000,person,D:\project CS\Faster-RCNN-COCO-Attack\source_data\attack_04\clean_images\000000556000.jpg,D:\project CS\Faster-RCNN-COCO-Attack\source_data\attack_04\patched_images\000000556000.jpg,True,True,0.9993289709091187,0.9992637038230896,447.2038879394531,107.58511352539062,633.5773315429688,511.2576599121094,447.24932861328125,107.27407836914062,634.7195434570312,511.3135986328125,0.9475633666671105,0.9429374181696903,6.526708602905273e-05,0.0046259484974201515,True,False
attack_04,559547,person,D:\project CS\Faster-RCNN-COCO-Attack\source_data\attack_04\clean_images\000000559547.jpg,D:\project CS\Faster-RCNN-COCO-Attack\source_data\attack_04\patched_images\000000559547.jpg,True,True,0.999356210231781,0.9991705417633057,2.0308375358581543,24.047487258911133,193.8452911376953,442.268310546875,1.920810341835022,24.114822387695312,194.8872528076172,440.45819091796875,0.8599288832760064,0.8614419692309888,0.0001856684684753418,-0.0015130859549824516,True,False
attack_04,559956,person,D:\project CS\Faster-RCNN-COCO-Attack\source_data\attack_04\clean_images\000000559956.jpg,D:\project CS\Faster-RCNN-COCO-Attack\source_data\attack_04\patched_images\000000559956.jpg,True,True,0.9983481168746948,0.9986553192138672,0.3699394762516022,65.15766143798828,227.84762573242188,476.9817199707031,0.0,74.72931671142578,235.7236785888672,476.60809326171875,0.9470568183023501,0.9602115568847926,-0.0003072023391723633,-0.013154738582442538,True,False
attack_04,561679,car,D:\project CS\Faster-RCNN-COCO-Attack\source_data\attack_04\clean_images\000000561679.jpg,D:\project CS\Faster-RCNN-COCO-Attack\source_data\attack_04\patched_images\000000561679.jpg,True,True,0.9534304141998291,0.941679060459137,245.419677734375,322.8412780761719,291.642578125,351.40704345703125,245.01759338378906,322.7149353027344,293.4981689453125,351.73663330078125,0.9011722893135192,0.8788539438302297,0.011751353740692139,0.02231834548328948,True,False
attack_04,563281,person,D:\project CS\Faster-RCNN-COCO-Attack\source_data\attack_04\clean_images\000000563281.jpg,D:\project CS\Faster-RCNN-COCO-Attack\source_data\attack_04\patched_images\000000563281.jpg,True,True,0.9975920915603638,0.9972569346427917,110.55203247070312,1.0158767700195312,284.35162353515625,497.0071105957031,95.97872924804688,1.011562466621399,268.904296875,494.7646789550781,0.8053547778785711,0.8130943267551818,0.0003351569175720215,-0.007739548876610658,True,False
attack_04,563653,car,D:\project CS\Faster-RCNN-COCO-Attack\source_data\attack_04\clean_images\000000563653.jpg,D:\project CS\Faster-RCNN-COCO-Attack\source_data\attack_04\patched_images\000000563653.jpg,True,True,0.9922163486480713,0.9951600432395935,517.83349609375,252.8434600830078,618.7059936523438,296.85357666015625,518.8954467773438,253.11070251464844,617.7510375976562,296.94683837890625,0.9499670925510435,0.9464800410994358,-0.002943694591522217,0.003487051451607659,True,False
attack_04,565962,person,D:\project CS\Faster-RCNN-COCO-Attack\source_data\attack_04\clean_images\000000565962.jpg,D:\project CS\Faster-RCNN-COCO-Attack\source_data\attack_04\patched_images\000000565962.jpg,False,False,,,,,,,,,,,,,,,False,False
attack_04,566758,car,D:\project CS\Faster-RCNN-COCO-Attack\source_data\attack_04\clean_images\000000566758.jpg,D:\project CS\Faster-RCNN-COCO-Attack\source_data\attack_04\patched_images\000000566758.jpg,True,True,0.913189172744751,0.3259289264678955,527.5750732421875,176.58677673339844,637.4129638671875,227.8273468017578,503.9100646972656,177.05551147460938,634.2418212890625,229.1808319091797,0.8360170526024095,0.6925996795877987,0.5872602462768555,0.14341737301461088,True,False
attack_04,567640,car,D:\project CS\Faster-RCNN-COCO-Attack\source_data\attack_04\clean_images\000000567640.jpg,D:\project CS\Faster-RCNN-COCO-Attack\source_data\attack_04\patched_images\000000567640.jpg,True,True,0.9035534262657166,0.6492515802383423,304.8172912597656,58.04734420776367,404.041748046875,130.9269561767578,304.2915344238281,57.975196838378906,404.9116516113281,131.5675811767578,0.9260226508885667,0.9304879026896453,0.25430184602737427,-0.004465251801078596,True,False
attack_04,568814,person,D:\project CS\Faster-RCNN-COCO-Attack\source_data\attack_04\clean_images\000000568814.jpg,D:\project CS\Faster-RCNN-COCO-Attack\source_data\attack_04\patched_images\000000568814.jpg,True,True,0.9988892674446106,0.999006450176239,80.91387939453125,5.22420597076416,639.7964477539062,354.5539855957031,90.6137466430664,6.850505828857422,634.8880004882812,352.8297119140625,0.8888247286695767,0.8876774099528915,-0.00011718273162841797,0.001147318716685275,True,False
attack_04,570471,person,D:\project CS\Faster-RCNN-COCO-Attack\source_data\attack_04\clean_images\000000570471.jpg,D:\project CS\Faster-RCNN-COCO-Attack\source_data\attack_04\patched_images\000000570471.jpg,True,True,0.9993662238121033,0.9951249957084656,51.08808517456055,0.0,375.0,486.8403625488281,66.12802124023438,0.0,372.06915283203125,493.9515686035156,0.9763752601989767,0.9356760291476971,0.004241228103637695,0.040699231051279594,True,False
attack_04,570756,person,D:\project CS\Faster-RCNN-COCO-Attack\source_data\attack_04\clean_images\000000570756.jpg,D:\project CS\Faster-RCNN-COCO-Attack\source_data\attack_04\patched_images\000000570756.jpg,False,False,,,,,,,,,,,,,,,False,False
attack_04,575243,car,D:\project CS\Faster-RCNN-COCO-Attack\source_data\attack_04\clean_images\000000575243.jpg,D:\project CS\Faster-RCNN-COCO-Attack\source_data\attack_04\patched_images\000000575243.jpg,True,True,0.9893584251403809,0.994954526424408,522.5450439453125,129.1732635498047,638.5193481445312,362.77899169921875,519.5274658203125,129.6818084716797,638.8668823242188,360.89190673828125,0.9678507430291649,0.9414581490722602,-0.0055961012840271,0.02639259395690463,True,False
attack_04,577976,car,D:\project CS\Faster-RCNN-COCO-Attack\source_data\attack_04\clean_images\000000577976.jpg,D:\project CS\Faster-RCNN-COCO-Attack\source_data\attack_04\patched_images\000000577976.jpg,True,True,0.945383608341217,0.8956443667411804,0.4323820173740387,274.8569030761719,103.15072631835938,309.071044921875,0.3205835819244385,275.29571533203125,100.26535034179688,308.4991455078125,0.9099802425915653,0.9132556758211345,0.04973924160003662,-0.0032754332295692468,True,False
